SchemaName,TableName,column_id,ColumnName,DataType,max_length,precision,scale,is_nullable,is_identity,is_computed,DefaultDefinition
----------,---------,---------,----------,--------,----------,---------,-----,-----------,-----------,-----------,-----------------
aap,AnnualAuditorAllocation,1,AnnualAuditorAllocationId,int,4,10,0,0,1,0,NULL
aap,AnnualAuditorAllocation,2,AnnualAuditResourceAllocationId,int,4,10,0,1,0,0,NULL
aap,AnnualAuditorAllocation,3,AssignManagerId,int,4,10,0,1,0,0,NULL
aap,AnnualAuditorAllocation,4,AnnualAuditPlanId,int,4,10,0,1,0,0,NULL
aap,AnnualAuditorAllocation,5,ProgrammeGroupId,int,4,10,0,1,0,0,NULL
aap,AnnualAuditorAllocation,6,ProgrammeId,int,4,10,0,1,0,0,NULL
aap,AnnualAuditorAllocation,7,SubProgrammeId,int,4,10,0,1,0,0,NULL
aap,AnnualAuditorAllocation,8,ProjectId,int,4,10,0,1,0,0,NULL
aap,AnnualAuditorAllocation,9,ProjectName,nvarchar,300,0,0,1,0,0,NULL
aap,AnnualAuditorAllocation,10,ZoneId,int,4,10,0,1,0,0,NULL
aap,AnnualAuditorAllocation,11,ZoneName,nvarchar,300,0,0,1,0,0,NULL
aap,AnnualAuditorAllocation,12,AuditTypeId,int,4,10,0,1,0,0,NULL
aap,AnnualAuditorAllocation,13,AuditTypeName,nvarchar,300,0,0,1,0,0,NULL
aap,AnnualAuditorAllocation,14,ReportTypeId,int,4,10,0,1,0,0,NULL
aap,AnnualAuditorAllocation,15,ReportTypeName,nvarchar,300,0,0,1,0,0,NULL
aap,AnnualAuditorAllocation,16,RiskTypeId,int,4,10,0,1,0,0,NULL
aap,AnnualAuditorAllocation,17,RiskTypeName,nvarchar,300,0,0,1,0,0,NULL
aap,AnnualAuditorAllocation,18,RiskTypeCode,nvarchar,300,0,0,1,0,0,NULL
aap,AnnualAuditorAllocation,19,ColorCode,nvarchar,300,0,0,1,0,0,NULL
aap,AnnualAuditorAllocation,20,AuditorSpot,int,4,10,0,1,0,0,NULL
aap,AnnualAuditorAllocation,21,AllocatedSpot,int,4,10,0,1,0,0,NULL
aap,AnnualAuditorAllocation,22,YearMandays,int,4,10,0,1,0,0,NULL
aap,AnnualAuditorAllocation,23,DoneSpot,int,4,10,0,1,0,0,NULL
aap,AnnualAuditorAllocation,24,LeftSpot,int,4,10,0,1,0,0,NULL
aap,AnnualAuditorAllocation,25,AppUserId,int,4,10,0,1,0,0,NULL
aap,AnnualAuditorAllocation,26,AuditorPin,nvarchar,300,0,0,1,0,0,NULL
aap,AnnualAuditorAllocation,27,AuditorName,nvarchar,300,0,0,1,0,0,NULL
aap,AnnualAuditorAllocation,28,AuditPlanYear,int,4,10,0,1,0,0,NULL
aap,AnnualAuditorAllocation,29,CreatedDate,datetime,8,23,3,1,0,0,NULL
aap,AnnualAuditorAllocation,30,IsDeleted,bit,1,1,0,1,0,0,((0))
aap,AnnualAuditorAllocation,31,ZoneDisplayOrder,int,4,10,0,1,0,0,NULL
aap,AnnualAuditPlan,1,AnnualAuditPlanId,int,4,10,0,0,1,0,NULL
aap,AnnualAuditPlan,2,AnnualAuditPlanYear,int,4,10,0,0,0,0,NULL
aap,AnnualAuditPlan,3,AuditPlanYears,varchar,15,0,0,1,0,0,NULL
aap,AnnualAuditPlan,4,AuditPlanFromDate,datetime,8,23,3,1,0,0,NULL
aap,AnnualAuditPlan,5,AuditPlanToDate,datetime,8,23,3,1,0,0,NULL
aap,AnnualAuditPlan,6,IsCurrent,bit,1,1,0,0,0,0,((0))
aap,AnnualAuditPlan,7,AnnualAuditPlanName,varchar,-1,0,0,1,0,0,NULL
aap,AnnualAuditPlan,8,ParentAnnualAuditPlanId,int,4,10,0,1,0,0,NULL
aap,AnnualAuditPlan,9,VersionCode,varchar,50,0,0,1,0,0,NULL
aap,AnnualAuditPlan,10,AnnualAuditPlanVersion,int,4,10,0,1,0,0,NULL
aap,AnnualAuditPlan,11,AnnualAuditPlanStageId,int,4,10,0,1,0,0,NULL
aap,AnnualAuditPlan,12,AssigneeName,nvarchar,500,0,0,1,0,0,NULL
aap,AnnualAuditPlan,13,AssigneePin,nvarchar,100,0,0,1,0,0,NULL
aap,AnnualAuditPlan,14,IsActive,bit,1,1,0,0,0,0,NULL
aap,AnnualAuditPlan,15,AuditPlannerId,int,4,10,0,1,0,0,NULL
aap,AnnualAuditPlan,16,RecommandedBy,int,4,10,0,1,0,0,NULL
aap,AnnualAuditPlan,17,RecommandedDate,datetime,8,23,3,1,0,0,NULL
aap,AnnualAuditPlan,18,ApprovedBy,int,4,10,0,1,0,0,NULL
aap,AnnualAuditPlan,19,ApprovedDate,datetime,8,23,3,1,0,0,NULL
aap,AnnualAuditPlan,20,CreatedBy,int,4,10,0,1,0,0,NULL
aap,AnnualAuditPlan,21,CreatedDate,datetime,8,23,3,1,0,0,NULL
aap,AnnualAuditPlan,22,UpdatedBy,int,4,10,0,1,0,0,NULL
aap,AnnualAuditPlan,23,UpdatedDate,datetime,8,23,3,1,0,0,NULL
aap,AnnualAuditPlan,24,IsDeleted,bit,1,1,0,1,0,0,NULL
aap,AnnualAuditPlan,25,DeletedBy,int,4,10,0,1,0,0,NULL
aap,AnnualAuditPlan,26,DeletedDate,datetime,8,23,3,1,0,0,NULL
aap,AnnualAuditPlan,27,DeleteReason,nvarchar,1000,0,0,1,0,0,NULL
aap,AnnualAuditPlan,28,AuditPlanStatusId,int,4,10,0,1,0,0,NULL
aap,AnnualAuditPlan,29,WorkflowProcessDetailId,int,4,10,0,1,0,0,NULL
aap,AnnualAuditPlanCapacity,1,AnnualAuditPlanCapacityId,int,4,10,0,0,1,0,NULL
aap,AnnualAuditPlanCapacity,2,AnnualAuditPlanId,int,4,10,0,0,0,0,NULL
aap,AnnualAuditPlanCapacity,3,FieldVisitResource,int,4,10,0,1,0,0,NULL
aap,AnnualAuditPlanCapacity,4,FieldVisitPersonDay,int,4,10,0,1,0,0,NULL
aap,AnnualAuditPlanCapacity,5,FieldVisitPercent,int,4,10,0,1,0,0,NULL
aap,AnnualAuditPlanCapacity,6,ReportWritingResource,int,4,10,0,1,0,0,NULL
aap,AnnualAuditPlanCapacity,7,ReportWritingPersonDay,int,4,10,0,1,0,0,NULL
aap,AnnualAuditPlanCapacity,8,ReportWritingPercent,int,4,10,0,1,0,0,NULL
aap,AnnualAuditPlanCapacity,9,IsActive,bit,1,1,0,1,0,0,NULL
aap,AnnualAuditPlanCapacity,10,CreatedBy,int,4,10,0,1,0,0,NULL
aap,AnnualAuditPlanCapacity,11,CreatedDate,datetime,8,23,3,1,0,0,NULL
aap,AnnualAuditPlanCapacity,12,UpdatedBy,int,4,10,0,1,0,0,NULL
aap,AnnualAuditPlanCapacity,13,UpdatedDate,datetime,8,23,3,1,0,0,NULL
aap,AnnualAuditPlanCapacity,14,IsDeleted,bit,1,1,0,1,0,0,NULL
aap,AnnualAuditPlanCapacity,15,DeletedBy,int,4,10,0,1,0,0,NULL
aap,AnnualAuditPlanCapacity,16,DeletedDate,datetime,8,23,3,1,0,0,NULL
aap,AnnualAuditPlanCapacity,17,DeleteReason,nvarchar,1000,0,0,1,0,0,NULL
aap,AnnualAuditPlanGroup,1,AnnualAuditPlanGroupId,int,4,10,0,0,1,0,NULL
aap,AnnualAuditPlanGroup,2,AnnualAuditPlanId,int,4,10,0,0,0,0,NULL
aap,AnnualAuditPlanGroup,3,ProgrammeGroupId,int,4,10,0,0,0,0,NULL
aap,AnnualAuditPlanGroup,4,CreatedBy,int,4,10,0,1,0,0,NULL
aap,AnnualAuditPlanGroup,5,CreatedDate,datetime,8,23,3,1,0,0,NULL
aap,AnnualAuditPlanGroup,6,UpdatedBy,int,4,10,0,1,0,0,NULL
aap,AnnualAuditPlanGroup,7,UpdatedDate,datetime,8,23,3,1,0,0,NULL
aap,AnnualAuditPlanGroup,8,IsDeleted,bit,1,1,0,1,0,0,NULL
aap,AnnualAuditPlanGroup,9,DeletedBy,int,4,10,0,1,0,0,NULL
aap,AnnualAuditPlanGroup,10,DeletedDate,datetime,8,23,3,1,0,0,NULL
aap,AnnualAuditPlanGroup,11,DeleteReason,nvarchar,1000,0,0,1,0,0,NULL
aap,AnnualAuditPlanGroup,12,AuditPlanStatusId,int,4,10,0,1,0,0,NULL
aap,AnnualAuditPlanGroup,13,WorkflowProcessDetailId,int,4,10,0,1,0,0,NULL
aap,AnnualAuditPlanGroup,14,AnnualAuditPlanStageId,int,4,10,0,1,0,0,NULL
aap,AnnualAuditPlanStage,1,AnnualAuditPlanStageId,int,4,10,0,0,0,0,NULL
aap,AnnualAuditPlanStage,2,AnnualAuditPlanStatusId,int,4,10,0,0,0,0,NULL
aap,AnnualAuditPlanStage,3,StageName,varchar,75,0,0,0,0,0,NULL
aap,AnnualAuditPlanStage,4,IsActive,bit,1,1,0,0,0,0,NULL
aap,AnnualAuditPlanStage,5,IsDeleted,bit,1,1,0,1,0,0,NULL
aap,AnnualAuditPlanStage,6,DeletedBy,int,4,10,0,1,0,0,NULL
aap,AnnualAuditPlanStage,7,DeletedDate,datetime,8,23,3,1,0,0,NULL
aap,AnnualAuditPlanStatus,1,AnnualAuditPlanStatusId,int,4,10,0,0,0,0,NULL
aap,AnnualAuditPlanStatus,2,StatusName,varchar,100,0,0,1,0,0,NULL
aap,AnnualAuditPlanStatus,3,IsActive,bit,1,1,0,1,0,0,NULL
aap,AnnualAuditPlanStatus,4,IsDeleted,bit,1,1,0,1,0,0,NULL
aap,AnnualAuditPlanStatus,5,DeletedBy,int,4,10,0,1,0,0,NULL
aap,AnnualAuditPlanStatus,6,DeletedDate,datetime,8,23,3,1,0,0,NULL
aap,AnnualAuditResourceAllocation,1,AnnualAuditResourceAllocationId,int,4,10,0,0,1,0,NULL
aap,AnnualAuditResourceAllocation,2,AnnualAuditPlanId,int,4,10,0,0,0,0,NULL
aap,AnnualAuditResourceAllocation,3,AuditPlanYear,int,4,10,0,0,0,0,NULL
aap,AnnualAuditResourceAllocation,4,ProgrammeGroupId,int,4,10,0,1,0,0,NULL
aap,AnnualAuditResourceAllocation,5,ProgrammeId,int,4,10,0,1,0,0,NULL
aap,AnnualAuditResourceAllocation,6,SubProgrammeId,int,4,10,0,1,0,0,NULL
aap,AnnualAuditResourceAllocation,7,ProjectId,int,4,10,0,1,0,0,NULL
aap,AnnualAuditResourceAllocation,8,AuditCategoryId,int,4,10,0,1,0,0,NULL
aap,AnnualAuditResourceAllocation,9,AuditTypeId,int,4,10,0,1,0,0,NULL
aap,AnnualAuditResourceAllocation,10,ReportTypeId,int,4,10,0,1,0,0,NULL
aap,AnnualAuditResourceAllocation,11,RiskTypeId,int,4,10,0,1,0,0,NULL
aap,AnnualAuditResourceAllocation,12,ZoneId,int,4,10,0,1,0,0,NULL
aap,AnnualAuditResourceAllocation,13,AssignManagerId,int,4,10,0,1,0,0,NULL
aap,AnnualAuditResourceAllocation,14,CYTotalSpot,int,4,10,0,1,0,0,NULL
aap,AnnualAuditResourceAllocation,15,CYTargetedSpot,int,4,10,0,1,0,0,NULL
aap,AnnualAuditResourceAllocation,16,AllocatedSpot,int,4,10,0,1,0,0,NULL
aap,AnnualAuditResourceAllocation,17,Personnel,int,4,10,0,1,0,0,NULL
aap,AnnualAuditResourceAllocation,18,CreateBy,int,4,10,0,1,0,0,NULL
aap,AnnualAuditResourceAllocation,19,CreateDate,datetime,8,23,3,1,0,0,NULL
aap,AnnualAuditResourceAllocation,20,UpdatedBy,int,4,10,0,1,0,0,NULL
aap,AnnualAuditResourceAllocation,21,UpdatedDate,datetime,8,23,3,1,0,0,NULL
aap,AnnualAuditResourceAllocation,22,IsDeleted,bit,1,1,0,1,0,0,NULL
aap,AnnualAuditResourceAllocation,23,DeletedBy,int,4,10,0,1,0,0,NULL
aap,AnnualAuditResourceAllocation,24,DeletedDate,datetime,8,23,3,1,0,0,NULL
aap,AnnualAuditResourceAllocation,25,DeletedReson,varchar,500,0,0,1,0,0,NULL
aap,AnnualAuditTargetNonRiskBase,1,AnnualAuditTargetNonRiskBaseId,int,4,10,0,0,1,0,NULL
aap,AnnualAuditTargetNonRiskBase,2,AnnualAuditPlanId,int,4,10,0,0,0,0,NULL
aap,AnnualAuditTargetNonRiskBase,3,AnnualAuditPlanYear,int,4,10,0,0,0,0,NULL
aap,AnnualAuditTargetNonRiskBase,4,ProgrammeGroupId,int,4,10,0,1,0,0,NULL
aap,AnnualAuditTargetNonRiskBase,5,ProgrammeId,int,4,10,0,1,0,0,NULL
aap,AnnualAuditTargetNonRiskBase,6,SubProgrammeId,int,4,10,0,1,0,0,NULL
aap,AnnualAuditTargetNonRiskBase,7,ProjectId,int,4,10,0,0,0,0,NULL
aap,AnnualAuditTargetNonRiskBase,8,AuditCategoryId,int,4,10,0,1,0,0,NULL
aap,AnnualAuditTargetNonRiskBase,9,AuditTypeId,int,4,10,0,1,0,0,NULL
aap,AnnualAuditTargetNonRiskBase,10,TotalSpotPY,int,4,10,0,1,0,0,NULL
aap,AnnualAuditTargetNonRiskBase,11,TargetedSpotPY,int,4,10,0,1,0,0,NULL
aap,AnnualAuditTargetNonRiskBase,12,AchivedSpotPY,int,4,10,0,1,0,0,NULL
aap,AnnualAuditTargetNonRiskBase,13,SystemSpotCY,int,4,10,0,1,0,0,NULL
aap,AnnualAuditTargetNonRiskBase,14,ProgrammeSpotCY,int,4,10,0,1,0,0,NULL
aap,AnnualAuditTargetNonRiskBase,15,DeviationSpotCY,int,4,10,0,1,0,0,NULL
aap,AnnualAuditTargetNonRiskBase,16,TargetedSpotCY,int,4,10,0,1,0,0,NULL
aap,AnnualAuditTargetNonRiskBase,17,AchivedSpotCY,int,4,10,0,1,0,0,NULL
aap,AnnualAuditTargetNonRiskBase,18,ExpexctedWeightCY,int,4,10,0,1,0,0,NULL
aap,AnnualAuditTargetNonRiskBase,19,IsActive,bit,1,1,0,0,0,0,NULL
aap,AnnualAuditTargetNonRiskBase,20,VersionNo,int,4,10,0,1,0,0,NULL
aap,AnnualAuditTargetNonRiskBase,21,VersionCode,varchar,15,0,0,1,0,0,NULL
aap,AnnualAuditTargetNonRiskBase,22,CreatedBy,int,4,10,0,1,0,0,NULL
aap,AnnualAuditTargetNonRiskBase,23,CreatedDate,datetime,8,23,3,1,0,0,NULL
aap,AnnualAuditTargetNonRiskBase,24,UpdatedBy,int,4,10,0,1,0,0,NULL
aap,AnnualAuditTargetNonRiskBase,25,UpdatedDate,datetime,8,23,3,1,0,0,NULL
aap,AnnualAuditTargetNonRiskBase,26,IsDeleted,bit,1,1,0,1,0,0,NULL
aap,AnnualAuditTargetNonRiskBase,27,DeletedBy,int,4,10,0,1,0,0,NULL
aap,AnnualAuditTargetNonRiskBase,28,DeletedDate,datetime,8,23,3,1,0,0,NULL
aap,AnnualAuditTargetNonRiskBase,29,DeleteReason,nvarchar,1000,0,0,1,0,0,NULL
aap,AnnualAuditTargetRiskBase,1,AnnualAuditTargetRiskBaseId,int,4,10,0,0,1,0,NULL
aap,AnnualAuditTargetRiskBase,2,AnnualAuditPlanId,int,4,10,0,0,0,0,NULL
aap,AnnualAuditTargetRiskBase,3,AnnualAuditPlanYear,int,4,10,0,0,0,0,NULL
aap,AnnualAuditTargetRiskBase,4,ProgrammeGroupId,int,4,10,0,1,0,0,NULL
aap,AnnualAuditTargetRiskBase,5,ProgrammeId,int,4,10,0,1,0,0,NULL
aap,AnnualAuditTargetRiskBase,6,SubProgrammeId,int,4,10,0,1,0,0,NULL
aap,AnnualAuditTargetRiskBase,7,ProjectId,int,4,10,0,0,0,0,NULL
aap,AnnualAuditTargetRiskBase,8,AuditCategoryId,int,4,10,0,1,0,0,NULL
aap,AnnualAuditTargetRiskBase,9,AuditTypeId,int,4,10,0,1,0,0,NULL
aap,AnnualAuditTargetRiskBase,10,ReportTypeId,int,4,10,0,1,0,0,NULL
aap,AnnualAuditTargetRiskBase,11,RiskTypeId,int,4,10,0,1,0,0,NULL
aap,AnnualAuditTargetRiskBase,12,TotalSpotPY,int,4,10,0,1,0,0,NULL
aap,AnnualAuditTargetRiskBase,13,TargetedSpotPY,int,4,10,0,1,0,0,NULL
aap,AnnualAuditTargetRiskBase,14,AchivedSpotPY,int,4,10,0,1,0,0,NULL
aap,AnnualAuditTargetRiskBase,15,SystemSpotCY,int,4,10,0,1,0,0,NULL
aap,AnnualAuditTargetRiskBase,16,ProgrammeSpotCY,int,4,10,0,1,0,0,NULL
aap,AnnualAuditTargetRiskBase,17,DeviationSpotCY,int,4,10,0,1,0,0,NULL
aap,AnnualAuditTargetRiskBase,18,TargetedSpotCY,int,4,10,0,1,0,0,NULL
aap,AnnualAuditTargetRiskBase,19,AchivedSpotCY,int,4,10,0,1,0,0,NULL
aap,AnnualAuditTargetRiskBase,20,ExpexctedWeightCY,int,4,10,0,1,0,0,NULL
aap,AnnualAuditTargetRiskBase,21,IsActive,bit,1,1,0,0,0,0,NULL
aap,AnnualAuditTargetRiskBase,22,VersionNo,int,4,10,0,1,0,0,NULL
aap,AnnualAuditTargetRiskBase,23,VersionCode,varchar,10,0,0,1,0,0,NULL
aap,AnnualAuditTargetRiskBase,24,CreatedBy,int,4,10,0,1,0,0,NULL
aap,AnnualAuditTargetRiskBase,25,CreatedDate,datetime,8,23,3,1,0,0,NULL
aap,AnnualAuditTargetRiskBase,26,UpdatedBy,int,4,10,0,1,0,0,NULL
aap,AnnualAuditTargetRiskBase,27,UpdatedDate,datetime,8,23,3,1,0,0,NULL
aap,AnnualAuditTargetRiskBase,28,IsDeleted,bit,1,1,0,1,0,0,NULL
aap,AnnualAuditTargetRiskBase,29,DeletedBy,int,4,10,0,1,0,0,NULL
aap,AnnualAuditTargetRiskBase,30,DeletedDate,datetime,8,23,3,1,0,0,NULL
aap,AnnualAuditTargetRiskBase,31,DeleteReason,nvarchar,1000,0,0,1,0,0,NULL
aap,AnnualAuditTimeAllocationNonRiskBase,1,AnnualAuditTimeAllocationNonRiskBaseId,int,4,10,0,0,1,0,NULL
aap,AnnualAuditTimeAllocationNonRiskBase,2,AnnualAuditPlanId,int,4,10,0,0,0,0,NULL
aap,AnnualAuditTimeAllocationNonRiskBase,3,AnnualAuditPlanYear,int,4,10,0,0,0,0,NULL
aap,AnnualAuditTimeAllocationNonRiskBase,4,ProgrammeGroupId,int,4,10,0,1,0,0,NULL
aap,AnnualAuditTimeAllocationNonRiskBase,5,ProgrammeId,int,4,10,0,1,0,0,NULL
aap,AnnualAuditTimeAllocationNonRiskBase,6,SubProgrammeId,int,4,10,0,1,0,0,NULL
aap,AnnualAuditTimeAllocationNonRiskBase,7,ProjectId,int,4,10,0,0,0,0,NULL
aap,AnnualAuditTimeAllocationNonRiskBase,8,AuditCategoryId,int,4,10,0,1,0,0,NULL
aap,AnnualAuditTimeAllocationNonRiskBase,9,AuditTypeId,int,4,10,0,1,0,0,NULL
aap,AnnualAuditTimeAllocationNonRiskBase,10,ReportTypeId,int,4,10,0,1,0,0,NULL
aap,AnnualAuditTimeAllocationNonRiskBase,11,RiskTypeId,int,4,10,0,1,0,0,NULL
aap,AnnualAuditTimeAllocationNonRiskBase,12,FieldVisitResource,int,4,10,0,1,0,0,NULL
aap,AnnualAuditTimeAllocationNonRiskBase,13,FieldVisitDays,int,4,10,0,1,0,0,NULL
aap,AnnualAuditTimeAllocationNonRiskBase,14,FieldVisitPersonDays,int,4,10,0,1,0,0,NULL
aap,AnnualAuditTimeAllocationNonRiskBase,15,ReportWriteResource,int,4,10,0,1,0,0,NULL
aap,AnnualAuditTimeAllocationNonRiskBase,16,ReportWriteDay,int,4,10,0,1,0,0,NULL
aap,AnnualAuditTimeAllocationNonRiskBase,17,ReportWritePersonDays,int,4,10,0,1,0,0,NULL
aap,AnnualAuditTimeAllocationNonRiskBase,18,PersonDays,int,4,10,0,1,0,0,NULL
aap,AnnualAuditTimeAllocationNonRiskBase,19,IsActive,bit,1,1,0,0,0,0,NULL
aap,AnnualAuditTimeAllocationNonRiskBase,20,CreateBy,int,4,10,0,1,0,0,NULL
aap,AnnualAuditTimeAllocationNonRiskBase,21,CreateDate,datetime,8,23,3,1,0,0,NULL
aap,AnnualAuditTimeAllocationNonRiskBase,22,ModifyBy,int,4,10,0,1,0,0,NULL
aap,AnnualAuditTimeAllocationNonRiskBase,23,ModifyDate,datetime,8,23,3,1,0,0,NULL
aap,AnnualAuditTimeAllocationNonRiskBase,24,IsDeleted,bit,1,1,0,1,0,0,NULL
aap,AnnualAuditTimeAllocationNonRiskBase,25,DeletedBy,int,4,10,0,1,0,0,NULL
aap,AnnualAuditTimeAllocationNonRiskBase,26,DeletedOn,datetime,8,23,3,1,0,0,NULL
aap,AnnualAuditTimeAllocationRiskBase,1,AnnualAuditTimeAllocationRiskBaseId,int,4,10,0,0,1,0,NULL
aap,AnnualAuditTimeAllocationRiskBase,2,AnnualAuditPlanId,int,4,10,0,0,0,0,NULL
aap,AnnualAuditTimeAllocationRiskBase,3,AnnualAuditPlanYear,int,4,10,0,0,0,0,NULL
aap,AnnualAuditTimeAllocationRiskBase,4,ProgrammeGroupId,int,4,10,0,1,0,0,NULL
aap,AnnualAuditTimeAllocationRiskBase,5,ProgrammeId,int,4,10,0,1,0,0,NULL
aap,AnnualAuditTimeAllocationRiskBase,6,SubProgrammeId,int,4,10,0,1,0,0,NULL
aap,AnnualAuditTimeAllocationRiskBase,7,ProjectId,int,4,10,0,0,0,0,NULL
aap,AnnualAuditTimeAllocationRiskBase,8,AuditCategoryId,int,4,10,0,1,0,0,NULL
aap,AnnualAuditTimeAllocationRiskBase,9,AuditTypeId,int,4,10,0,1,0,0,NULL
aap,AnnualAuditTimeAllocationRiskBase,10,ReportTypeId,int,4,10,0,1,0,0,NULL
aap,AnnualAuditTimeAllocationRiskBase,11,RiskTypeId,int,4,10,0,1,0,0,NULL
aap,AnnualAuditTimeAllocationRiskBase,12,FieldVisitResource,int,4,10,0,1,0,0,NULL
aap,AnnualAuditTimeAllocationRiskBase,13,FieldVisitDays,int,4,10,0,1,0,0,NULL
aap,AnnualAuditTimeAllocationRiskBase,14,FieldVisitPersonDays,int,4,10,0,1,0,0,NULL
aap,AnnualAuditTimeAllocationRiskBase,15,ReportWriteResource,int,4,10,0,1,0,0,NULL
aap,AnnualAuditTimeAllocationRiskBase,16,ReportWriteDay,int,4,10,0,1,0,0,NULL
aap,AnnualAuditTimeAllocationRiskBase,17,ReportWritePersonDays,int,4,10,0,1,0,0,NULL
aap,AnnualAuditTimeAllocationRiskBase,18,PersonDays,int,4,10,0,1,0,0,NULL
aap,AnnualAuditTimeAllocationRiskBase,19,IsActive,bit,1,1,0,0,0,0,NULL
aap,AnnualAuditTimeAllocationRiskBase,20,CreateBy,int,4,10,0,1,0,0,NULL
aap,AnnualAuditTimeAllocationRiskBase,21,CreateDate,datetime,8,23,3,1,0,0,NULL
aap,AnnualAuditTimeAllocationRiskBase,22,ModifyBy,int,4,10,0,1,0,0,NULL
aap,AnnualAuditTimeAllocationRiskBase,23,ModifyDate,datetime,8,23,3,1,0,0,NULL
aap,AnnualAuditTimeAllocationRiskBase,24,IsDeleted,bit,1,1,0,1,0,0,NULL
aap,AnnualAuditTimeAllocationRiskBase,25,DeletedBy,int,4,10,0,1,0,0,NULL
aap,AnnualAuditTimeAllocationRiskBase,26,DeletedOn,datetime,8,23,3,1,0,0,NULL
aap,AuditCapacityPlan,1,AuditCapacityPlanId,int,4,10,0,0,1,0,NULL
aap,AuditCapacityPlan,2,AnualAuditPlanId,int,4,10,0,0,0,0,NULL
aap,AuditCapacityPlan,3,AuditPlanYear,int,4,10,0,0,0,0,NULL
aap,AuditCapacityPlan,4,FieldVisitResource,int,4,10,0,1,0,0,NULL
aap,AuditCapacityPlan,5,FieldVisitPersonDay,int,4,10,0,1,0,0,NULL
aap,AuditCapacityPlan,6,FieldVisitPercent,int,4,10,0,1,0,0,NULL
aap,AuditCapacityPlan,7,FieldVisitCapacity,int,4,10,0,1,0,0,NULL
aap,AuditCapacityPlan,8,FieldVisitCapacityActual,int,4,10,0,1,0,0,NULL
aap,AuditCapacityPlan,9,ReportWritingResource,int,4,10,0,1,0,0,NULL
aap,AuditCapacityPlan,10,ReportWritingPersonDay,int,4,10,0,1,0,0,NULL
aap,AuditCapacityPlan,11,ReportWritingPercent,int,4,10,0,1,0,0,NULL
aap,AuditCapacityPlan,12,ReportWritingCapacity,int,4,10,0,1,0,0,NULL
aap,AuditCapacityPlan,13,ReportWritingCingpacityActual,int,4,10,0,1,0,0,NULL
aap,AuditCapacityPlan,14,TotalCapacity,int,4,10,0,1,0,0,NULL
aap,AuditCapacityPlan,15,AuditPlanStatusId,int,4,10,0,1,0,0,NULL
aap,AuditCapacityPlan,16,AuditPlanStatusName,varchar,100,0,0,1,0,0,NULL
aap,AuditCapacityPlan,17,IsActive,bit,1,1,0,1,0,0,NULL
aap,AuditCapacityPlan,18,CreatedBy,int,4,10,0,1,0,0,NULL
aap,AuditCapacityPlan,19,CreatedDate,datetime,8,23,3,1,0,0,NULL
aap,AuditCapacityPlan,20,UpdatedBy,int,4,10,0,1,0,0,NULL
aap,AuditCapacityPlan,21,UpdatedDate,datetime,8,23,3,1,0,0,NULL
aap,AuditCapacityPlan,22,IsDeleted,bit,1,1,0,1,0,0,NULL
aap,AuditCapacityPlan,23,DeletedBy,int,4,10,0,1,0,0,NULL
aap,AuditCapacityPlan,24,DeletedDate,datetime,8,23,3,1,0,0,NULL
aap,AuditCapacityPlan,25,DeleteReason,nvarchar,1000,0,0,1,0,0,NULL
aap,AuditPlanManager,1,AuditPlanUserId,int,4,10,0,0,1,0,NULL
aap,AuditPlanManager,2,AnnualAuditPlanId,int,4,10,0,0,0,0,NULL
aap,AuditPlanManager,3,AppUserId,int,4,10,0,0,0,0,NULL
aap,AuditPlanManager,4,PIN,nvarchar,40,0,0,1,0,0,NULL
aap,AuditPlanManager,5,FullName,nvarchar,300,0,0,1,0,0,NULL
aap,AuditPlanManager,6,IsActive,bit,1,1,0,0,0,0,NULL
aap,AuditPlanManager,7,CreatedBy,int,4,10,0,1,0,0,NULL
aap,AuditPlanManager,8,CreatedDate,datetime,8,23,3,1,0,0,NULL
aap,AuditPlanManager,9,UpdatedBy,int,4,10,0,1,0,0,NULL
aap,AuditPlanManager,10,UpdatedDate,datetime,8,23,3,1,0,0,NULL
aap,AuditPlanManager,11,IsDeleted,bit,1,1,0,1,0,0,NULL
aap,AuditPlanManager,12,DeletedBy,int,4,10,0,1,0,0,NULL
aap,AuditPlanManager,13,DeletedDate,datetime,8,23,3,1,0,0,NULL
aap,AuditPlanManager,14,DeleteReason,nvarchar,1000,0,0,1,0,0,NULL
aap,AuditPlanManager,15,EmailAddress,nvarchar,100,0,0,1,0,0,NULL
aap,AuditPlanParameter,1,SettingsId,int,4,10,0,0,0,0,NULL
aap,AuditPlanParameter,2,CalendarYear,int,4,10,0,0,0,0,NULL
aap,AuditPlanParameter,3,AuditPlanYear,int,4,10,0,0,0,0,NULL
aap,AuditPlanParameter,4,IsDeleted,bit,1,1,0,1,0,0,NULL
aap,AuditPlanParameter,5,DeletedBy,int,4,10,0,1,0,0,NULL
aap,AuditPlanParameter,6,DeletedDate,datetime,8,23,3,1,0,0,NULL
aap,AuditPlanStatus,1,AuditPlanStatusId,int,4,10,0,0,0,0,NULL
aap,AuditPlanStatus,2,AuditPlanStatusName,varchar,100,0,0,1,0,0,NULL
aap,AuditPlanStatus,3,IsActive,bit,1,1,0,1,0,0,NULL
aap,AuditPlanStatus,4,IsDeleted,bit,1,1,0,1,0,0,NULL
aap,AuditPlanStatus,5,DeletedBy,int,4,10,0,1,0,0,NULL
aap,AuditPlanStatus,6,DeletedDate,datetime,8,23,3,1,0,0,NULL
aap,AuditResourceAllocationNonRiskBase,1,AuditResourceAllocationId,int,4,10,0,0,1,0,NULL
aap,AuditResourceAllocationNonRiskBase,2,AnualAuditPlanId,int,4,10,0,0,0,0,NULL
aap,AuditResourceAllocationNonRiskBase,3,AuditPlanYear,int,4,10,0,0,0,0,NULL
aap,AuditResourceAllocationNonRiskBase,4,ProjectId,int,4,10,0,1,0,0,NULL
aap,AuditResourceAllocationNonRiskBase,5,AuditCategoryId,int,4,10,0,1,0,0,NULL
aap,AuditResourceAllocationNonRiskBase,6,AuditTypeId,int,4,10,0,1,0,0,NULL
aap,AuditResourceAllocationNonRiskBase,7,RiskTypeId,int,4,10,0,1,0,0,NULL
aap,AuditResourceAllocationNonRiskBase,8,ZoneId,int,4,10,0,1,0,0,NULL
aap,AuditResourceAllocationNonRiskBase,9,CYTotalSpot,int,4,10,0,1,0,0,NULL
aap,AuditResourceAllocationNonRiskBase,10,CYTargetedSpot,int,4,10,0,1,0,0,NULL
aap,AuditResourceAllocationNonRiskBase,11,AllocatedSpot,int,4,10,0,1,0,0,NULL
aap,AuditResourceAllocationNonRiskBase,12,CreateBy,int,4,10,0,1,0,0,NULL
aap,AuditResourceAllocationNonRiskBase,13,CreateDate,datetime,8,23,3,1,0,0,NULL
aap,AuditResourceAllocationNonRiskBase,14,ModifyBy,int,4,10,0,1,0,0,NULL
aap,AuditResourceAllocationNonRiskBase,15,ModifyDate,datetime,8,23,3,1,0,0,NULL
aap,AuditResourceAllocationNonRiskBase,16,IsDeleted,bit,1,1,0,1,0,0,NULL
aap,AuditResourceAllocationNonRiskBase,17,DeletedBy,int,4,10,0,1,0,0,NULL
aap,AuditResourceAllocationNonRiskBase,18,DeletedOn,datetime,8,23,3,1,0,0,NULL
aap,AuditResourceAllocationRiskBase,1,AuditResourceAllocationId,int,4,10,0,0,1,0,NULL
aap,AuditResourceAllocationRiskBase,2,AnualAuditPlanId,int,4,10,0,0,0,0,NULL
aap,AuditResourceAllocationRiskBase,3,AuditPlanYear,int,4,10,0,0,0,0,NULL
aap,AuditResourceAllocationRiskBase,4,ProjectId,int,4,10,0,1,0,0,NULL
aap,AuditResourceAllocationRiskBase,5,AuditCategoryId,int,4,10,0,1,0,0,NULL
aap,AuditResourceAllocationRiskBase,6,AuditTypeId,int,4,10,0,1,0,0,NULL
aap,AuditResourceAllocationRiskBase,7,RiskTypeId,int,4,10,0,1,0,0,NULL
aap,AuditResourceAllocationRiskBase,8,ZoneId,int,4,10,0,1,0,0,NULL
aap,AuditResourceAllocationRiskBase,9,CYTotalSpot,int,4,10,0,1,0,0,NULL
aap,AuditResourceAllocationRiskBase,10,CYTargetedSpot,int,4,10,0,1,0,0,NULL
aap,AuditResourceAllocationRiskBase,11,AllocatedSpot,int,4,10,0,1,0,0,NULL
aap,AuditResourceAllocationRiskBase,12,CreateBy,int,4,10,0,1,0,0,NULL
aap,AuditResourceAllocationRiskBase,13,CreateDate,datetime,8,23,3,1,0,0,NULL
aap,AuditResourceAllocationRiskBase,14,ModifyBy,int,4,10,0,1,0,0,NULL
aap,AuditResourceAllocationRiskBase,15,ModifyDate,datetime,8,23,3,1,0,0,NULL
aap,AuditResourceAllocationRiskBase,16,IsDeleted,bit,1,1,0,1,0,0,NULL
aap,AuditResourceAllocationRiskBase,17,DeletedBy,int,4,10,0,1,0,0,NULL
aap,AuditResourceAllocationRiskBase,18,DeletedOn,datetime,8,23,3,1,0,0,NULL
aap,CurrentResource,1,CurrentResourceId,int,4,10,0,0,1,0,NULL
aap,CurrentResource,2,OperationYear,int,4,10,0,0,0,0,NULL
aap,CurrentResource,3,FieldVisitDays,int,4,10,0,0,0,0,NULL
aap,CurrentResource,4,FieldVisitManPower,int,4,10,0,0,0,0,NULL
aap,CurrentResource,5,ReportWritingDays,int,4,10,0,0,0,0,NULL
aap,CurrentResource,6,ReportWritingManPower,int,4,10,0,0,0,0,NULL
aap,CurrentResource,7,CreateBy,int,4,10,0,1,0,0,NULL
aap,CurrentResource,8,CreateDate,datetime,8,23,3,1,0,0,NULL
aap,CurrentResource,9,ModifyBy,int,4,10,0,1,0,0,NULL
aap,CurrentResource,10,ModifyDate,datetime,8,23,3,1,0,0,NULL
aap,CurrentResource,11,IsDeleted,bit,1,1,0,1,0,0,NULL
aap,CurrentResource,12,DeletedBy,int,4,10,0,1,0,0,NULL
aap,CurrentResource,13,DeletedOn,datetime,8,23,3,1,0,0,NULL
adc,ActionPlanFinalStatus,1,ActionPlanFinalStatusId,int,4,10,0,0,0,0,NULL
adc,ActionPlanFinalStatus,2,StatusName,varchar,100,0,0,1,0,0,NULL
adc,ActionPlanFinalStatus,3,DisplayName,varchar,100,0,0,1,0,0,NULL
adc,ActionPlanFinalStatus,4,IsActive,bit,1,1,0,1,0,0,NULL
adc,ActionPlanFinalStatus,5,IsDeleted,bit,1,1,0,1,0,0,NULL
adc,ActionPlanFinalStatus,6,DeletedBy,int,4,10,0,1,0,0,NULL
adc,ActionPlanFinalStatus,7,DeletedDate,datetime,8,23,3,1,0,0,NULL
adc,ActionPlanFollowUp,1,ActionPlanFollowUpId,int,4,10,0,0,1,0,NULL
adc,ActionPlanFollowUp,2,AuditScheduleId,int,4,10,0,0,0,0,NULL
adc,ActionPlanFollowUp,3,AuditConductionId,int,4,10,0,0,0,0,NULL
adc,ActionPlanFollowUp,4,ReportWritingReportId,int,4,10,0,1,0,0,NULL
adc,ActionPlanFollowUp,5,ReportTypeId,int,4,10,0,1,0,0,NULL
adc,ActionPlanFollowUp,6,ReportWritingActionPlanId,int,4,10,0,1,0,0,NULL
adc,ActionPlanFollowUp,7,ActionPlanFollowUpStatusId,int,4,10,0,1,0,0,NULL
adc,ActionPlanFollowUp,8,IsActionPlanLockUnLock,bit,1,1,0,1,0,0,NULL
adc,ActionPlanFollowUp,9,ActionPlanLockUnLockBy,int,4,10,0,1,0,0,NULL
adc,ActionPlanFollowUp,10,ActionPlanLockUnLockDate,datetime,8,23,3,1,0,0,NULL
adc,ActionPlanFollowUp,11,IsActive,bit,1,1,0,0,0,0,NULL
adc,ActionPlanFollowUp,12,CreatedBy,int,4,10,0,1,0,0,NULL
adc,ActionPlanFollowUp,13,CreatedDate,datetime,8,23,3,1,0,0,NULL
adc,ActionPlanFollowUp,14,UpdatedBy,int,4,10,0,1,0,0,NULL
adc,ActionPlanFollowUp,15,UpdatedDate,datetime,8,23,3,1,0,0,NULL
adc,ActionPlanFollowUp,16,IsDeleted,bit,1,1,0,1,0,0,NULL
adc,ActionPlanFollowUp,17,DeletedBy,int,4,10,0,1,0,0,NULL
adc,ActionPlanFollowUp,18,DeletedDate,datetime,8,23,3,1,0,0,NULL
adc,ActionPlanFollowUp,19,DeleteReason,nvarchar,1000,0,0,1,0,0,NULL
adc,ActionPlanFollowUpChangeType,1,ActionPlanFollowUpChangeTypeId,int,4,10,0,0,1,0,NULL
adc,ActionPlanFollowUpChangeType,2,ActionPlanFollowUpChangeTypeName,nvarchar,500,0,0,0,0,0,NULL
adc,ActionPlanFollowUpChangeType,3,IsActive,bit,1,1,0,0,0,0,NULL
adc,ActionPlanFollowUpChangeType,4,CreatedBy,int,4,10,0,1,0,0,NULL
adc,ActionPlanFollowUpChangeType,5,CreatedDate,datetime,8,23,3,1,0,0,NULL
adc,ActionPlanFollowUpChangeType,6,UpdatedBy,int,4,10,0,1,0,0,NULL
adc,ActionPlanFollowUpChangeType,7,UpdatedDate,datetime,8,23,3,1,0,0,NULL
adc,ActionPlanFollowUpChangeType,8,IsDeleted,bit,1,1,0,1,0,0,NULL
adc,ActionPlanFollowUpChangeType,9,DeletedBy,int,4,10,0,1,0,0,NULL
adc,ActionPlanFollowUpChangeType,10,DeletedDate,datetime,8,23,3,1,0,0,NULL
adc,ActionPlanFollowUpChangeType,11,DeleteReason,nvarchar,1000,0,0,1,0,0,NULL
adc,ActionPlanFollowUpCommentType,1,ActionPlanFollowUpCommentTypeId,int,4,10,0,0,1,0,NULL
adc,ActionPlanFollowUpCommentType,2,ActionPlanFollowUpCommentTypeName,nvarchar,500,0,0,0,0,0,NULL
adc,ActionPlanFollowUpCommentType,3,IsActive,bit,1,1,0,0,0,0,NULL
adc,ActionPlanFollowUpCommentType,4,CreatedBy,int,4,10,0,1,0,0,NULL
adc,ActionPlanFollowUpCommentType,5,CreatedDate,datetime,8,23,3,1,0,0,NULL
adc,ActionPlanFollowUpCommentType,6,UpdatedBy,int,4,10,0,1,0,0,NULL
adc,ActionPlanFollowUpCommentType,7,UpdatedDate,datetime,8,23,3,1,0,0,NULL
adc,ActionPlanFollowUpCommentType,8,IsDeleted,bit,1,1,0,1,0,0,NULL
adc,ActionPlanFollowUpCommentType,9,DeletedBy,int,4,10,0,1,0,0,NULL
adc,ActionPlanFollowUpCommentType,10,DeletedDate,datetime,8,23,3,1,0,0,NULL
adc,ActionPlanFollowUpCommentType,11,DeleteReason,nvarchar,1000,0,0,1,0,0,NULL
adc,ActionPlanFollowUpDetail,1,ActionPlanFollowUpDetailId,int,4,10,0,0,1,0,NULL
adc,ActionPlanFollowUpDetail,2,ActionPlanFollowUpId,int,4,10,0,0,0,0,NULL
adc,ActionPlanFollowUpDetail,3,ReportWritingActionPlanDetailId,int,4,10,0,1,0,0,NULL
adc,ActionPlanFollowUpDetail,4,ReportWritingActionPlanId,int,4,10,0,1,0,0,NULL
adc,ActionPlanFollowUpDetail,5,AudConObsId,int,4,10,0,0,0,0,NULL
adc,ActionPlanFollowUpDetail,6,ActionPlanFollowUpDetailStatusId,int,4,10,0,1,0,0,NULL
adc,ActionPlanFollowUpDetail,7,IsActive,bit,1,1,0,0,0,0,NULL
adc,ActionPlanFollowUpDetail,8,CreatedBy,int,4,10,0,1,0,0,NULL
adc,ActionPlanFollowUpDetail,9,CreatedDate,datetime,8,23,3,1,0,0,NULL
adc,ActionPlanFollowUpDetail,10,UpdatedBy,int,4,10,0,1,0,0,NULL
adc,ActionPlanFollowUpDetail,11,UpdatedDate,datetime,8,23,3,1,0,0,NULL
adc,ActionPlanFollowUpDetail,12,IsDeleted,bit,1,1,0,1,0,0,NULL
adc,ActionPlanFollowUpDetail,13,DeletedBy,int,4,10,0,1,0,0,NULL
adc,ActionPlanFollowUpDetail,14,DeletedDate,datetime,8,23,3,1,0,0,NULL
adc,ActionPlanFollowUpDetail,15,DeleteReason,nvarchar,1000,0,0,1,0,0,NULL
adc,ActionPlanFollowUpDetailComment,1,ActionPlanFollowUpDetailCommentId,int,4,10,0,0,1,0,NULL
adc,ActionPlanFollowUpDetailComment,2,ActionPlanFollowUpDetailOwnerId,int,4,10,0,1,0,0,NULL
adc,ActionPlanFollowUpDetailComment,3,ActionPlanFollowUpCommentTypeId,int,4,10,0,1,0,0,NULL
adc,ActionPlanFollowUpDetailComment,4,ActionPlanFollowUpDetailId,int,4,10,0,1,0,0,NULL
adc,ActionPlanFollowUpDetailComment,5,Comments,nvarchar,-1,0,0,1,0,0,NULL
adc,ActionPlanFollowUpDetailComment,6,IsActive,bit,1,1,0,1,0,0,NULL
adc,ActionPlanFollowUpDetailComment,7,CreatedBy,int,4,10,0,1,0,0,NULL
adc,ActionPlanFollowUpDetailComment,8,CreatedDate,datetime,8,23,3,1,0,0,NULL
adc,ActionPlanFollowUpDetailComment,9,UpdatedBy,int,4,10,0,1,0,0,NULL
adc,ActionPlanFollowUpDetailComment,10,UpdatedDate,datetime,8,23,3,1,0,0,NULL
adc,ActionPlanFollowUpDetailComment,11,IsDeleted,bit,1,1,0,1,0,0,NULL
adc,ActionPlanFollowUpDetailComment,12,DeletedBy,int,4,10,0,1,0,0,NULL
adc,ActionPlanFollowUpDetailComment,13,DeletedDate,datetime,8,23,3,1,0,0,NULL
adc,ActionPlanFollowUpDetailComment,14,DeleteReason,nchar,20,0,0,1,0,0,NULL
adc,ActionPlanFollowUpDetailDoc,1,ActionPlanFollowUpDetailDocId,int,4,10,0,0,1,0,NULL
adc,ActionPlanFollowUpDetailDoc,2,ActionPlanFollowUpDetailDocName,nvarchar,500,0,0,1,0,0,NULL
adc,ActionPlanFollowUpDetailDoc,3,ActionPlanFollowUpId,int,4,10,0,1,0,0,NULL
adc,ActionPlanFollowUpDetailDoc,4,ActionPlanFollowUpDetailId,int,4,10,0,1,0,0,NULL
adc,ActionPlanFollowUpDetailDoc,5,ContentType,nvarchar,510,0,0,1,0,0,NULL
adc,ActionPlanFollowUpDetailDoc,6,FileExtension,nvarchar,100,0,0,1,0,0,NULL
adc,ActionPlanFollowUpDetailDoc,7,FileSizeMb,decimal,9,18,2,1,0,0,NULL
adc,ActionPlanFollowUpDetailDoc,8,SourcePath,nvarchar,510,0,0,1,0,0,NULL
adc,ActionPlanFollowUpDetailDoc,9,SourceFile,varbinary,-1,0,0,1,0,0,NULL
adc,ActionPlanFollowUpDetailDoc,10,FileName,nvarchar,510,0,0,1,0,0,NULL
adc,ActionPlanFollowUpDetailDoc,11,FileStorageHistoryId,int,4,10,0,1,0,0,NULL
adc,ActionPlanFollowUpDetailDoc,12,FileStorageTypeId,int,4,10,0,1,0,0,NULL
adc,ActionPlanFollowUpDetailDoc,13,IsActive,bit,1,1,0,1,0,0,NULL
adc,ActionPlanFollowUpDetailDoc,14,CreatedBy,int,4,10,0,1,0,0,NULL
adc,ActionPlanFollowUpDetailDoc,15,CreatedDate,datetime,8,23,3,1,0,0,NULL
adc,ActionPlanFollowUpDetailDoc,16,UpdatedBy,int,4,10,0,1,0,0,NULL
adc,ActionPlanFollowUpDetailDoc,17,UpdatedDate,datetime,8,23,3,1,0,0,NULL
adc,ActionPlanFollowUpDetailDoc,18,IsDeleted,bit,1,1,0,1,0,0,NULL
adc,ActionPlanFollowUpDetailDoc,19,DeletedBy,int,4,10,0,1,0,0,NULL
adc,ActionPlanFollowUpDetailDoc,20,DeletedDate,datetime,8,23,3,1,0,0,NULL
adc,ActionPlanFollowUpDetailDoc,21,DeleteReason,nchar,20,0,0,1,0,0,NULL
adc,ActionPlanFollowUpDetailLog,1,ActionPlanFollowUpDetailLogId,int,4,10,0,0,1,0,NULL
adc,ActionPlanFollowUpDetailLog,2,ActionPlanFollowUpChangeTypeId,int,4,10,0,1,0,0,NULL
adc,ActionPlanFollowUpDetailLog,3,ActionPlanFollowUpDetailId,int,4,10,0,1,0,0,NULL
adc,ActionPlanFollowUpDetailLog,4,ReportWritingActionPlanActionOwnerId,int,4,10,0,1,0,0,NULL
adc,ActionPlanFollowUpDetailLog,5,InitialActionPlanFollowUpDetailOwnerId,int,4,10,0,1,0,0,NULL
adc,ActionPlanFollowUpDetailLog,6,ChangedActionPlanFollowUpDetailOwnerId,int,4,10,0,1,0,0,NULL
adc,ActionPlanFollowUpDetailLog,7,InitialCorrectiveStatusId,int,4,10,0,1,0,0,NULL
adc,ActionPlanFollowUpDetailLog,8,InitialCorrectiveExpectedImplementDate,datetime,8,23,3,1,0,0,NULL
adc,ActionPlanFollowUpDetailLog,9,InitialCorrectiveRevisedImplementDate,datetime,8,23,3,1,0,0,NULL
adc,ActionPlanFollowUpDetailLog,10,InitialCorrectiveActualImplementDate,datetime,8,23,3,1,0,0,NULL
adc,ActionPlanFollowUpDetailLog,11,ChangedCorrectiveStatusId,int,4,10,0,1,0,0,NULL
adc,ActionPlanFollowUpDetailLog,12,ChangedCorrectiveExpectedImplementDate,datetime,8,23,3,1,0,0,NULL
adc,ActionPlanFollowUpDetailLog,13,ChangedCorrectiveRevisedImplementDate,datetime,8,23,3,1,0,0,NULL
adc,ActionPlanFollowUpDetailLog,14,ChangedCorrectiveActualImplementDate,datetime,8,23,3,1,0,0,NULL
adc,ActionPlanFollowUpDetailLog,15,InitialPreventiveStatusId,int,4,10,0,1,0,0,NULL
adc,ActionPlanFollowUpDetailLog,16,InitialPreventiveExpectedImplementDate,datetime,8,23,3,1,0,0,NULL
adc,ActionPlanFollowUpDetailLog,17,InitialPreventiveRevisedImplementDate,datetime,8,23,3,1,0,0,NULL
adc,ActionPlanFollowUpDetailLog,18,InitialPreventiveActualImplementDate,datetime,8,23,3,1,0,0,NULL
adc,ActionPlanFollowUpDetailLog,19,ChangedPreventiveStatusId,int,4,10,0,1,0,0,NULL
adc,ActionPlanFollowUpDetailLog,20,ChangedPreventiveExpectedImplementDate,datetime,8,23,3,1,0,0,NULL
adc,ActionPlanFollowUpDetailLog,21,ChangedPreventiveRevisedImplementDate,datetime,8,23,3,1,0,0,NULL
adc,ActionPlanFollowUpDetailLog,22,ChangedPreventiveActualImplementDate,datetime,8,23,3,1,0,0,NULL
adc,ActionPlanFollowUpDetailLog,23,IsActive,bit,1,1,0,0,0,0,NULL
adc,ActionPlanFollowUpDetailLog,24,CreatedBy,int,4,10,0,1,0,0,NULL
adc,ActionPlanFollowUpDetailLog,25,CreatedDate,datetime,8,23,3,1,0,0,NULL
adc,ActionPlanFollowUpDetailLog,26,UpdatedBy,int,4,10,0,1,0,0,NULL
adc,ActionPlanFollowUpDetailLog,27,UpdatedDate,datetime,8,23,3,1,0,0,NULL
adc,ActionPlanFollowUpDetailLog,28,IsDeleted,bit,1,1,0,1,0,0,NULL
adc,ActionPlanFollowUpDetailLog,29,DeletedBy,int,4,10,0,1,0,0,NULL
adc,ActionPlanFollowUpDetailLog,30,DeletedDate,datetime,8,23,3,1,0,0,NULL
adc,ActionPlanFollowUpDetailLog,31,DeleteReason,nvarchar,1000,0,0,1,0,0,NULL
adc,ActionPlanFollowUpDetailOwner,1,ActionPlanFollowUpDetailOwnerId,int,4,10,0,0,1,0,NULL
adc,ActionPlanFollowUpDetailOwner,2,ActionPlanFollowUpDetailId,int,4,10,0,1,0,0,NULL
adc,ActionPlanFollowUpDetailOwner,3,ReportWritingActionPlanActionOwnerId,int,4,10,0,1,0,0,NULL
adc,ActionPlanFollowUpDetailOwner,4,ActionOwnerPin,varchar,8,0,0,1,0,0,NULL
adc,ActionPlanFollowUpDetailOwner,5,ActionOwnerName,varchar,250,0,0,1,0,0,NULL
adc,ActionPlanFollowUpDetailOwner,6,ActionOwnerDesignation,varchar,250,0,0,1,0,0,NULL
adc,ActionPlanFollowUpDetailOwner,7,ActionOwnerFunctionalDesignation,varchar,250,0,0,1,0,0,NULL
adc,ActionPlanFollowUpDetailOwner,8,ActionOwnerEmail,varchar,250,0,0,1,0,0,NULL
adc,ActionPlanFollowUpDetailOwner,9,ActionOwnerMobile,varchar,250,0,0,1,0,0,NULL
adc,ActionPlanFollowUpDetailOwner,10,ActionComment,nvarchar,-1,0,0,1,0,0,NULL
adc,ActionPlanFollowUpDetailOwner,11,ActionCorrectiveComment,nvarchar,-1,0,0,1,0,0,NULL
adc,ActionPlanFollowUpDetailOwner,12,ActionPreventiveComment,nvarchar,-1,0,0,1,0,0,NULL
adc,ActionPlanFollowUpDetailOwner,13,ExpectedReturnDate,datetime,8,23,3,1,0,0,NULL
adc,ActionPlanFollowUpDetailOwner,14,ActualReturnDate,datetime,8,23,3,1,0,0,NULL
adc,ActionPlanFollowUpDetailOwner,15,ExpectedActionCommentDate,datetime,8,23,3,1,0,0,NULL
adc,ActionPlanFollowUpDetailOwner,16,ExpectedActionCorrectiveDate,datetime,8,23,3,1,0,0,NULL
adc,ActionPlanFollowUpDetailOwner,17,ExpectedActionPreventiveDate,datetime,8,23,3,1,0,0,NULL
adc,ActionPlanFollowUpDetailOwner,18,CorrectiveStatusId,int,4,10,0,1,0,0,NULL
adc,ActionPlanFollowUpDetailOwner,19,CorrectiveComments,nvarchar,-1,0,0,1,0,0,NULL
adc,ActionPlanFollowUpDetailOwner,20,CorrectiveExpectedImplementDate,datetime,8,23,3,1,0,0,NULL
adc,ActionPlanFollowUpDetailOwner,21,CorrectiveRevisedImplementDate,datetime,8,23,3,1,0,0,NULL
adc,ActionPlanFollowUpDetailOwner,22,CorrectiveActualImplementDate,datetime,8,23,3,1,0,0,NULL
adc,ActionPlanFollowUpDetailOwner,23,PreventiveStatusId,int,4,10,0,1,0,0,NULL
adc,ActionPlanFollowUpDetailOwner,24,PreventiveComments,nvarchar,-1,0,0,1,0,0,NULL
adc,ActionPlanFollowUpDetailOwner,25,PreventiveExpectedImplementDate,datetime,8,23,3,1,0,0,NULL
adc,ActionPlanFollowUpDetailOwner,26,PreventiveRevisedImplementDate,datetime,8,23,3,1,0,0,NULL
adc,ActionPlanFollowUpDetailOwner,27,PreventiveActualImplementDate,datetime,8,23,3,1,0,0,NULL
adc,ActionPlanFollowUpDetailOwner,28,IsActive,bit,1,1,0,0,0,0,NULL
adc,ActionPlanFollowUpDetailOwner,29,CreatedBy,int,4,10,0,1,0,0,NULL
adc,ActionPlanFollowUpDetailOwner,30,CreatedDate,datetime,8,23,3,1,0,0,NULL
adc,ActionPlanFollowUpDetailOwner,31,UpdatedBy,int,4,10,0,1,0,0,NULL
adc,ActionPlanFollowUpDetailOwner,32,UpdatedDate,datetime,8,23,3,1,0,0,NULL
adc,ActionPlanFollowUpDetailOwner,33,IsDeleted,bit,1,1,0,1,0,0,NULL
adc,ActionPlanFollowUpDetailOwner,34,DeletedBy,int,4,10,0,1,0,0,NULL
adc,ActionPlanFollowUpDetailOwner,35,DeletedDate,datetime,8,23,3,1,0,0,NULL
adc,ActionPlanFollowUpDetailOwner,36,DeleteReason,nvarchar,1000,0,0,1,0,0,NULL
adc,ActionPlanFollowUpDetailOwner,37,ActualOwner,nvarchar,1000,0,0,1,0,0,NULL
adc,ActionPlanFollowUpDetailOwner,38,ParentActionPlanFollowUpDetailOwnerId,int,4,10,0,1,0,0,NULL
adc,ActionPlanFollowUpDetailOwnerStatus,1,ActionPlanFollowUpDetailOwnerStatusId,int,4,10,0,0,1,0,NULL
adc,ActionPlanFollowUpDetailOwnerStatus,2,ActionPlanFollowUpDetailOwnerStatusName,nvarchar,500,0,0,0,0,0,NULL
adc,ActionPlanFollowUpDetailOwnerStatus,3,IsActive,bit,1,1,0,0,0,0,NULL
adc,ActionPlanFollowUpDetailOwnerStatus,4,CreatedBy,int,4,10,0,1,0,0,NULL
adc,ActionPlanFollowUpDetailOwnerStatus,5,CreatedDate,datetime,8,23,3,1,0,0,NULL
adc,ActionPlanFollowUpDetailOwnerStatus,6,UpdatedBy,int,4,10,0,1,0,0,NULL
adc,ActionPlanFollowUpDetailOwnerStatus,7,UpdatedDate,datetime,8,23,3,1,0,0,NULL
adc,ActionPlanFollowUpDetailOwnerStatus,8,IsDeleted,bit,1,1,0,1,0,0,NULL
adc,ActionPlanFollowUpDetailOwnerStatus,9,DeletedBy,int,4,10,0,1,0,0,NULL
adc,ActionPlanFollowUpDetailOwnerStatus,10,DeletedDate,datetime,8,23,3,1,0,0,NULL
adc,ActionPlanFollowUpDetailOwnerStatus,11,DeleteReason,nvarchar,1000,0,0,1,0,0,NULL
adc,ActionPlanFollowUpDetailStatus,1,ActionPlanFollowUpDetailStatusId,int,4,10,0,0,1,0,NULL
adc,ActionPlanFollowUpDetailStatus,2,ActionPlanFollowUpDetailStatusName,nvarchar,500,0,0,0,0,0,NULL
adc,ActionPlanFollowUpDetailStatus,3,IsActive,bit,1,1,0,0,0,0,NULL
adc,ActionPlanFollowUpDetailStatus,4,CreatedBy,int,4,10,0,1,0,0,NULL
adc,ActionPlanFollowUpDetailStatus,5,CreatedDate,datetime,8,23,3,1,0,0,NULL
adc,ActionPlanFollowUpDetailStatus,6,UpdatedBy,int,4,10,0,1,0,0,NULL
adc,ActionPlanFollowUpDetailStatus,7,UpdatedDate,datetime,8,23,3,1,0,0,NULL
adc,ActionPlanFollowUpDetailStatus,8,IsDeleted,bit,1,1,0,1,0,0,NULL
adc,ActionPlanFollowUpDetailStatus,9,DeletedBy,int,4,10,0,1,0,0,NULL
adc,ActionPlanFollowUpDetailStatus,10,DeletedDate,datetime,8,23,3,1,0,0,NULL
adc,ActionPlanFollowUpDetailStatus,11,DeleteReason,nvarchar,1000,0,0,1,0,0,NULL
adc,ActionPlanFollowUpStatus,1,ActionPlanFollowUpStatusId,int,4,10,0,0,1,0,NULL
adc,ActionPlanFollowUpStatus,2,ActionPlanFollowUpStatusName,nvarchar,500,0,0,0,0,0,NULL
adc,ActionPlanFollowUpStatus,3,ReportWritingComplianceStatusId,int,4,10,0,1,0,0,NULL
adc,ActionPlanFollowUpStatus,4,IsActive,bit,1,1,0,0,0,0,NULL
adc,ActionPlanFollowUpStatus,5,CreatedBy,int,4,10,0,1,0,0,NULL
adc,ActionPlanFollowUpStatus,6,CreatedDate,datetime,8,23,3,1,0,0,NULL
adc,ActionPlanFollowUpStatus,7,UpdatedBy,int,4,10,0,1,0,0,NULL
adc,ActionPlanFollowUpStatus,8,UpdatedDate,datetime,8,23,3,1,0,0,NULL
adc,ActionPlanFollowUpStatus,9,IsDeleted,bit,1,1,0,1,0,0,NULL
adc,ActionPlanFollowUpStatus,10,DeletedBy,int,4,10,0,1,0,0,NULL
adc,ActionPlanFollowUpStatus,11,DeletedDate,datetime,8,23,3,1,0,0,NULL
adc,ActionPlanFollowUpStatus,12,DeleteReason,nvarchar,1000,0,0,1,0,0,NULL
adc,ActionPlanGeneratedFile,1,Id,int,4,10,0,0,1,0,NULL
adc,ActionPlanGeneratedFile,2,ActionPlanId,int,4,10,0,0,0,0,NULL
adc,ActionPlanGeneratedFile,3,FileType,nvarchar,40,0,0,0,0,0,(N'pdf')
adc,ActionPlanGeneratedFile,4,GcpObjectName,nvarchar,2048,0,0,1,0,0,NULL
adc,ActionPlanGeneratedFile,5,BucketName,nvarchar,510,0,0,1,0,0,NULL
adc,ActionPlanGeneratedFile,6,FileName,nvarchar,510,0,0,1,0,0,NULL
adc,ActionPlanGeneratedFile,7,ContentType,nvarchar,510,0,0,1,0,0,NULL
adc,ActionPlanGeneratedFile,8,GeneratedAt,datetime,8,23,3,1,0,0,NULL
adc,ActionPlanGeneratedFile,9,GenerationStatus,nvarchar,60,0,0,0,0,0,NULL
adc,ActionPlanGeneratedFile,10,ErrorMessage,nvarchar,4000,0,0,1,0,0,NULL
adc,ActionPlanGeneratedFile,11,CreatedAt,datetime,8,23,3,0,0,0,(getdate())
adc,ActionPlanGeneratedFile,12,UpdatedAt,datetime,8,23,3,1,0,0,NULL
adc,AprAuditPerformanceRatingSetup,1,PerformanceRatingId,int,4,10,0,0,1,0,NULL
adc,AprAuditPerformanceRatingSetup,2,PerformanceRatingName,varchar,250,0,0,1,0,0,NULL
adc,AprAuditPerformanceRatingSetup,3,DisplayOrder,int,4,10,0,1,0,0,NULL
adc,AprAuditPerformanceRatingSetup,4,MaxValuePercentage,numeric,5,8,2,1,0,0,NULL
adc,AprAuditPerformanceRatingSetup,5,MinValuePercentage,numeric,5,8,2,1,0,0,NULL
adc,AprAuditPerformanceRatingSetup,6,RatingColor,varchar,8,0,0,1,0,0,NULL
adc,AprAuditPerformanceRatingSetup,7,IsActive,bit,1,1,0,0,0,0,NULL
adc,AprAuditPerformanceRatingSetup,8,CreatedBy,int,4,10,0,1,0,0,NULL
adc,AprAuditPerformanceRatingSetup,9,CreatedDate,datetime,8,23,3,1,0,0,NULL
adc,AprAuditPerformanceRatingSetup,10,UpdatedBy,int,4,10,0,1,0,0,NULL
adc,AprAuditPerformanceRatingSetup,11,UpdatedDate,datetime,8,23,3,1,0,0,NULL
adc,AprAuditPerformanceRatingSetup,12,IsDeleted,bit,1,1,0,1,0,0,NULL
adc,AprAuditPerformanceRatingSetup,13,DeletedBy,int,4,10,0,1,0,0,NULL
adc,AprAuditPerformanceRatingSetup,14,DeletedDate,datetime,8,23,3,1,0,0,NULL
adc,AprAuditPerformanceRatingSetup,15,DeleteReason,nvarchar,1000,0,0,1,0,0,NULL
adc,AprAuditPerformanceRatingSetup,16,RatingTextColor,varchar,8,0,0,1,0,0,NULL
adc,AprAuditPerformanceRatingSetup,17,Description,nvarchar,510,0,0,1,0,0,NULL
adc,AprLikelihood,1,AprLikelihoodId,int,4,10,0,0,1,0,NULL
adc,AprLikelihood,2,Name,nvarchar,300,0,0,1,0,0,NULL
adc,AprLikelihood,3,StartRange,int,4,10,0,1,0,0,NULL
adc,AprLikelihood,4,EndRange,int,4,10,0,1,0,0,NULL
adc,AprLikelihood,5,Description,nvarchar,5000,0,0,1,0,0,NULL
adc,AprLikelihood,6,IsActive,bit,1,1,0,0,0,0,NULL
adc,AprLikelihood,7,CreatedBy,int,4,10,0,1,0,0,NULL
adc,AprLikelihood,8,CreatedDate,datetime,8,23,3,1,0,0,NULL
adc,AprLikelihood,9,UpdatedBy,int,4,10,0,1,0,0,NULL
adc,AprLikelihood,10,UpdatedDate,datetime,8,23,3,1,0,0,NULL
adc,AprLikelihood,11,IsDeleted,bit,1,1,0,1,0,0,NULL
adc,AprLikelihood,12,DeletedBy,int,4,10,0,1,0,0,NULL
adc,AprLikelihood,13,DeletedDate,datetime,8,23,3,1,0,0,NULL
adc,AprLikelihood,14,DeleteReason,nvarchar,1000,0,0,1,0,0,NULL
adc,AprLikelihood,15,DisplayOrder,int,4,10,0,1,0,0,NULL
adc,AprLikelihoodMapping,1,AprLikelihoodMappingId,int,4,10,0,0,1,0,NULL
adc,AprLikelihoodMapping,2,CountryId,int,4,10,0,1,0,0,NULL
adc,AprLikelihoodMapping,3,ProgrammeGroupId,int,4,10,0,1,0,0,NULL
adc,AprLikelihoodMapping,4,ProgrammeId,int,4,10,0,1,0,0,NULL
adc,AprLikelihoodMapping,5,IsActive,bit,1,1,0,0,0,0,NULL
adc,AprLikelihoodMapping,6,CreatedBy,int,4,10,0,1,0,0,NULL
adc,AprLikelihoodMapping,7,CreatedDate,datetime,8,23,3,1,0,0,NULL
adc,AprLikelihoodMapping,8,UpdatedBy,int,4,10,0,1,0,0,NULL
adc,AprLikelihoodMapping,9,UpdatedDate,datetime,8,23,3,1,0,0,NULL
adc,AprLikelihoodMapping,10,IsDeleted,bit,1,1,0,1,0,0,NULL
adc,AprLikelihoodMapping,11,DeletedBy,int,4,10,0,1,0,0,NULL
adc,AprLikelihoodMapping,12,DeletedDate,datetime,8,23,3,1,0,0,NULL
adc,AprLikelihoodMapping,13,DeleteReason,nvarchar,1000,0,0,1,0,0,NULL
adc,AprLikelihoodMappingAuditType,1,AprLikelihoodMappingAuditTypeId,int,4,10,0,0,1,0,NULL
adc,AprLikelihoodMappingAuditType,2,AprLikelihoodMappingId,int,4,10,0,1,0,0,NULL
adc,AprLikelihoodMappingAuditType,3,AuditTypeId,int,4,10,0,1,0,0,NULL
adc,AprLikelihoodMappingAuditType,4,IsActive,bit,1,1,0,0,0,0,NULL
adc,AprLikelihoodMappingAuditType,5,CreatedBy,int,4,10,0,1,0,0,NULL
adc,AprLikelihoodMappingAuditType,6,CreatedDate,datetime,8,23,3,1,0,0,NULL
adc,AprLikelihoodMappingAuditType,7,UpdatedBy,int,4,10,0,1,0,0,NULL
adc,AprLikelihoodMappingAuditType,8,UpdatedDate,datetime,8,23,3,1,0,0,NULL
adc,AprLikelihoodMappingAuditType,9,IsDeleted,bit,1,1,0,1,0,0,NULL
adc,AprLikelihoodMappingAuditType,10,DeletedBy,int,4,10,0,1,0,0,NULL
adc,AprLikelihoodMappingAuditType,11,DeletedDate,datetime,8,23,3,1,0,0,NULL
adc,AprLikelihoodMappingAuditType,12,DeleteReason,nvarchar,1000,0,0,1,0,0,NULL
adc,AprLikelihoodMappingLikelihood,1,AprLikelihoodMappingLikelihoodId,int,4,10,0,0,1,0,NULL
adc,AprLikelihoodMappingLikelihood,2,AprLikelihoodMappingId,int,4,10,0,1,0,0,NULL
adc,AprLikelihoodMappingLikelihood,3,AprLikelihoodId,int,4,10,0,1,0,0,NULL
adc,AprLikelihoodMappingLikelihood,4,StartRange,decimal,9,18,2,1,0,0,NULL
adc,AprLikelihoodMappingLikelihood,5,EndRange,decimal,9,18,2,1,0,0,NULL
adc,AprLikelihoodMappingLikelihood,6,IsActive,bit,1,1,0,0,0,0,NULL
adc,AprLikelihoodMappingLikelihood,7,CreatedBy,int,4,10,0,0,0,0,NULL
adc,AprLikelihoodMappingLikelihood,8,CreatedDate,datetime,8,23,3,1,0,0,NULL
adc,AprLikelihoodMappingLikelihood,9,UpdatedBy,int,4,10,0,1,0,0,NULL
adc,AprLikelihoodMappingLikelihood,10,UpdatedDate,datetime,8,23,3,1,0,0,NULL
adc,AprLikelihoodMappingLikelihood,11,IsDeleted,bit,1,1,0,1,0,0,NULL
adc,AprLikelihoodMappingLikelihood,12,DeletedBy,int,4,10,0,1,0,0,NULL
adc,AprLikelihoodMappingLikelihood,13,DeletedDate,datetime,8,23,3,1,0,0,NULL
adc,AprLikelihoodMappingLikelihood,14,DeleteReason,nvarchar,1000,0,0,1,0,0,NULL
adc,AprLikelihoodMappingProject,1,AprLikelihoodMappingProjectId,int,4,10,0,0,1,0,NULL
adc,AprLikelihoodMappingProject,2,AprLikelihoodMappingId,int,4,10,0,1,0,0,NULL
adc,AprLikelihoodMappingProject,3,ProjectId,int,4,10,0,1,0,0,NULL
adc,AprLikelihoodMappingProject,4,IsActive,bit,1,1,0,0,0,0,NULL
adc,AprLikelihoodMappingProject,5,CreatedBy,int,4,10,0,1,0,0,NULL
adc,AprLikelihoodMappingProject,6,CreatedDate,datetime,8,23,3,1,0,0,NULL
adc,AprLikelihoodMappingProject,7,UpdatedBy,int,4,10,0,1,0,0,NULL
adc,AprLikelihoodMappingProject,8,UpdatedDate,datetime,8,23,3,1,0,0,NULL
adc,AprLikelihoodMappingProject,9,IsDeleted,bit,1,1,0,1,0,0,NULL
adc,AprLikelihoodMappingProject,10,DeletedBy,int,4,10,0,1,0,0,NULL
adc,AprLikelihoodMappingProject,11,DeletedDate,datetime,8,23,3,1,0,0,NULL
adc,AprLikelihoodMappingProject,12,DeleteReason,nvarchar,1000,0,0,1,0,0,NULL
adc,AprLikelihoodMappingReportType,1,AprLikelihoodMappingReportTypeId,int,4,10,0,0,1,0,NULL
adc,AprLikelihoodMappingReportType,2,AprLikelihoodMappingId,int,4,10,0,1,0,0,NULL
adc,AprLikelihoodMappingReportType,3,ReportTypeId,int,4,10,0,1,0,0,NULL
adc,AprLikelihoodMappingReportType,4,IsActive,bit,1,1,0,0,0,0,NULL
adc,AprLikelihoodMappingReportType,5,CreatedBy,int,4,10,0,1,0,0,NULL
adc,AprLikelihoodMappingReportType,6,CreatedDate,datetime,8,23,3,1,0,0,NULL
adc,AprLikelihoodMappingReportType,7,UpdatedBy,int,4,10,0,1,0,0,NULL
adc,AprLikelihoodMappingReportType,8,UpdatedDate,datetime,8,23,3,1,0,0,NULL
adc,AprLikelihoodMappingReportType,9,IsDeleted,bit,1,1,0,1,0,0,NULL
adc,AprLikelihoodMappingReportType,10,DeletedBy,int,4,10,0,1,0,0,NULL
adc,AprLikelihoodMappingReportType,11,DeletedDate,datetime,8,23,3,1,0,0,NULL
adc,AprLikelihoodMappingReportType,12,DeleteReason,nvarchar,1000,0,0,1,0,0,NULL
adc,AprLikelihoodMatrix,1,AprLikelihoodMatrixId,int,4,10,0,0,1,0,NULL
adc,AprLikelihoodMatrix,2,AprLikelihoodId,int,4,10,0,1,0,0,NULL
adc,AprLikelihoodMatrix,3,AprSeverityControlFailureId,int,4,10,0,1,0,0,NULL
adc,AprLikelihoodMatrix,4,ObservationCharacteristicDetailId,int,4,10,0,1,0,0,NULL
adc,AprLikelihoodMatrix,5,IsActive,bit,1,1,0,0,0,0,NULL
adc,AprLikelihoodMatrix,6,CreatedBy,int,4,10,0,1,0,0,NULL
adc,AprLikelihoodMatrix,7,CreatedDate,datetime,8,23,3,1,0,0,NULL
adc,AprLikelihoodMatrix,8,UpdatedBy,int,4,10,0,1,0,0,NULL
adc,AprLikelihoodMatrix,9,UpdatedDate,datetime,8,23,3,1,0,0,NULL
adc,AprLikelihoodMatrix,10,IsDeleted,bit,1,1,0,1,0,0,NULL
adc,AprLikelihoodMatrix,11,DeletedBy,int,4,10,0,1,0,0,NULL
adc,AprLikelihoodMatrix,12,DeletedDate,datetime,8,23,3,1,0,0,NULL
adc,AprLikelihoodMatrix,13,DeleteReason,nvarchar,1000,0,0,1,0,0,NULL
adc,APRMethod,1,APRMethodId,int,4,10,0,0,1,0,NULL
adc,APRMethod,2,MethodName,varchar,250,0,0,0,0,0,NULL
adc,APRMethod,3,IsActive,bit,1,1,0,0,0,0,NULL
adc,APRMethod,4,CreatedBy,int,4,10,0,1,0,0,NULL
adc,APRMethod,5,CreatedDate,datetime,8,23,3,1,0,0,NULL
adc,APRMethod,6,UpdatedBy,int,4,10,0,1,0,0,NULL
adc,APRMethod,7,UpdatedDate,datetime,8,23,3,1,0,0,NULL
adc,APRMethod,8,IsDeleted,bit,1,1,0,1,0,0,NULL
adc,APRMethod,9,DeletedBy,int,4,10,0,1,0,0,NULL
adc,APRMethod,10,DeletedDate,datetime,8,23,3,1,0,0,NULL
adc,APRMethod,11,DeleteReason,varchar,500,0,0,1,0,0,NULL
adc,APRMethodMatrix,1,APRMethodMatrixId,int,4,10,0,0,1,0,NULL
adc,APRMethodMatrix,2,APRMethodId,int,4,10,0,0,0,0,NULL
adc,APRMethodMatrix,3,IsPopulation,bit,1,1,0,1,0,0,NULL
adc,APRMethodMatrix,4,IsSample,bit,1,1,0,1,0,0,NULL
adc,APRMethodMatrix,5,IsInstance,bit,1,1,0,1,0,0,NULL
adc,APRMethodMatrix,6,IsActive,bit,1,1,0,0,0,0,NULL
adc,APRMethodMatrix,7,InstanceValue,nvarchar,200,0,0,1,0,0,NULL
adc,APRMethodMatrix,8,AprLikelihoodId,int,4,10,0,1,0,0,NULL
adc,APRMethodMatrix,9,IsRiskFactorConsidered,bit,1,1,0,1,0,0,NULL
adc,APRMethodMatrix,10,CreatedBy,int,4,10,0,1,0,0,NULL
adc,APRMethodMatrix,11,CreatedDate,datetime,8,23,3,1,0,0,NULL
adc,APRMethodMatrix,12,UpdatedBy,int,4,10,0,1,0,0,NULL
adc,APRMethodMatrix,13,UpdatedDate,datetime,8,23,3,1,0,0,NULL
adc,APRMethodMatrix,14,IsDeleted,bit,1,1,0,1,0,0,NULL
adc,APRMethodMatrix,15,DeletedBy,int,4,10,0,1,0,0,NULL
adc,APRMethodMatrix,16,DeletedDate,datetime,8,23,3,1,0,0,NULL
adc,APRMethodMatrix,17,DeleteReason,nvarchar,1000,0,0,1,0,0,NULL
adc,APRMethodMatrix,18,DisplayOrder,int,4,10,0,1,0,0,NULL
adc,AprScoreOtherConsideration,1,AprScoreOtherConsiderationId,int,4,10,0,0,1,0,NULL
adc,AprScoreOtherConsideration,2,OtherConsideration,nvarchar,300,0,0,1,0,0,NULL
adc,AprScoreOtherConsideration,3,StartRange,decimal,9,18,2,1,0,0,NULL
adc,AprScoreOtherConsideration,4,EndRange,decimal,9,18,2,1,0,0,NULL
adc,AprScoreOtherConsideration,5,IsActive,bit,1,1,0,0,0,0,NULL
adc,AprScoreOtherConsideration,6,CreatedBy,int,4,10,0,1,0,0,NULL
adc,AprScoreOtherConsideration,7,CreatedDate,datetime,8,23,3,1,0,0,NULL
adc,AprScoreOtherConsideration,8,UpdatedBy,int,4,10,0,1,0,0,NULL
adc,AprScoreOtherConsideration,9,UpdatedDate,datetime,8,23,3,1,0,0,NULL
adc,AprScoreOtherConsideration,10,IsDeleted,bit,1,1,0,1,0,0,NULL
adc,AprScoreOtherConsideration,11,DeletedBy,int,4,10,0,1,0,0,NULL
adc,AprScoreOtherConsideration,12,DeletedDate,datetime,8,23,3,1,0,0,NULL
adc,AprScoreOtherConsideration,13,DeleteReason,nvarchar,1000,0,0,1,0,0,NULL
adc,AprSeverityControlFailure,1,AprSeverityControlFailureId,int,4,10,0,0,1,0,NULL
adc,AprSeverityControlFailure,2,Name,nvarchar,300,0,0,1,0,0,NULL
adc,AprSeverityControlFailure,3,Description,nvarchar,5000,0,0,1,0,0,NULL
adc,AprSeverityControlFailure,4,IsActive,bit,1,1,0,0,0,0,NULL
adc,AprSeverityControlFailure,5,CreatedBy,int,4,10,0,1,0,0,NULL
adc,AprSeverityControlFailure,6,CreatedDate,datetime,8,23,3,1,0,0,NULL
adc,AprSeverityControlFailure,7,UpdatedBy,int,4,10,0,1,0,0,NULL
adc,AprSeverityControlFailure,8,UpdatedDate,datetime,8,23,3,1,0,0,NULL
adc,AprSeverityControlFailure,9,IsDeleted,bit,1,1,0,1,0,0,NULL
adc,AprSeverityControlFailure,10,DeletedBy,int,4,10,0,1,0,0,NULL
adc,AprSeverityControlFailure,11,DeletedDate,datetime,8,23,3,1,0,0,NULL
adc,AprSeverityControlFailure,12,DeleteReason,nvarchar,1000,0,0,1,0,0,NULL
adc,AprSummary,1,AprSummaryId,int,4,10,0,0,1,0,NULL
adc,AprSummary,2,AuditConductionId,int,4,10,0,0,0,0,NULL
adc,AprSummary,3,AuditScheduleId,int,4,10,0,0,0,0,NULL
adc,AprSummary,4,ReportWritingReportId,int,4,10,0,1,0,0,NULL
adc,AprSummary,5,PlanningProcessId,int,4,10,0,1,0,0,NULL
adc,AprSummary,6,Weight,decimal,9,10,2,1,0,0,NULL
adc,AprSummary,7,IsActive,bit,1,1,0,0,0,0,NULL
adc,AprSummary,8,CreatedBy,int,4,10,0,1,0,0,NULL
adc,AprSummary,9,CreatedDate,datetime,8,23,3,1,0,0,NULL
adc,AprSummary,10,UpdatedBy,int,4,10,0,1,0,0,NULL
adc,AprSummary,11,UpdatedDate,datetime,8,23,3,1,0,0,NULL
adc,AprSummary,12,IsDeleted,bit,1,1,0,1,0,0,NULL
adc,AprSummary,13,DeletedBy,int,4,10,0,1,0,0,NULL
adc,AprSummary,14,DeletedDate,datetime,8,23,3,1,0,0,NULL
adc,AprSummary,15,DeleteReason,varchar,500,0,0,1,0,0,NULL
adc,AprSummaryOtherConsideration,1,AprSummaryOtherConsiderationId,int,4,10,0,0,1,0,NULL
adc,AprSummaryOtherConsideration,2,AuditConductionId,int,4,10,0,0,0,0,NULL
adc,AprSummaryOtherConsideration,3,AuditScheduleId,int,4,10,0,0,0,0,NULL
adc,AprSummaryOtherConsideration,4,ReportWritingReportId,int,4,10,0,1,0,0,NULL
adc,AprSummaryOtherConsideration,5,AprScoreOtherConsiderationId,int,4,10,0,1,0,0,NULL
adc,AprSummaryOtherConsideration,6,WeightedScore,decimal,9,10,2,1,0,0,NULL
adc,AprSummaryOtherConsideration,7,IsActive,bit,1,1,0,0,0,0,NULL
adc,AprSummaryOtherConsideration,8,CreatedBy,int,4,10,0,1,0,0,NULL
adc,AprSummaryOtherConsideration,9,CreatedDate,datetime,8,23,3,1,0,0,NULL
adc,AprSummaryOtherConsideration,10,UpdatedBy,int,4,10,0,1,0,0,NULL
adc,AprSummaryOtherConsideration,11,UpdatedDate,datetime,8,23,3,1,0,0,NULL
adc,AprSummaryOtherConsideration,12,IsDeleted,bit,1,1,0,1,0,0,NULL
adc,AprSummaryOtherConsideration,13,DeletedBy,int,4,10,0,1,0,0,NULL
adc,AprSummaryOtherConsideration,14,DeletedDate,datetime,8,23,3,1,0,0,NULL
adc,AprSummaryOtherConsideration,15,DeleteReason,varchar,500,0,0,1,0,0,NULL
adc,AudConObsAccusedPerson,1,AudConObsAccusedPersonId,int,4,10,0,0,1,0,NULL
adc,AudConObsAccusedPerson,2,AudConObsId,int,4,10,0,0,0,0,NULL
adc,AudConObsAccusedPerson,3,AccusedPin,nvarchar,100,0,0,0,0,0,NULL
adc,AudConObsAccusedPerson,4,AccusedName,nvarchar,300,0,0,0,0,0,NULL
adc,AudConObsAccusedPerson,5,Designation,nvarchar,300,0,0,0,0,0,NULL
adc,AudConObsAccusedPerson,6,SecondaryDesignation,nvarchar,300,0,0,0,0,0,NULL
adc,AudConObsAccusedPerson,7,Email,nvarchar,300,0,0,1,0,0,NULL
adc,AudConObsAccusedPerson,8,MobileNumber,nvarchar,100,0,0,1,0,0,NULL
adc,AudConObsAccusedPerson,9,Amount,decimal,9,18,5,0,0,0,NULL
adc,AudConObsAccusedPerson,10,IncidentFromDate,datetime,8,23,3,1,0,0,NULL
adc,AudConObsAccusedPerson,11,IncidentToDate,datetime,8,23,3,1,0,0,NULL
adc,AudConObsAccusedPerson,12,IsActive,bit,1,1,0,0,0,0,NULL
adc,AudConObsAccusedPerson,13,CreatedBy,int,4,10,0,1,0,0,NULL
adc,AudConObsAccusedPerson,14,CreatedDate,datetime,8,23,3,1,0,0,NULL
adc,AudConObsAccusedPerson,15,UpdatedBy,int,4,10,0,1,0,0,NULL
adc,AudConObsAccusedPerson,16,UpdatedDate,datetime,8,23,3,1,0,0,NULL
adc,AudConObsAccusedPerson,17,IsDeleted,bit,1,1,0,1,0,0,NULL
adc,AudConObsAccusedPerson,18,DeletedBy,int,4,10,0,1,0,0,NULL
adc,AudConObsAccusedPerson,19,DeletedDate,datetime,8,23,3,1,0,0,NULL
adc,AudConObsAccusedPerson,20,DeleteReason,nvarchar,1000,0,0,1,0,0,NULL
adc,AudConObsAccusedPerson,21,Comment,nvarchar,1000,0,0,1,0,0,NULL
adc,AudConObsDonor,1,AudConObsDonorId,int,4,10,0,0,1,0,NULL
adc,AudConObsDonor,2,AudConObsId,int,4,10,0,1,0,0,NULL
adc,AudConObsDonor,3,DonorId,int,4,10,0,1,0,0,NULL
adc,AudConObsDonor,4,IsActive,bit,1,1,0,0,0,0,NULL
adc,AudConObsDonor,5,CreatedBy,int,4,10,0,1,0,0,NULL
adc,AudConObsDonor,6,CreatedDate,datetime,8,23,3,1,0,0,NULL
adc,AudConObsDonor,7,UpdatedBy,int,4,10,0,1,0,0,NULL
adc,AudConObsDonor,8,UpdatedDate,datetime,8,23,3,1,0,0,NULL
adc,AudConObsDonor,9,IsDeleted,bit,1,1,0,1,0,0,NULL
adc,AudConObsDonor,10,DeletedBy,int,4,10,0,1,0,0,NULL
adc,AudConObsDonor,11,DeletedDate,datetime,8,23,3,1,0,0,NULL
adc,AudConObsDonor,12,DeleteReason,nvarchar,1000,0,0,1,0,0,NULL
adc,AuditChangeAssignee,1,AuditChangeAssigneeId,int,4,10,0,0,1,0,NULL
adc,AuditChangeAssignee,2,AuditConductionId,int,4,10,0,1,0,0,NULL
adc,AuditChangeAssignee,3,AuditScheduleId,int,4,10,0,1,0,0,NULL
adc,AuditChangeAssignee,4,ReportWritingReportId,int,4,10,0,1,0,0,NULL
adc,AuditChangeAssignee,5,PreviousAssigneeName,varchar,250,0,0,1,0,0,NULL
adc,AuditChangeAssignee,6,PreviousAssigneePIN,varchar,250,0,0,1,0,0,NULL
adc,AuditChangeAssignee,7,PreviousAssigneeCreatedDate,datetime,8,23,3,1,0,0,NULL
adc,AuditChangeAssignee,8,PreviousAssigneeClosingDate,datetime,8,23,3,1,0,0,NULL
adc,AuditChangeAssignee,9,ChangedAssigneeName,varchar,250,0,0,1,0,0,NULL
adc,AuditChangeAssignee,10,ChangedAssigneePIN,varchar,250,0,0,1,0,0,NULL
adc,AuditChangeAssignee,11,IsActive,bit,1,1,0,1,0,0,NULL
adc,AuditChangeAssignee,12,CreatedBy,int,4,10,0,1,0,0,NULL
adc,AuditChangeAssignee,13,CreatedDate,datetime,8,23,3,1,0,0,NULL
adc,AuditChangeAssignee,14,UpdatedBy,int,4,10,0,1,0,0,NULL
adc,AuditChangeAssignee,15,UpdatedDate,datetime,8,23,3,1,0,0,NULL
adc,AuditChangeAssignee,16,IsDeleted,bit,1,1,0,1,0,0,NULL
adc,AuditChangeAssignee,17,DeletedBy,int,4,10,0,1,0,0,NULL
adc,AuditChangeAssignee,18,DeletedDate,datetime,8,23,3,1,0,0,NULL
adc,AuditChangeAssignee,19,DeleteReason,nvarchar,1000,0,0,1,0,0,NULL
adc,AuditChangeRequest,1,AuditChangeRequestId,int,4,10,0,0,1,0,NULL
adc,AuditChangeRequest,2,AuditConductionId,int,4,10,0,0,0,0,NULL
adc,AuditChangeRequest,3,AuditScheduleId,int,4,10,0,0,0,0,NULL
adc,AuditChangeRequest,4,ReportWritingReportId,int,4,10,0,1,0,0,NULL
adc,AuditChangeRequest,5,AuditChangeRequestGroupId,int,4,10,0,1,0,0,NULL
adc,AuditChangeRequest,6,AuditChangeRequestGroupName,varchar,250,0,0,1,0,0,NULL
adc,AuditChangeRequest,7,AuditChangeRequestTypeId,int,4,10,0,1,0,0,NULL
adc,AuditChangeRequest,8,AuditChangeRequestTypeName,varchar,250,0,0,1,0,0,NULL
adc,AuditChangeRequest,9,CountryId,int,4,10,0,1,0,0,NULL
adc,AuditChangeRequest,10,Country,varchar,150,0,0,1,0,0,NULL
adc,AuditChangeRequest,11,ProgrammeGroupId,int,4,10,0,1,0,0,NULL
adc,AuditChangeRequest,12,ProgrammeGroup,varchar,250,0,0,1,0,0,NULL
adc,AuditChangeRequest,13,ProgrammeId,int,4,10,0,1,0,0,NULL
adc,AuditChangeRequest,14,ProgrammeCategory,varchar,150,0,0,1,0,0,NULL
adc,AuditChangeRequest,15,SubProgrammeId,int,4,10,0,1,0,0,NULL
adc,AuditChangeRequest,16,SubProgrammeCategory,varchar,150,0,0,1,0,0,NULL
adc,AuditChangeRequest,17,ProjectId,int,4,10,0,1,0,0,NULL
adc,AuditChangeRequest,18,Project,varchar,250,0,0,1,0,0,NULL
adc,AuditChangeRequest,19,RiskTypeId,int,4,10,0,1,0,0,NULL
adc,AuditChangeRequest,20,ProjectRisk,varchar,250,0,0,1,0,0,NULL
adc,AuditChangeRequest,21,DivisionId,int,4,10,0,1,0,0,NULL
adc,AuditChangeRequest,22,Division,varchar,150,0,0,1,0,0,NULL
adc,AuditChangeRequest,23,DistrictRegionId,int,4,10,0,1,0,0,NULL
adc,AuditChangeRequest,24,DistrictRegion,varchar,150,0,0,1,0,0,NULL
adc,AuditChangeRequest,25,Area,varchar,150,0,0,1,0,0,NULL
adc,AuditChangeRequest,26,OrgAreaId,int,4,10,0,1,0,0,NULL
adc,AuditChangeRequest,27,Upazila,varchar,150,0,0,1,0,0,NULL
adc,AuditChangeRequest,28,OrgUpazilaId,int,4,10,0,1,0,0,NULL
adc,AuditChangeRequest,29,BranchId,int,4,10,0,1,0,0,NULL
adc,AuditChangeRequest,30,BranchSpot,varchar,200,0,0,1,0,0,NULL
adc,AuditChangeRequest,31,BranchSpotCode,varchar,150,0,0,1,0,0,NULL
adc,AuditChangeRequest,32,AuditTypeId,int,4,10,0,1,0,0,NULL
adc,AuditChangeRequest,33,AuditType,varchar,250,0,0,1,0,0,NULL
adc,AuditChangeRequest,34,ReportTypeId,int,4,10,0,1,0,0,NULL
adc,AuditChangeRequest,35,ReportType,varchar,250,0,0,1,0,0,NULL
adc,AuditChangeRequest,36,ReportWritingReportTypeId,int,4,10,0,1,0,0,NULL
adc,AuditChangeRequest,37,ReportWritingReportType,varchar,250,0,0,1,0,0,NULL
adc,AuditChangeRequest,38,ActualConductionStartDate,datetime,8,23,3,1,0,0,NULL
adc,AuditChangeRequest,39,AuditPeriod,varchar,250,0,0,1,0,0,NULL
adc,AuditChangeRequest,40,AuditPeriodFrom,datetime,8,23,3,1,0,0,NULL
adc,AuditChangeRequest,41,AuditPeriodTo,datetime,8,23,3,1,0,0,NULL
adc,AuditChangeRequest,42,ExpectedAuditConductionDate,varchar,250,0,0,1,0,0,NULL
adc,AuditChangeRequest,43,AuditConductionScheduledFrom,datetime,8,23,3,1,0,0,NULL
adc,AuditChangeRequest,44,AuditConductionScheduledTo,datetime,8,23,3,1,0,0,NULL
adc,AuditChangeRequest,45,AuditConductionTimeActual,varchar,250,0,0,1,0,0,NULL
adc,AuditChangeRequest,46,AuditConductionActualFrom,datetime,8,23,3,1,0,0,NULL
adc,AuditChangeRequest,47,AuditConductionActualTo,datetime,8,23,3,1,0,0,NULL
adc,AuditChangeRequest,48,AuditorName,varchar,1000,0,0,1,0,0,NULL
adc,AuditChangeRequest,49,ZoneName,varchar,250,0,0,1,0,0,NULL
adc,AuditChangeRequest,50,ManagerNamePIN,varchar,500,0,0,1,0,0,NULL
adc,AuditChangeRequest,51,SrManagerNamePIN,varchar,250,0,0,1,0,0,NULL
adc,AuditChangeRequest,52,ProgrammeHeadNamePIN,varchar,250,0,0,1,0,0,NULL
adc,AuditChangeRequest,53,DirectorNamePIN,varchar,250,0,0,1,0,0,NULL
adc,AuditChangeRequest,54,LineManagementHirarchy,varchar,250,0,0,1,0,0,NULL
adc,AuditChangeRequest,55,AuditConductionStatusId,int,4,10,0,1,0,0,NULL
adc,AuditChangeRequest,56,AuditConductionStatus,varchar,250,0,0,1,0,0,NULL
adc,AuditChangeRequest,57,ReportWritingReportStatusId,int,4,10,0,1,0,0,NULL
adc,AuditChangeRequest,58,ReportWritingReportStatus,varchar,250,0,0,1,0,0,NULL
adc,AuditChangeRequest,59,ActionPlanStatusId,int,4,10,0,1,0,0,NULL
adc,AuditChangeRequest,60,ActionPlanStatus,varchar,20,0,0,1,0,0,NULL
adc,AuditChangeRequest,61,ReportDispatchStatusId,int,4,10,0,1,0,0,NULL
adc,AuditChangeRequest,62,ReportDispatchStatus,varchar,250,0,0,1,0,0,NULL
adc,AuditChangeRequest,63,RequestStatusId,int,4,10,0,1,0,0,NULL
adc,AuditChangeRequest,64,RequestStatus,varchar,250,0,0,1,0,0,NULL
adc,AuditChangeRequest,65,RequestBy,int,4,10,0,1,0,0,NULL
adc,AuditChangeRequest,66,RequesterName,varchar,250,0,0,1,0,0,NULL
adc,AuditChangeRequest,67,RequestedDate,datetime,8,23,3,1,0,0,NULL
adc,AuditChangeRequest,68,AcceptedRejectedBy,int,4,10,0,1,0,0,NULL
adc,AuditChangeRequest,69,AcceptedRejectedName,varchar,250,0,0,1,0,0,NULL
adc,AuditChangeRequest,70,AcceptedRejectedDate,datetime,8,23,3,1,0,0,NULL
adc,AuditChangeRequest,71,ColorCode,nvarchar,100,0,0,1,0,0,NULL
adc,AuditChangeRequest,72,RiskTypeCode,nvarchar,500,0,0,1,0,0,NULL
adc,AuditChangeRequest,73,ActualConductionDate,nvarchar,500,0,0,1,0,0,NULL
adc,AuditChangeRequest,74,ActualConductionEndDate,datetime,8,23,3,1,0,0,NULL
adc,AuditChangeRequest,75,ZoneId,int,4,10,0,1,0,0,NULL
adc,AuditChangeRequest,76,ConductionAssigneeStaffName,nvarchar,500,0,0,1,0,0,NULL
adc,AuditChangeRequest,77,ConductionAssigneeStaffPin,nvarchar,500,0,0,1,0,0,NULL
adc,AuditChangeRequest,78,ReportWritingAssineeWPDId,int,4,10,0,1,0,0,NULL
adc,AuditChangeRequest,79,ReportWritingAssigneeStaffName,varchar,250,0,0,1,0,0,NULL
adc,AuditChangeRequest,80,ReportWritingAssigneeStaffPin,varchar,50,0,0,1,0,0,NULL
adc,AuditChangeRequest,81,ReportWritingAssigneeDate,datetime,8,23,3,1,0,0,NULL
adc,AuditChangeRequest,82,Year,int,4,10,0,1,0,0,NULL
adc,AuditChangeRequest,83,Month,int,4,10,0,1,0,0,NULL
adc,AuditChangeRequest,84,IsActive,bit,1,1,0,1,0,0,NULL
adc,AuditChangeRequest,85,RequestedAssigneeWPDId,int,4,10,0,1,0,0,NULL
adc,AuditChangeRequest,86,RequestedAssignee,varchar,250,0,0,1,0,0,NULL
adc,AuditChangeRequest,87,AlternateRequestedAssigneeWPDId,int,4,10,0,1,0,0,NULL
adc,AuditChangeRequest,88,AlternateRequestedAssignee,varchar,250,0,0,1,0,0,NULL
adc,AuditChangeRequest,93,CreatedBy,int,4,10,0,1,0,0,NULL
adc,AuditChangeRequest,94,CreatedDate,datetime,8,23,3,1,0,0,NULL
adc,AuditChangeRequest,95,UpdatedBy,int,4,10,0,1,0,0,NULL
adc,AuditChangeRequest,96,UpdatedDate,datetime,8,23,3,1,0,0,NULL
adc,AuditChangeRequest,97,IsDeleted,bit,1,1,0,1,0,0,NULL
adc,AuditChangeRequest,98,DeletedBy,int,4,10,0,1,0,0,NULL
adc,AuditChangeRequest,99,DeletedDate,datetime,8,23,3,1,0,0,NULL
adc,AuditChangeRequest,100,DeleteReason,nvarchar,1000,0,0,1,0,0,NULL
adc,AuditChangeRequestGroup,1,AuditChangeRequestGroupId,int,4,10,0,0,0,0,NULL
adc,AuditChangeRequestGroup,2,AuditChangeRequestGroupName,varchar,250,0,0,0,0,0,NULL
adc,AuditChangeRequestGroup,3,Description,varchar,500,0,0,1,0,0,NULL
adc,AuditChangeRequestGroup,4,IsActive,bit,1,1,0,0,0,0,NULL
adc,AuditChangeRequestGroup,5,CreatedBy,int,4,10,0,1,0,0,NULL
adc,AuditChangeRequestGroup,6,CreatedDate,datetime,8,23,3,1,0,0,NULL
adc,AuditChangeRequestGroup,7,UpdatedBy,int,4,10,0,1,0,0,NULL
adc,AuditChangeRequestGroup,8,UpdatedDate,datetime,8,23,3,1,0,0,NULL
adc,AuditChangeRequestGroup,9,IsDeleted,bit,1,1,0,1,0,0,NULL
adc,AuditChangeRequestGroup,10,DeletedBy,int,4,10,0,1,0,0,NULL
adc,AuditChangeRequestGroup,11,DeletedDate,datetime,8,23,3,1,0,0,NULL
adc,AuditChangeRequestGroup,12,DeleteReason,nvarchar,1000,0,0,1,0,0,NULL
adc,AuditChangeRequestStatus,1,AuditChangeRequestStatusId,int,4,10,0,0,0,0,NULL
adc,AuditChangeRequestStatus,2,AuditChangeRequestStatusName,varchar,250,0,0,0,0,0,NULL
adc,AuditChangeRequestStatus,3,Description,varchar,500,0,0,1,0,0,NULL
adc,AuditChangeRequestStatus,4,IsActive,bit,1,1,0,0,0,0,NULL
adc,AuditChangeRequestStatus,5,CreatedBy,int,4,10,0,1,0,0,NULL
adc,AuditChangeRequestStatus,6,CreatedDate,datetime,8,23,3,1,0,0,NULL
adc,AuditChangeRequestStatus,7,UpdatedBy,int,4,10,0,1,0,0,NULL
adc,AuditChangeRequestStatus,8,UpdatedDate,datetime,8,23,3,1,0,0,NULL
adc,AuditChangeRequestStatus,9,IsDeleted,bit,1,1,0,1,0,0,NULL
adc,AuditChangeRequestStatus,10,DeletedBy,int,4,10,0,1,0,0,NULL
adc,AuditChangeRequestStatus,11,DeletedDate,datetime,8,23,3,1,0,0,NULL
adc,AuditChangeRequestStatus,12,DeleteReason,nvarchar,1000,0,0,1,0,0,NULL
adc,AuditChangeRequestType,1,AuditChangeRequestTypeId,int,4,10,0,0,0,0,NULL
adc,AuditChangeRequestType,2,ChangeRequestGroupId,int,4,10,0,0,0,0,NULL
adc,AuditChangeRequestType,3,AuditChangeRequestTypeName,varchar,250,0,0,0,0,0,NULL
adc,AuditChangeRequestType,4,Description,varchar,500,0,0,1,0,0,NULL
adc,AuditChangeRequestType,5,IsActive,bit,1,1,0,0,0,0,NULL
adc,AuditChangeRequestType,6,CreatedBy,int,4,10,0,1,0,0,NULL
adc,AuditChangeRequestType,7,CreatedDate,datetime,8,23,3,1,0,0,NULL
adc,AuditChangeRequestType,8,UpdatedBy,int,4,10,0,1,0,0,NULL
adc,AuditChangeRequestType,9,UpdatedDate,datetime,8,23,3,1,0,0,NULL
adc,AuditChangeRequestType,10,IsDeleted,bit,1,1,0,1,0,0,NULL
adc,AuditChangeRequestType,11,DeletedBy,int,4,10,0,1,0,0,NULL
adc,AuditChangeRequestType,12,DeletedDate,datetime,8,23,3,1,0,0,NULL
adc,AuditChangeRequestType,13,DeleteReason,nvarchar,1000,0,0,1,0,0,NULL
adc,AuditCondObservationDetail,1,ObservationDetailId,bigint,8,19,0,0,1,0,NULL
adc,AuditCondObservationDetail,2,AudConObsId,int,4,10,0,1,0,0,NULL
adc,AuditCondObservationDetail,3,IsPortrait,bit,1,1,0,1,0,0,((1))
adc,AuditCondObservationDetail,4,ObservationKeyWordId,int,4,10,0,1,0,0,NULL
adc,AuditCondObservationDetail,5,ObservationCategoryId,int,4,10,0,1,0,0,NULL
adc,AuditCondObservationDetail,6,ShowObservationCategory,bit,1,1,0,1,0,0,NULL
adc,AuditCondObservationDetail,7,ComponentId,int,4,10,0,1,0,0,NULL
adc,AuditCondObservationDetail,8,ShowComponent,bit,1,1,0,1,0,0,NULL
adc,AuditCondObservationDetail,9,PrincipalId,int,4,10,0,1,0,0,NULL
adc,AuditCondObservationDetail,10,ShowPrincipal,bit,1,1,0,1,0,0,NULL
adc,AuditCondObservationDetail,11,PlanningProcess,nvarchar,2000,0,0,1,0,0,NULL
adc,AuditCondObservationDetail,12,ShowPlanningProcess,bit,1,1,0,1,0,0,NULL
adc,AuditCondObservationDetail,13,PlanningSubProcess,nvarchar,2000,0,0,1,0,0,NULL
adc,AuditCondObservationDetail,14,ShowPlanningSubProcess,bit,1,1,0,1,0,0,NULL
adc,AuditCondObservationDetail,15,RiskCriteriaId,int,4,10,0,1,0,0,NULL
adc,AuditCondObservationDetail,16,ShowRiskCriteria,bit,1,1,0,1,0,0,NULL
adc,AuditCondObservationDetail,17,ObservationTitle,nvarchar,-1,0,0,1,0,0,NULL
adc,AuditCondObservationDetail,18,ShowObservationTitle,bit,1,1,0,1,0,0,NULL
adc,AuditCondObservationDetail,19,ObservationAmount,numeric,9,18,2,1,0,0,NULL
adc,AuditCondObservationDetail,20,ShowObservationAmount,bit,1,1,0,1,0,0,NULL
adc,AuditCondObservationDetail,21,ObservationQuantityMsrUnit,varchar,20,0,0,1,0,0,NULL
adc,AuditCondObservationDetail,22,ObservationQuantity,int,4,10,0,1,0,0,NULL
adc,AuditCondObservationDetail,23,ShowObservationQuantity,bit,1,1,0,1,0,0,NULL
adc,AuditCondObservationDetail,24,ObservationGradeId,int,4,10,0,1,0,0,NULL
adc,AuditCondObservationDetail,25,ObservationGrade,varchar,10,0,0,1,0,0,NULL
adc,AuditCondObservationDetail,26,ShowObservationGrade,bit,1,1,0,1,0,0,NULL
adc,AuditCondObservationDetail,27,ObservationGradeTextColor,varchar,10,0,0,1,0,0,NULL
adc,AuditCondObservationDetail,28,ObservationGradeColor,varchar,10,0,0,1,0,0,NULL
adc,AuditCondObservationDetail,29,ObservationCriteria,nvarchar,-1,0,0,1,0,0,NULL
adc,AuditCondObservationDetail,30,ShowObservationCriteria,bit,1,1,0,1,0,0,NULL
adc,AuditCondObservationDetail,31,ObservationHeader,nvarchar,-1,0,0,1,0,0,NULL
adc,AuditCondObservationDetail,32,ShowObservationHeader,bit,1,1,0,1,0,0,NULL
adc,AuditCondObservationDetail,33,Observation,nvarchar,-1,0,0,1,0,0,NULL
adc,AuditCondObservationDetail,34,ShowObservation,bit,1,1,0,1,0,0,NULL
adc,AuditCondObservationDetail,35,ObservationDetail,nvarchar,-1,0,0,1,0,0,NULL
adc,AuditCondObservationDetail,36,ShowObservationDetail,bit,1,1,0,1,0,0,NULL
adc,AuditCondObservationDetail,37,PopulationSample,nvarchar,-1,0,0,1,0,0,NULL
adc,AuditCondObservationDetail,38,ShowPopulationSample,bit,1,1,0,1,0,0,NULL
adc,AuditCondObservationDetail,39,Population,int,4,10,0,1,0,0,NULL
adc,AuditCondObservationDetail,40,SampleSize,int,4,10,0,1,0,0,NULL
adc,AuditCondObservationDetail,41,SamplePercentage,numeric,5,5,2,1,0,0,NULL
adc,AuditCondObservationDetail,42,Instances,int,4,10,0,1,0,0,NULL
adc,AuditCondObservationDetail,43,InstancesPercentage,numeric,5,5,2,1,0,0,NULL
adc,AuditCondObservationDetail,44,RootCause,nvarchar,-1,0,0,1,0,0,NULL
adc,AuditCondObservationDetail,45,ShowRootCause,bit,1,1,0,1,0,0,NULL
adc,AuditCondObservationDetail,46,ManagementComment,nvarchar,-1,0,0,1,0,0,NULL
adc,AuditCondObservationDetail,47,ShowManagementComment,bit,1,1,0,1,0,0,NULL
adc,AuditCondObservationDetail,48,RiskImplications,nvarchar,-1,0,0,1,0,0,NULL
adc,AuditCondObservationDetail,49,ShowRiskImplications,bit,1,1,0,1,0,0,NULL
adc,AuditCondObservationDetail,50,StepsTaken,nvarchar,-1,0,0,1,0,0,NULL
adc,AuditCondObservationDetail,51,ShowStepsTaken,bit,1,1,0,1,0,0,NULL
adc,AuditCondObservationDetail,52,Recommendation,nvarchar,-1,0,0,1,0,0,NULL
adc,AuditCondObservationDetail,53,ShowRecommendation,bit,1,1,0,1,0,0,NULL
adc,AuditCondObservationDetail,54,ManagementActionComment,nvarchar,-1,0,0,1,0,0,NULL
adc,AuditCondObservationDetail,55,ShowManagementActionComment,bit,1,1,0,1,0,0,NULL
adc,AuditCondObservationDetail,56,ManagementActionCommentDate,date,3,10,0,1,0,0,NULL
adc,AuditCondObservationDetail,57,ManagementActionCorrective,nvarchar,-1,0,0,1,0,0,NULL
adc,AuditCondObservationDetail,58,ManagementActionCorrectiveDate,date,3,10,0,1,0,0,NULL
adc,AuditCondObservationDetail,59,ShowManagementActionCorrective,bit,1,1,0,1,0,0,NULL
adc,AuditCondObservationDetail,60,ManagementActionPreventive,nvarchar,-1,0,0,1,0,0,NULL
adc,AuditCondObservationDetail,61,ManagementActionPreventiveDate,date,3,10,0,1,0,0,NULL
adc,AuditCondObservationDetail,62,ShowManagementActionPreventive,bit,1,1,0,1,0,0,NULL
adc,AuditCondObservationDetail,63,ManagementActionOwner,nvarchar,-1,0,0,1,0,0,NULL
adc,AuditCondObservationDetail,64,ManagementActionOwnerDate,date,3,10,0,1,0,0,NULL
adc,AuditCondObservationDetail,65,ShowManagementActionOwner,bit,1,1,0,1,0,0,NULL
adc,AuditCondObservationDetail,66,ComplianceStatus,nvarchar,-1,0,0,1,0,0,NULL
adc,AuditCondObservationDetail,67,ShowComplianceStatus,bit,1,1,0,1,0,0,NULL
adc,AuditCondObservationDetail,68,AuditCompliance,nvarchar,-1,0,0,1,0,0,NULL
adc,AuditCondObservationDetail,69,ShowAuditCompliance,bit,1,1,0,1,0,0,NULL
adc,AuditCondObservationDetail,70,IsActive,bit,1,1,0,0,0,0,NULL
adc,AuditCondObservationDetail,71,CreatedBy,int,4,10,0,1,0,0,NULL
adc,AuditCondObservationDetail,72,CreatedDate,datetime,8,23,3,1,0,0,NULL
adc,AuditCondObservationDetail,73,UpdatedBy,int,4,10,0,1,0,0,NULL
adc,AuditCondObservationDetail,74,UpdatedDate,datetime,8,23,3,1,0,0,NULL
adc,AuditCondObservationDetail,75,IsDeleted,bit,1,1,0,1,0,0,NULL
adc,AuditCondObservationDetail,76,DeletedBy,int,4,10,0,1,0,0,NULL
adc,AuditCondObservationDetail,77,DeletedDate,datetime,8,23,3,1,0,0,NULL
adc,AuditCondObservationDetail,78,DeleteReason,nvarchar,1000,0,0,1,0,0,NULL
adc,AuditCondObservationDetail,79,ManagementRecommendation,nvarchar,-1,0,0,1,0,0,NULL
adc,AuditCondObservationDetail,80,ShowManagementRecommendation,bit,1,1,0,1,0,0,((1))
adc,AuditCondObservationDetail,81,AuditConductionDocumentTypeId,int,4,10,0,1,0,0,NULL
adc,AuditCondObservationDetail,82,APRSuggestedGrade,varchar,10,0,0,1,0,0,NULL
adc,AuditCondObservationDetail,83,APRSuggestedGradeTextColor,varchar,10,0,0,1,0,0,NULL
adc,AuditCondObservationDetail,84,APRSuggestedGradeColor,varchar,10,0,0,1,0,0,NULL
adc,AuditCondObservationDetailColumn,1,AuditCondObservationDetailColumnId,int,4,10,0,0,1,0,NULL
adc,AuditCondObservationDetailColumn,2,AuditCondObservationDetailColumnName,nvarchar,500,0,0,0,0,0,NULL
adc,AuditCondObservationDetailColumn,3,DisplayName,nvarchar,500,0,0,1,0,0,NULL
adc,AuditCondObservationDetailColumn,4,IsActive,bit,1,1,0,0,0,0,NULL
adc,AuditCondObservationDetailColumn,5,CreatedBy,int,4,10,0,1,0,0,NULL
adc,AuditCondObservationDetailColumn,6,CreatedDate,datetime,8,23,3,1,0,0,NULL
adc,AuditCondObservationDetailColumn,7,UpdatedBy,int,4,10,0,1,0,0,NULL
adc,AuditCondObservationDetailColumn,8,UpdatedDate,datetime,8,23,3,1,0,0,NULL
adc,AuditCondObservationDetailColumn,9,IsDeleted,bit,1,1,0,1,0,0,NULL
adc,AuditCondObservationDetailColumn,10,DeletedBy,int,4,10,0,1,0,0,NULL
adc,AuditCondObservationDetailColumn,11,DeletedDate,datetime,8,23,3,1,0,0,NULL
adc,AuditCondObservationDetailColumn,12,DeleteReason,nvarchar,1000,0,0,1,0,0,NULL
adc,AuditCondObservationDetailComment,1,AuditCondObservationDetailCommentId,int,4,10,0,0,1,0,NULL
adc,AuditCondObservationDetailComment,2,AuditCondObservationDetailColumnId,int,4,10,0,1,0,0,NULL
adc,AuditCondObservationDetailComment,3,AuditScheduleId,int,4,10,0,1,0,0,NULL
adc,AuditCondObservationDetailComment,4,AuditConductionId,int,4,10,0,1,0,0,NULL
adc,AuditCondObservationDetailComment,5,ObservationDetailId,int,4,10,0,1,0,0,NULL
adc,AuditCondObservationDetailComment,6,AudConObsId,int,4,10,0,1,0,0,NULL
adc,AuditCondObservationDetailComment,7,CommentAreaTypeId,int,4,10,0,1,0,0,NULL
adc,AuditCondObservationDetailComment,8,CommentSubAreaTypeId,int,4,10,0,1,0,0,NULL
adc,AuditCondObservationDetailComment,9,Comments,nvarchar,-1,0,0,1,0,0,NULL
adc,AuditCondObservationDetailComment,10,ParentCommentId,int,4,10,0,1,0,0,NULL
adc,AuditCondObservationDetailComment,11,IsEdited,bit,1,1,0,1,0,0,NULL
adc,AuditCondObservationDetailComment,12,IsRemoved,bit,1,1,0,1,0,0,NULL
adc,AuditCondObservationDetailComment,13,CommentCreatedDate,datetime,8,23,3,1,0,0,NULL
adc,AuditCondObservationDetailComment,14,CommentUpdatedDate,datetime,8,23,3,1,0,0,NULL
adc,AuditCondObservationDetailComment,15,IsActive,bit,1,1,0,1,0,0,NULL
adc,AuditCondObservationDetailComment,16,CreatedBy,int,4,10,0,1,0,0,NULL
adc,AuditCondObservationDetailComment,17,CreatedDate,datetime,8,23,3,1,0,0,NULL
adc,AuditCondObservationDetailComment,18,UpdatedBy,int,4,10,0,1,0,0,NULL
adc,AuditCondObservationDetailComment,19,UpdatedDate,datetime,8,23,3,1,0,0,NULL
adc,AuditCondObservationDetailComment,20,IsDeleted,bit,1,1,0,1,0,0,NULL
adc,AuditCondObservationDetailComment,21,DeletedBy,int,4,10,0,1,0,0,NULL
adc,AuditCondObservationDetailComment,22,DeletedDate,datetime,8,23,3,1,0,0,NULL
adc,AuditCondObservationDetailComment,23,DeleteReason,nchar,20,0,0,1,0,0,NULL
adc,AuditCondObservationDetailComment,24,ReportWritingReportHistoryId,int,4,10,0,1,0,0,NULL
adc,AuditCondObservationDetailComment,25,CurrentVersionNumber,int,4,10,0,1,0,0,NULL
adc,AuditCondObservationTemplate,1,ObservationTemplateId,int,4,10,0,0,1,0,NULL
adc,AuditCondObservationTemplate,2,IsPortrait,bit,1,1,0,1,0,0,((1))
adc,AuditCondObservationTemplate,3,ObservationKeyWordId,int,4,10,0,1,0,0,NULL
adc,AuditCondObservationTemplate,4,ObservationCategoryId,int,4,10,0,1,0,0,NULL
adc,AuditCondObservationTemplate,5,ShowObservationCategory,bit,1,1,0,1,0,0,NULL
adc,AuditCondObservationTemplate,6,ComponentId,int,4,10,0,1,0,0,NULL
adc,AuditCondObservationTemplate,7,ShowComponent,bit,1,1,0,1,0,0,NULL
adc,AuditCondObservationTemplate,8,PrincipalId,int,4,10,0,1,0,0,NULL
adc,AuditCondObservationTemplate,9,ShowPrincipal,bit,1,1,0,1,0,0,NULL
adc,AuditCondObservationTemplate,10,PlanningProcess,nvarchar,2000,0,0,1,0,0,NULL
adc,AuditCondObservationTemplate,11,ShowPlanningProcess,bit,1,1,0,1,0,0,NULL
adc,AuditCondObservationTemplate,12,PlanningSubProcess,nvarchar,2000,0,0,1,0,0,NULL
adc,AuditCondObservationTemplate,13,ShowPlanningSubProcess,bit,1,1,0,1,0,0,NULL
adc,AuditCondObservationTemplate,14,RiskCriteriaId,int,4,10,0,1,0,0,NULL
adc,AuditCondObservationTemplate,15,ShowRiskCriteria,bit,1,1,0,1,0,0,NULL
adc,AuditCondObservationTemplate,16,ObservationTitle,nvarchar,-1,0,0,1,0,0,NULL
adc,AuditCondObservationTemplate,17,ShowObservationTitle,bit,1,1,0,1,0,0,NULL
adc,AuditCondObservationTemplate,18,ObservationAmount,numeric,9,18,2,1,0,0,NULL
adc,AuditCondObservationTemplate,19,ShowObservationAmount,bit,1,1,0,1,0,0,NULL
adc,AuditCondObservationTemplate,20,ObservationQuantityMsrUnit,varchar,20,0,0,1,0,0,NULL
adc,AuditCondObservationTemplate,21,ObservationQuantity,int,4,10,0,1,0,0,NULL
adc,AuditCondObservationTemplate,22,ShowObservationQuantity,bit,1,1,0,1,0,0,NULL
adc,AuditCondObservationTemplate,23,ObservationGradeId,int,4,10,0,1,0,0,NULL
adc,AuditCondObservationTemplate,24,ObservationGrade,varchar,10,0,0,1,0,0,NULL
adc,AuditCondObservationTemplate,25,ShowObservationGrade,bit,1,1,0,1,0,0,NULL
adc,AuditCondObservationTemplate,26,ObservationGradeTextColor,varchar,10,0,0,1,0,0,NULL
adc,AuditCondObservationTemplate,27,ObservationGradeColor,varchar,10,0,0,1,0,0,NULL
adc,AuditCondObservationTemplate,28,ObservationCriteria,nvarchar,-1,0,0,1,0,0,NULL
adc,AuditCondObservationTemplate,29,ShowObservationCriteria,bit,1,1,0,1,0,0,NULL
adc,AuditCondObservationTemplate,30,ObservationHeader,nvarchar,-1,0,0,1,0,0,NULL
adc,AuditCondObservationTemplate,31,ShowObservationHeader,bit,1,1,0,1,0,0,NULL
adc,AuditCondObservationTemplate,32,Observation,nvarchar,-1,0,0,1,0,0,NULL
adc,AuditCondObservationTemplate,33,ShowObservation,bit,1,1,0,1,0,0,NULL
adc,AuditCondObservationTemplate,34,ObservationDetail,nvarchar,-1,0,0,1,0,0,NULL
adc,AuditCondObservationTemplate,35,ShowObservationDetail,bit,1,1,0,1,0,0,NULL
adc,AuditCondObservationTemplate,36,PopulationSample,nvarchar,-1,0,0,1,0,0,NULL
adc,AuditCondObservationTemplate,37,ShowPopulationSample,bit,1,1,0,1,0,0,NULL
adc,AuditCondObservationTemplate,38,Population,varchar,150,0,0,1,0,0,NULL
adc,AuditCondObservationTemplate,39,SampleSize,varchar,150,0,0,1,0,0,NULL
adc,AuditCondObservationTemplate,40,SamplePercentage,varchar,150,0,0,1,0,0,NULL
adc,AuditCondObservationTemplate,41,Instances,varchar,150,0,0,1,0,0,NULL
adc,AuditCondObservationTemplate,42,InstancesPercentage,varchar,150,0,0,1,0,0,NULL
adc,AuditCondObservationTemplate,43,RootCause,nvarchar,-1,0,0,1,0,0,NULL
adc,AuditCondObservationTemplate,44,ShowRootCause,bit,1,1,0,1,0,0,NULL
adc,AuditCondObservationTemplate,45,ManagementComment,nvarchar,-1,0,0,1,0,0,NULL
adc,AuditCondObservationTemplate,46,ShowManagementComment,bit,1,1,0,1,0,0,NULL
adc,AuditCondObservationTemplate,47,RiskImplications,nvarchar,-1,0,0,1,0,0,NULL
adc,AuditCondObservationTemplate,48,ShowRiskImplications,bit,1,1,0,1,0,0,NULL
adc,AuditCondObservationTemplate,49,StepsTaken,nvarchar,-1,0,0,1,0,0,NULL
adc,AuditCondObservationTemplate,50,ShowStepsTaken,bit,1,1,0,1,0,0,NULL
adc,AuditCondObservationTemplate,51,Recommendation,nvarchar,-1,0,0,1,0,0,NULL
adc,AuditCondObservationTemplate,52,ShowRecommendation,bit,1,1,0,1,0,0,NULL
adc,AuditCondObservationTemplate,53,ManagementActionComment,nvarchar,-1,0,0,1,0,0,NULL
adc,AuditCondObservationTemplate,54,ShowManagementActionComment,bit,1,1,0,1,0,0,NULL
adc,AuditCondObservationTemplate,55,ManagementActionCommentDate,date,3,10,0,1,0,0,NULL
adc,AuditCondObservationTemplate,56,ManagementActionCorrective,nvarchar,-1,0,0,1,0,0,NULL
adc,AuditCondObservationTemplate,57,ManagementActionCorrectiveDate,date,3,10,0,1,0,0,NULL
adc,AuditCondObservationTemplate,58,ShowManagementActionCorrective,bit,1,1,0,1,0,0,NULL
adc,AuditCondObservationTemplate,59,ManagementActionPreventive,nvarchar,-1,0,0,1,0,0,NULL
adc,AuditCondObservationTemplate,60,ManagementActionPreventiveDate,date,3,10,0,1,0,0,NULL
adc,AuditCondObservationTemplate,61,ShowManagementActionPreventive,bit,1,1,0,1,0,0,NULL
adc,AuditCondObservationTemplate,62,ManagementActionOwner,nvarchar,-1,0,0,1,0,0,NULL
adc,AuditCondObservationTemplate,63,ManagementActionOwnerDate,date,3,10,0,1,0,0,NULL
adc,AuditCondObservationTemplate,64,ShowManagementActionOwner,bit,1,1,0,1,0,0,NULL
adc,AuditCondObservationTemplate,65,ComplianceStatus,nvarchar,-1,0,0,1,0,0,NULL
adc,AuditCondObservationTemplate,66,ShowComplianceStatus,bit,1,1,0,1,0,0,NULL
adc,AuditCondObservationTemplate,67,AuditCompliance,nvarchar,-1,0,0,1,0,0,NULL
adc,AuditCondObservationTemplate,68,ShowAuditCompliance,bit,1,1,0,1,0,0,NULL
adc,AuditCondObservationTemplate,69,ManagementRecommendation,nvarchar,-1,0,0,1,0,0,NULL
adc,AuditCondObservationTemplate,70,ShowManagementRecommendation,bit,1,1,0,1,0,0,((1))
adc,AuditCondObservationTemplate,71,AuditConductionDocumentTypeId,int,4,10,0,1,0,0,NULL
adc,AuditCondObservationTemplate,72,ShowObservationKeyword,bit,1,1,0,1,0,0,NULL
adc,AuditCondObservationTemplate,73,IsActive,bit,1,1,0,1,0,0,NULL
adc,AuditCondObservationTemplate,74,CreatedBy,int,4,10,0,1,0,0,NULL
adc,AuditCondObservationTemplate,75,CreatedDate,datetime,8,23,3,1,0,0,NULL
adc,AuditCondObservationTemplate,76,UpdatedBy,int,4,10,0,1,0,0,NULL
adc,AuditCondObservationTemplate,77,UpdatedDate,datetime,8,23,3,1,0,0,NULL
adc,AuditCondObservationTemplate,78,IsDeleted,bit,1,1,0,1,0,0,NULL
adc,AuditCondObservationTemplate,79,DeletedBy,int,4,10,0,1,0,0,NULL
adc,AuditCondObservationTemplate,80,DeletedDate,datetime,8,23,3,1,0,0,NULL
adc,AuditCondObservationTemplate,81,DeleteReason,nvarchar,500,0,0,1,0,0,NULL
adc,AuditConduction,1,AuditConductionId,int,4,10,0,0,1,0,NULL
adc,AuditConduction,2,AuditScheduleId,int,4,10,0,0,0,0,NULL
adc,AuditConduction,3,AuditConductionStatusId,int,4,10,0,1,0,0,NULL
adc,AuditConduction,4,AuditPeriodFrom,datetime,8,23,3,1,0,0,NULL
adc,AuditConduction,5,AuditPeriodTo,datetime,8,23,3,1,0,0,NULL
adc,AuditConduction,6,ExpectedConductionStartDate,datetime,8,23,3,1,0,0,NULL
adc,AuditConduction,7,ExpectedConductionEndDate,datetime,8,23,3,1,0,0,NULL
adc,AuditConduction,8,ActualConductionStartDate,datetime,8,23,3,1,0,0,NULL
adc,AuditConduction,9,ActualConductionEndDate,datetime,8,23,3,1,0,0,NULL
adc,AuditConduction,10,ExpectedAuditPeriodFrom,datetime,8,23,3,1,0,0,NULL
adc,AuditConduction,11,ExpectedAuditPeriodTo,datetime,8,23,3,1,0,0,NULL
adc,AuditConduction,12,IsActive,bit,1,1,0,0,0,0,NULL
adc,AuditConduction,13,CreatedBy,int,4,10,0,1,0,0,NULL
adc,AuditConduction,14,CreatedDate,datetime,8,23,3,1,0,0,NULL
adc,AuditConduction,15,UpdatedBy,int,4,10,0,1,0,0,NULL
adc,AuditConduction,16,UpdatedDate,datetime,8,23,3,1,0,0,NULL
adc,AuditConduction,17,IsDeleted,bit,1,1,0,1,0,0,NULL
adc,AuditConduction,18,DeletedBy,int,4,10,0,1,0,0,NULL
adc,AuditConduction,19,DeletedDate,datetime,8,23,3,1,0,0,NULL
adc,AuditConduction,20,DeleteReason,nvarchar,1000,0,0,1,0,0,NULL
adc,AuditConduction,21,WorkflowProcessDetailId,int,4,10,0,1,0,0,NULL
adc,AuditConduction,22,DispatchDate,datetime,8,23,3,1,0,0,NULL
adc,AuditConduction,23,EmailTransactionId,varchar,255,0,0,1,0,0,NULL
adc,AuditConduction,24,DispatchBy,int,4,10,0,1,0,0,NULL
adc,AuditConduction,25,HasObservation,bit,1,1,0,1,0,0,NULL
adc,AuditConduction,26,IsModel,bit,1,1,0,1,0,0,NULL
adc,AuditConduction,27,IsIARFC,bit,1,1,0,1,0,0,NULL
adc,AuditConduction,28,IsIARMC,bit,1,1,0,1,0,0,NULL
adc,AuditConduction,29,AuditChangeRequestTypeId,int,4,10,0,1,0,0,NULL
adc,AuditConduction,30,AuditChangeRequestStatusId,int,4,10,0,1,0,0,NULL
adc,AuditConduction,31,RequestedBy,int,4,10,0,1,0,0,NULL
adc,AuditConduction,32,RequestedDate,datetime,8,23,3,1,0,0,NULL
adc,AuditConduction,33,RequesterName,varchar,250,0,0,1,0,0,NULL
adc,AuditConduction,34,AcceptedRejectedBy,int,4,10,0,1,0,0,NULL
adc,AuditConduction,35,AcceptedRejectedDate,datetime,8,23,3,1,0,0,NULL
adc,AuditConduction,36,AcceptedRejectedName,varchar,250,0,0,1,0,0,NULL
adc,AuditConduction,37,AuditChangeRequestId,int,4,10,0,1,0,0,NULL
adc,AuditConductionComment,1,AuditConductionCommentId,int,4,10,0,0,1,0,NULL
adc,AuditConductionComment,2,AuditScheduleId,int,4,10,0,1,0,0,NULL
adc,AuditConductionComment,3,AuditConductionId,int,4,10,0,1,0,0,NULL
adc,AuditConductionComment,4,CommentAreaTypeId,int,4,10,0,1,0,0,NULL
adc,AuditConductionComment,5,CommentSubAreaTypeId,int,4,10,0,1,0,0,NULL
adc,AuditConductionComment,6,Comments,nvarchar,-1,0,0,1,0,0,NULL
adc,AuditConductionComment,7,ParentCommentId,int,4,10,0,1,0,0,NULL
adc,AuditConductionComment,8,IsEdited,bit,1,1,0,1,0,0,NULL
adc,AuditConductionComment,9,IsRemoved,bit,1,1,0,1,0,0,NULL
adc,AuditConductionComment,10,CommentCreatedDate,datetime,8,23,3,1,0,0,NULL
adc,AuditConductionComment,11,CommentUpdatedDate,datetime,8,23,3,1,0,0,NULL
adc,AuditConductionComment,12,IsActive,bit,1,1,0,1,0,0,NULL
adc,AuditConductionComment,13,CreatedBy,int,4,10,0,1,0,0,NULL
adc,AuditConductionComment,14,CreatedDate,datetime,8,23,3,1,0,0,NULL
adc,AuditConductionComment,15,UpdatedBy,int,4,10,0,1,0,0,NULL
adc,AuditConductionComment,16,UpdatedDate,datetime,8,23,3,1,0,0,NULL
adc,AuditConductionComment,17,IsDeleted,bit,1,1,0,1,0,0,NULL
adc,AuditConductionComment,18,DeletedBy,int,4,10,0,1,0,0,NULL
adc,AuditConductionComment,19,DeletedDate,datetime,8,23,3,1,0,0,NULL
adc,AuditConductionComment,20,DeleteReason,nchar,20,0,0,1,0,0,NULL
adc,AuditConductionComponentPermission,1,AuditConductionComponentPermissionId,int,4,10,0,0,1,0,NULL
adc,AuditConductionComponentPermission,2,AppSubComponentId,int,4,10,0,0,0,0,NULL
adc,AuditConductionComponentPermission,3,AuditConductionStatusId,int,4,10,0,1,0,0,NULL
adc,AuditConductionComponentPermission,4,ReportWritingStatusId,int,4,10,0,1,0,0,NULL
adc,AuditConductionComponentPermission,5,IsUserAuditor,bit,1,1,0,0,0,0,NULL
adc,AuditConductionComponentPermission,6,IsUserPdApprover,bit,1,1,0,0,0,0,NULL
adc,AuditConductionComponentPermission,7,IsUserRealTimeReviewer,bit,1,1,0,0,0,0,NULL
adc,AuditConductionComponentPermission,8,IsUserReportWriter,bit,1,1,0,0,0,0,NULL
adc,AuditConductionComponentPermission,9,IsUserClient,bit,1,1,0,0,0,0,NULL
adc,AuditConductionComponentPermission,10,IsUserReportReviewer,bit,1,1,0,0,0,0,NULL
adc,AuditConductionComponentPermission,11,IsUserReportApprover,bit,1,1,0,0,0,0,NULL
adc,AuditConductionComponentPermission,12,IsUserCommunicator,bit,1,1,0,0,0,0,NULL
adc,AuditConductionComponentPermission,13,CanCreate,bit,1,1,0,0,0,0,NULL
adc,AuditConductionComponentPermission,14,CanUpdate,bit,1,1,0,0,0,0,NULL
adc,AuditConductionComponentPermission,15,CanDelete,bit,1,1,0,0,0,0,NULL
adc,AuditConductionComponentPermission,16,CanView,bit,1,1,0,0,0,0,NULL
adc,AuditConductionComponentPermission,17,CanPlanningDocument,bit,1,1,0,0,0,0,NULL
adc,AuditConductionComponentPermission,18,CanComments,bit,1,1,0,0,0,0,NULL
adc,AuditConductionComponentPermission,19,CanDocRequisition,bit,1,1,0,0,0,0,NULL
adc,AuditConductionComponentPermission,20,CanMeeting,bit,1,1,0,0,0,0,NULL
adc,AuditConductionComponentPermission,21,CanReportWriting,bit,1,1,0,0,0,0,NULL
adc,AuditConductionComponentPermission,22,CanReportPreview,bit,1,1,0,0,0,0,NULL
adc,AuditConductionComponentPermission,23,CanPdMisReport,bit,1,1,0,0,0,0,NULL
adc,AuditConductionComponentPermission,24,CanStartMovement,bit,1,1,0,0,0,0,NULL
adc,AuditConductionComponentPermission,25,CanStartConduction,bit,1,1,0,0,0,0,NULL
adc,AuditConductionComponentPermission,26,CanCloseConduction,bit,1,1,0,0,0,0,NULL
adc,AuditConductionComponentPermission,27,CanCloseMovement,bit,1,1,0,0,0,0,NULL
adc,AuditConductionComponentPermission,28,CanReportGenerate,bit,1,1,0,0,0,0,NULL
adc,AuditConductionComponentPermission,29,CanReportDispatch,bit,1,1,0,0,0,0,NULL
adc,AuditConductionComponentPermission,30,CanConductionSendForApproval,bit,1,1,0,0,0,0,NULL
adc,AuditConductionComponentPermission,31,CanProcessSummaryDetails,bit,1,1,0,0,0,0,NULL
adc,AuditConductionComponentPermission,32,CanProcessAdd,bit,1,1,0,0,0,0,NULL
adc,AuditConductionComponentPermission,33,CanProcessEdit,bit,1,1,0,0,0,0,NULL
adc,AuditConductionComponentPermission,34,CanProcessDelete,bit,1,1,0,0,0,0,NULL
adc,AuditConductionComponentPermission,35,CanProcessView,bit,1,1,0,0,0,0,NULL
adc,AuditConductionComponentPermission,36,CanIADPositionHierarchy,bit,1,1,0,0,0,0,NULL
adc,AuditConductionComponentPermission,37,CanAuditeePositionHierarchy,bit,1,1,0,0,0,0,NULL
adc,AuditConductionComponentPermission,38,CanPdProcessAdd,bit,1,1,0,0,0,0,NULL
adc,AuditConductionComponentPermission,39,CanPdProcessCommentAdd,bit,1,1,0,0,0,0,NULL
adc,AuditConductionComponentPermission,40,CanPdSubProcessAdd,bit,1,1,0,0,0,0,NULL
adc,AuditConductionComponentPermission,41,CanPdSubProcessCommentAdd,bit,1,1,0,0,0,0,NULL
adc,AuditConductionComponentPermission,42,CanPdSubProcessEdit,bit,1,1,0,0,0,0,NULL
adc,AuditConductionComponentPermission,43,CanPdSubProcessActiveInactive,bit,1,1,0,0,0,0,NULL
adc,AuditConductionComponentPermission,44,CanPdSubProcessDelete,bit,1,1,0,0,0,0,NULL
adc,AuditConductionComponentPermission,45,CanPdDiagramAdd,bit,1,1,0,0,0,0,NULL
adc,AuditConductionComponentPermission,46,CanPdDiagramEdit,bit,1,1,0,0,0,0,NULL
adc,AuditConductionComponentPermission,47,CanPdDiagramDelete,bit,1,1,0,0,0,0,NULL
adc,AuditConductionComponentPermission,48,CanPdDiagramView,bit,1,1,0,0,0,0,NULL
adc,AuditConductionComponentPermission,49,CanPdAdd,bit,1,1,0,0,0,0,NULL
adc,AuditConductionComponentPermission,50,CanPdEdit,bit,1,1,0,0,0,0,NULL
adc,AuditConductionComponentPermission,51,CanPdDelete,bit,1,1,0,0,0,0,NULL
adc,AuditConductionComponentPermission,52,CanPdActive,bit,1,1,0,1,0,0,NULL
adc,AuditConductionComponentPermission,53,CanPdView,bit,1,1,0,0,0,0,NULL
adc,AuditConductionComponentPermission,54,CanPdComment,bit,1,1,0,0,0,0,NULL
adc,AuditConductionComponentPermission,55,CanUploadFile,bit,1,1,0,0,0,0,NULL
adc,AuditConductionComponentPermission,56,CanObserveAdd,bit,1,1,0,0,0,0,NULL
adc,AuditConductionComponentPermission,57,CanObserveEdit,bit,1,1,0,0,0,0,NULL
adc,AuditConductionComponentPermission,58,CanObserveDelete,bit,1,1,0,0,0,0,NULL
adc,AuditConductionComponentPermission,59,CanDocumentUpload,bit,1,1,0,0,0,0,NULL
adc,AuditConductionComponentPermission,60,CanDocumentDownload,bit,1,1,0,0,0,0,NULL
adc,AuditConductionComponentPermission,61,CanDocumentDelete,bit,1,1,0,0,0,0,NULL
adc,AuditConductionComponentPermission,62,CanCommentAdd,bit,1,1,0,0,0,0,NULL
adc,AuditConductionComponentPermission,63,CanCommentEdit,bit,1,1,0,0,0,0,NULL
adc,AuditConductionComponentPermission,64,CanCommentDelete,bit,1,1,0,0,0,0,NULL
adc,AuditConductionComponentPermission,65,CanCommentView,bit,1,1,0,0,0,0,NULL
adc,AuditConductionComponentPermission,66,CanDocRequisitionItemAdd,bit,1,1,0,0,0,0,NULL
adc,AuditConductionComponentPermission,67,CanDocRequisitionItemEdit,bit,1,1,0,0,0,0,NULL
adc,AuditConductionComponentPermission,68,CanDocRequisitionItemDelete,bit,1,1,0,0,0,0,NULL
adc,AuditConductionComponentPermission,69,CanDocRequisitionItemView,bit,1,1,0,0,0,0,NULL
adc,AuditConductionComponentPermission,70,CanDocRequisitionSlotAdd,bit,1,1,0,0,0,0,NULL
adc,AuditConductionComponentPermission,71,CanDocRequisitionSlotEdit,bit,1,1,0,0,0,0,NULL
adc,AuditConductionComponentPermission,72,CanDocRequisitionSlotDelete,bit,1,1,0,0,0,0,NULL
adc,AuditConductionComponentPermission,73,CanDocRequisitionSlotView,bit,1,1,0,0,0,0,NULL
adc,AuditConductionComponentPermission,74,CanDocRequisitionFileUpload,bit,1,1,0,0,0,0,NULL
adc,AuditConductionComponentPermission,75,CanDocRequisitionFileView,bit,1,1,0,0,0,0,NULL
adc,AuditConductionComponentPermission,76,CanDocRequisitionFileSend,bit,1,1,0,1,0,0,NULL
adc,AuditConductionComponentPermission,77,CanMeetingMemberAdd,bit,1,1,0,0,0,0,NULL
adc,AuditConductionComponentPermission,78,CanMeetingMemberEdit,bit,1,1,0,0,0,0,NULL
adc,AuditConductionComponentPermission,79,CanMeetingMemberDelete,bit,1,1,0,0,0,0,NULL
adc,AuditConductionComponentPermission,80,CanMeetingComplete,bit,1,1,0,1,0,0,NULL
adc,AuditConductionComponentPermission,81,CanMeetingRequestForUnlock,bit,1,1,0,1,0,0,NULL
adc,AuditConductionComponentPermission,82,CanMeetingAcceptUnlockRequest,bit,1,1,0,1,0,0,NULL
adc,AuditConductionComponentPermission,83,CanMeetingYesNoAttendence,bit,1,1,0,1,0,0,NULL
adc,AuditConductionComponentPermission,84,CanMeetingSelectActionOwner,bit,1,1,0,1,0,0,NULL
adc,AuditConductionComponentPermission,85,CanMeetingSendMeetingURL,bit,1,1,0,1,0,0,NULL
adc,AuditConductionComponentPermission,86,CanMeetingDecisionAdd,bit,1,1,0,1,0,0,NULL
adc,AuditConductionComponentPermission,87,CanMeetingFocusAreaAdd,bit,1,1,0,1,0,0,NULL
adc,AuditConductionComponentPermission,88,CanMeetingManagementExpectationAdd,bit,1,1,0,1,0,0,NULL
adc,AuditConductionComponentPermission,89,CanEntranceMeeting,bit,1,1,0,1,0,0,NULL
adc,AuditConductionComponentPermission,90,CanClosingMeeting,bit,1,1,0,1,0,0,NULL
adc,AuditConductionComponentPermission,91,CanReportAnnexureSetting,bit,1,1,0,1,0,0,NULL
adc,AuditConductionComponentPermission,92,CanSubCreate,bit,1,1,0,1,0,0,NULL
adc,AuditConductionComponentPermission,93,CanSubUpdate,bit,1,1,0,1,0,0,NULL
adc,AuditConductionComponentPermission,94,CanSubDelete,bit,1,1,0,1,0,0,NULL
adc,AuditConductionComponentPermission,95,CanSubView,bit,1,1,0,1,0,0,NULL
adc,AuditConductionComponentPermission,96,IsActive,bit,1,1,0,0,0,0,NULL
adc,AuditConductionComponentPermission,97,CreatedBy,int,4,10,0,1,0,0,NULL
adc,AuditConductionComponentPermission,98,CreatedDate,datetime,8,23,3,1,0,0,NULL
adc,AuditConductionComponentPermission,99,UpdatedBy,int,4,10,0,1,0,0,NULL
adc,AuditConductionComponentPermission,100,UpdatedDate,datetime,8,23,3,1,0,0,NULL
adc,AuditConductionComponentPermission,101,IsDeleted,bit,1,1,0,1,0,0,NULL
adc,AuditConductionComponentPermission,102,DeletedBy,int,4,10,0,1,0,0,NULL
adc,AuditConductionComponentPermission,103,DeletedDate,datetime,8,23,3,1,0,0,NULL
adc,AuditConductionComponentPermission,104,DeleteReason,nvarchar,1000,0,0,1,0,0,NULL
adc,AuditConductionComponentPermission,105,IsDssReporter,bit,1,1,0,1,0,0,NULL
adc,AuditConductionControl,1,AuditConductionControlId,int,4,10,0,0,1,0,NULL
adc,AuditConductionControl,2,AuditConductionPlanningDocumentId,int,4,10,0,0,0,0,NULL
adc,AuditConductionControl,3,AuditConductionPlanningProcessId,int,4,10,0,0,0,0,NULL
adc,AuditConductionControl,4,AuditConductionPlanningSubProcessId,int,4,10,0,0,0,0,NULL
adc,AuditConductionControl,5,PdControlId,int,4,10,0,1,0,0,NULL
adc,AuditConductionControl,6,ControlName,nvarchar,2000,0,0,1,0,0,NULL
adc,AuditConductionControl,7,Objective,nvarchar,-1,0,0,1,0,0,NULL
adc,AuditConductionControl,8,ControlPerformed,nvarchar,-1,0,0,1,0,0,NULL
adc,AuditConductionControl,9,RiskDescription,nvarchar,-1,0,0,1,0,0,NULL
adc,AuditConductionControl,10,SampleTechnique,nvarchar,-1,0,0,1,0,0,NULL
adc,AuditConductionControl,11,RiskTypeId,int,4,10,0,1,0,0,NULL
adc,AuditConductionControl,12,Population,int,4,10,0,1,0,0,NULL
adc,AuditConductionControl,13,SampleSize,int,4,10,0,1,0,0,NULL
adc,AuditConductionControl,14,SampleSizePercentage,decimal,9,18,0,1,0,0,NULL
adc,AuditConductionControl,15,Instance,int,4,10,0,1,0,0,NULL
adc,AuditConductionControl,16,InstancePercentage,decimal,9,18,0,1,0,0,NULL
adc,AuditConductionControl,17,PopulationConduction,int,4,10,0,1,0,0,NULL
adc,AuditConductionControl,18,SampleSizeConduction,int,4,10,0,1,0,0,NULL
adc,AuditConductionControl,19,SampleSizePercentageConduction,decimal,9,18,0,1,0,0,NULL
adc,AuditConductionControl,20,InstanceConduction,int,4,10,0,1,0,0,NULL
adc,AuditConductionControl,21,InstancePercentageConduction,decimal,9,18,0,1,0,0,NULL
adc,AuditConductionControl,22,NatureOfControlId,int,4,10,0,1,0,0,NULL
adc,AuditConductionControl,23,FrequencyOfControlId,int,4,10,0,1,0,0,NULL
adc,AuditConductionControl,24,RiskLevelId,int,4,10,0,1,0,0,NULL
adc,AuditConductionControl,25,TOEDescription,nvarchar,-1,0,0,1,0,0,NULL
adc,AuditConductionControl,26,TOEDescription2,nvarchar,-1,0,0,1,0,0,NULL
adc,AuditConductionControl,27,TOEDescription3,nvarchar,-1,0,0,1,0,0,NULL
adc,AuditConductionControl,28,TOEDescription4,nvarchar,-1,0,0,1,0,0,NULL
adc,AuditConductionControl,29,TOEDescription5,nvarchar,-1,0,0,1,0,0,NULL
adc,AuditConductionControl,30,TestingProcedure,nvarchar,-1,0,0,1,0,0,NULL
adc,AuditConductionControl,31,ObservationDescription,nvarchar,-1,0,0,1,0,0,NULL
adc,AuditConductionControl,32,ConclusionDescription,nvarchar,-1,0,0,1,0,0,NULL
adc,AuditConductionControl,33,IsActive,bit,1,1,0,0,0,0,NULL
adc,AuditConductionControl,34,CreatedBy,int,4,10,0,1,0,0,NULL
adc,AuditConductionControl,35,CreatedDate,datetime,8,23,3,1,0,0,NULL
adc,AuditConductionControl,36,UpdatedBy,int,4,10,0,1,0,0,NULL
adc,AuditConductionControl,37,UpdatedDate,datetime,8,23,3,1,0,0,NULL
adc,AuditConductionControl,38,IsDeleted,bit,1,1,0,1,0,0,NULL
adc,AuditConductionControl,39,DeletedBy,int,4,10,0,1,0,0,NULL
adc,AuditConductionControl,40,DeletedDate,datetime,8,23,3,1,0,0,NULL
adc,AuditConductionControl,41,DeleteReason,nvarchar,1000,0,0,1,0,0,NULL
adc,AuditConductionControl,42,IsPdActive,bit,1,1,0,1,0,0,NULL
adc,AuditConductionControl,43,IsSampleSize,bit,1,1,0,1,0,0,NULL
adc,AuditConductionControl,44,IsSampleSizeConduction,bit,1,1,0,1,0,0,NULL
adc,AuditConductionControl,45,MeasurementUnit,varchar,50,0,0,1,0,0,NULL
adc,AuditConductionControl,46,ConductionMeasurementUnit,varchar,50,0,0,1,0,0,NULL
adc,AuditConductionControlAssertion,1,AuditConductionControlAssertionId,int,4,10,0,0,1,0,NULL
adc,AuditConductionControlAssertion,2,AuditConductionControlId,int,4,10,0,0,0,0,NULL
adc,AuditConductionControlAssertion,3,AssertionId,int,4,10,0,1,0,0,NULL
adc,AuditConductionControlAssertion,4,IsActive,bit,1,1,0,0,0,0,NULL
adc,AuditConductionControlAssertion,5,IsDeleted,bit,1,1,0,1,0,0,NULL
adc,AuditConductionControlAssertion,6,DeletedBy,int,4,10,0,1,0,0,NULL
adc,AuditConductionControlAssertion,7,DeletedDate,datetime,8,23,3,1,0,0,NULL
adc,AuditConductionControlDetail,1,AuditConductionControlDetailId,int,4,10,0,0,1,0,NULL
adc,AuditConductionControlDetail,2,AuditConductionControlId,int,4,10,0,0,0,0,NULL
adc,AuditConductionControlDetail,3,ControlQuestionId,int,4,10,0,1,0,0,NULL
adc,AuditConductionControlDetail,4,Question,nvarchar,2000,0,0,1,0,0,NULL
adc,AuditConductionControlDetail,5,ControlQuestionDetailId,int,4,10,0,1,0,0,NULL
adc,AuditConductionControlDetail,6,IsActive,bit,1,1,0,0,0,0,NULL
adc,AuditConductionControlDetail,7,IsDeleted,bit,1,1,0,1,0,0,NULL
adc,AuditConductionControlDetail,8,DeletedBy,int,4,10,0,1,0,0,NULL
adc,AuditConductionControlDetail,9,DeletedDate,datetime,8,23,3,1,0,0,NULL
adc,AuditConductionControlDetail,10,IsPdActive,bit,1,1,0,1,0,0,NULL
adc,AuditConductionDesignAssesment,1,AuditConductionDesignAssesmentId,int,4,10,0,0,1,0,NULL
adc,AuditConductionDesignAssesment,2,AuditConductionPlanningDocumentId,int,4,10,0,0,0,0,NULL
adc,AuditConductionDesignAssesment,3,AuditConductionPlanningProcessId,int,4,10,0,0,0,0,NULL
adc,AuditConductionDesignAssesment,4,AuditConductionPlanningSubProcessId,int,4,10,0,0,0,0,NULL
adc,AuditConductionDesignAssesment,5,DesignAssesmentId,int,4,10,0,1,0,0,NULL
adc,AuditConductionDesignAssesment,6,Question,nvarchar,2000,0,0,1,0,0,NULL
adc,AuditConductionDesignAssesment,7,DesignAssesmentDetailId,int,4,10,0,1,0,0,NULL
adc,AuditConductionDesignAssesment,8,Population,int,4,10,0,1,0,0,NULL
adc,AuditConductionDesignAssesment,9,SampleSize,int,4,10,0,1,0,0,NULL
adc,AuditConductionDesignAssesment,10,SampleSizePercentage,decimal,9,18,0,1,0,0,NULL
adc,AuditConductionDesignAssesment,11,Instance,int,4,10,0,1,0,0,NULL
adc,AuditConductionDesignAssesment,12,InstancePercentage,decimal,9,18,0,1,0,0,NULL
adc,AuditConductionDesignAssesment,13,PopulationConduction,int,4,10,0,1,0,0,NULL
adc,AuditConductionDesignAssesment,14,SampleSizeConduction,int,4,10,0,1,0,0,NULL
adc,AuditConductionDesignAssesment,15,SampleSizePercentageConduction,decimal,9,18,0,1,0,0,NULL
adc,AuditConductionDesignAssesment,16,InstanceConduction,int,4,10,0,1,0,0,NULL
adc,AuditConductionDesignAssesment,17,InstancePercentageConduction,decimal,9,18,0,1,0,0,NULL
adc,AuditConductionDesignAssesment,18,ConclusionDescription,nvarchar,-1,0,0,1,0,0,NULL
adc,AuditConductionDesignAssesment,19,IsActive,bit,1,1,0,0,0,0,NULL
adc,AuditConductionDesignAssesment,20,CreatedBy,int,4,10,0,1,0,0,NULL
adc,AuditConductionDesignAssesment,21,CreatedDate,datetime,8,23,3,1,0,0,NULL
adc,AuditConductionDesignAssesment,22,UpdatedBy,int,4,10,0,1,0,0,NULL
adc,AuditConductionDesignAssesment,23,UpdatedDate,datetime,8,23,3,1,0,0,NULL
adc,AuditConductionDesignAssesment,24,IsDeleted,bit,1,1,0,1,0,0,NULL
adc,AuditConductionDesignAssesment,25,DeletedBy,int,4,10,0,1,0,0,NULL
adc,AuditConductionDesignAssesment,26,DeletedDate,datetime,8,23,3,1,0,0,NULL
adc,AuditConductionDesignAssesment,27,DeleteReason,nvarchar,1000,0,0,1,0,0,NULL
adc,AuditConductionDesignAssesment,28,IsPdActive,bit,1,1,0,1,0,0,NULL
adc,AuditConductionDesignAssesment,29,IsSampleSize,bit,1,1,0,1,0,0,NULL
adc,AuditConductionDesignAssesment,30,IsSampleSizeConduction,bit,1,1,0,1,0,0,NULL
adc,AuditConductionDesignAssesment,31,MeasurementUnit,varchar,50,0,0,1,0,0,NULL
adc,AuditConductionDesignAssesment,32,ConductionMeasurementUnit,varchar,50,0,0,1,0,0,NULL
adc,AuditConductionDocument,1,AuditConductionDocumentId,int,4,10,0,0,1,0,NULL
adc,AuditConductionDocument,2,AuditConductionDocumentName,nvarchar,500,0,0,1,0,0,NULL
adc,AuditConductionDocument,3,AuditConductionDocumentTypeId,int,4,10,0,1,0,0,NULL
adc,AuditConductionDocument,4,AuditConductionPlanningDocumentId,int,4,10,0,0,0,0,NULL
adc,AuditConductionDocument,5,AuditConductionPlanningProcessId,int,4,10,0,1,0,0,NULL
adc,AuditConductionDocument,6,AuditConductionPlanningSubProcessId,int,4,10,0,1,0,0,NULL
adc,AuditConductionDocument,7,AuditConductionPlanningDocumentRefId,int,4,10,0,1,0,0,NULL
adc,AuditConductionDocument,8,AudConMeetingId,int,4,10,0,1,0,0,NULL
adc,AuditConductionDocument,9,AudConObsId,int,4,10,0,1,0,0,NULL
adc,AuditConductionDocument,10,ContentType,nvarchar,510,0,0,1,0,0,NULL
adc,AuditConductionDocument,11,FileExtension,nvarchar,100,0,0,1,0,0,NULL
adc,AuditConductionDocument,12,FileSizeMb,decimal,9,18,2,1,0,0,NULL
adc,AuditConductionDocument,13,SourcePath,nvarchar,510,0,0,1,0,0,NULL
adc,AuditConductionDocument,14,SourceFile,varbinary,-1,0,0,1,0,0,NULL
adc,AuditConductionDocument,15,FileName,nvarchar,510,0,0,1,0,0,NULL
adc,AuditConductionDocument,16,FileStorageHistoryId,int,4,10,0,1,0,0,NULL
adc,AuditConductionDocument,17,FileStorageTypeId,int,4,10,0,1,0,0,NULL
adc,AuditConductionDocument,18,PublicPortalUrl,nvarchar,-1,0,0,1,0,0,NULL
adc,AuditConductionDocument,19,IsActive,bit,1,1,0,1,0,0,NULL
adc,AuditConductionDocument,20,CreatedBy,int,4,10,0,1,0,0,NULL
adc,AuditConductionDocument,21,CreatedDate,datetime,8,23,3,1,0,0,NULL
adc,AuditConductionDocument,22,UpdatedBy,int,4,10,0,1,0,0,NULL
adc,AuditConductionDocument,23,UpdatedDate,datetime,8,23,3,1,0,0,NULL
adc,AuditConductionDocument,24,IsDeleted,bit,1,1,0,1,0,0,NULL
adc,AuditConductionDocument,25,DeletedBy,int,4,10,0,1,0,0,NULL
adc,AuditConductionDocument,26,DeletedDate,datetime,8,23,3,1,0,0,NULL
adc,AuditConductionDocument,27,DeleteReason,nchar,20,0,0,1,0,0,NULL
adc,AuditConductionDocument,28,FileStorageFileId,nvarchar,512,0,0,1,0,0,NULL
adc,AuditConductionDocumentType,1,AuditConductionDocumentTypeId,int,4,10,0,0,0,0,NULL
adc,AuditConductionDocumentType,2,AuditConductionDocumentTypeName,nvarchar,200,0,0,0,0,0,NULL
adc,AuditConductionDocumentType,3,IsActive,bit,1,1,0,0,0,0,NULL
adc,AuditConductionDocumentType,4,CreatedBy,int,4,10,0,1,0,0,NULL
adc,AuditConductionDocumentType,5,CreatedDate,datetime,8,23,3,1,0,0,NULL
adc,AuditConductionDocumentType,6,UpdatedBy,int,4,10,0,1,0,0,NULL
adc,AuditConductionDocumentType,7,UpdatedDate,datetime,8,23,3,1,0,0,NULL
adc,AuditConductionDocumentType,8,IsDeleted,bit,1,1,0,1,0,0,NULL
adc,AuditConductionDocumentType,9,DeletedBy,int,4,10,0,1,0,0,NULL
adc,AuditConductionDocumentType,10,DeletedDate,datetime,8,23,3,1,0,0,NULL
adc,AuditConductionDocumentType,11,DeleteReason,nvarchar,1000,0,0,1,0,0,NULL
adc,AuditConductionMeeting,1,AudConMeetingId,int,4,10,0,0,1,0,NULL
adc,AuditConductionMeeting,2,AuditScheduleId,int,4,10,0,1,0,0,NULL
adc,AuditConductionMeeting,3,AudConMeetingStatusId,int,4,10,0,1,0,0,NULL
adc,AuditConductionMeeting,4,IsActive,bit,1,1,0,0,0,0,NULL
adc,AuditConductionMeeting,5,CreatedBy,int,4,10,0,1,0,0,NULL
adc,AuditConductionMeeting,6,CreatedDate,datetime,8,23,3,1,0,0,NULL
adc,AuditConductionMeeting,7,UpdatedBy,int,4,10,0,1,0,0,NULL
adc,AuditConductionMeeting,8,UpdatedDate,datetime,8,23,3,1,0,0,NULL
adc,AuditConductionMeeting,9,IsDeleted,bit,1,1,0,1,0,0,NULL
adc,AuditConductionMeeting,10,DeletedBy,int,4,10,0,1,0,0,NULL
adc,AuditConductionMeeting,11,DeletedDate,datetime,8,23,3,1,0,0,NULL
adc,AuditConductionMeeting,12,DeleteReason,nvarchar,1000,0,0,1,0,0,NULL
adc,AuditConductionMeetingDeciMember,1,AuditConductionMeetingDeciMemberId,int,4,10,0,0,1,0,NULL
adc,AuditConductionMeetingDeciMember,2,AuditConductionMeetingDecisionId,int,4,10,0,0,0,0,NULL
adc,AuditConductionMeetingDeciMember,3,StaffPin,varchar,20,0,0,1,0,0,NULL
adc,AuditConductionMeetingDeciMember,4,StaffName,nvarchar,400,0,0,0,0,0,NULL
adc,AuditConductionMeetingDeciMember,5,EmailAddress,nvarchar,400,0,0,1,0,0,NULL
adc,AuditConductionMeetingDeciMember,6,MobileNo,nvarchar,100,0,0,1,0,0,NULL
adc,AuditConductionMeetingDeciMember,7,DesignationName,nvarchar,200,0,0,1,0,0,NULL
adc,AuditConductionMeetingDeciMember,8,IsActive,bit,1,1,0,0,0,0,NULL
adc,AuditConductionMeetingDeciMember,9,CreatedBy,int,4,10,0,1,0,0,NULL
adc,AuditConductionMeetingDeciMember,10,CreatedDate,datetime,8,23,3,1,0,0,NULL
adc,AuditConductionMeetingDeciMember,11,UpdatedBy,int,4,10,0,1,0,0,NULL
adc,AuditConductionMeetingDeciMember,12,UpdatedDate,datetime,8,23,3,1,0,0,NULL
adc,AuditConductionMeetingDeciMember,13,IsDeleted,bit,1,1,0,1,0,0,NULL
adc,AuditConductionMeetingDeciMember,14,DeletedBy,int,4,10,0,1,0,0,NULL
adc,AuditConductionMeetingDeciMember,15,DeletedDate,datetime,8,23,3,1,0,0,NULL
adc,AuditConductionMeetingDeciMember,16,DeleteReason,nvarchar,1000,0,0,1,0,0,NULL
adc,AuditConductionMeetingDecision,1,AuditConductionMeetingDecisionId,int,4,10,0,0,1,0,NULL
adc,AuditConductionMeetingDecision,2,AudConMeetingDetailId,int,4,10,0,1,0,0,NULL
adc,AuditConductionMeetingDecision,3,PlanningProcessId,int,4,10,0,0,0,0,NULL
adc,AuditConductionMeetingDecision,4,MeetingDecision,nvarchar,8000,0,0,0,0,0,NULL
adc,AuditConductionMeetingDecision,5,IsActive,bit,1,1,0,0,0,0,NULL
adc,AuditConductionMeetingDecision,6,CreatedBy,int,4,10,0,1,0,0,NULL
adc,AuditConductionMeetingDecision,7,CreatedDate,datetime,8,23,3,1,0,0,NULL
adc,AuditConductionMeetingDecision,8,UpdatedBy,int,4,10,0,1,0,0,NULL
adc,AuditConductionMeetingDecision,9,UpdatedDate,datetime,8,23,3,1,0,0,NULL
adc,AuditConductionMeetingDecision,10,IsDeleted,bit,1,1,0,1,0,0,NULL
adc,AuditConductionMeetingDecision,11,DeletedBy,int,4,10,0,1,0,0,NULL
adc,AuditConductionMeetingDecision,12,DeletedDate,datetime,8,23,3,1,0,0,NULL
adc,AuditConductionMeetingDecision,13,DeleteReason,nvarchar,1000,0,0,1,0,0,NULL
adc,AuditConductionMeetingDecision,14,AudConMeetingTypeId,int,4,10,0,1,0,0,NULL
adc,AuditConductionMeetingDecision,15,AudConMeetingId,int,4,10,0,1,0,0,NULL
adc,AuditConductionMeetingDetail,1,AudConMeetingDetailId,int,4,10,0,0,1,0,NULL
adc,AuditConductionMeetingDetail,2,AudConMeetingId,int,4,10,0,0,0,0,NULL
adc,AuditConductionMeetingDetail,3,AudConMeetingUrl,nvarchar,8000,0,0,1,0,0,NULL
adc,AuditConductionMeetingDetail,4,AudConMeetingTypeId,int,4,10,0,1,0,0,NULL
adc,AuditConductionMeetingDetail,5,AudConMeetingStatusId,int,4,10,0,1,0,0,NULL
adc,AuditConductionMeetingDetail,6,IsRequestForUnlockMeeting,bit,1,1,0,1,0,0,NULL
adc,AuditConductionMeetingDetail,7,IsActive,bit,1,1,0,0,0,0,NULL
adc,AuditConductionMeetingDetail,8,CreatedBy,int,4,10,0,1,0,0,NULL
adc,AuditConductionMeetingDetail,9,CreatedDate,datetime,8,23,3,1,0,0,NULL
adc,AuditConductionMeetingDetail,10,UpdatedBy,int,4,10,0,1,0,0,NULL
adc,AuditConductionMeetingDetail,11,UpdatedDate,datetime,8,23,3,1,0,0,NULL
adc,AuditConductionMeetingDetail,12,IsDeleted,bit,1,1,0,1,0,0,NULL
adc,AuditConductionMeetingDetail,13,DeletedBy,int,4,10,0,1,0,0,NULL
adc,AuditConductionMeetingDetail,14,DeletedDate,datetime,8,23,3,1,0,0,NULL
adc,AuditConductionMeetingDetail,15,DeleteReason,nvarchar,1000,0,0,1,0,0,NULL
adc,AuditConductionMeetingExpectation,1,AuditConductionMeetingExpectationId,int,4,10,0,0,1,0,NULL
adc,AuditConductionMeetingExpectation,2,AudConMeetingDetailId,int,4,10,0,1,0,0,NULL
adc,AuditConductionMeetingExpectation,3,ManagementExpectation,nvarchar,8000,0,0,0,0,0,NULL
adc,AuditConductionMeetingExpectation,4,IsActive,bit,1,1,0,0,0,0,NULL
adc,AuditConductionMeetingExpectation,5,CreatedBy,int,4,10,0,1,0,0,NULL
adc,AuditConductionMeetingExpectation,6,CreatedDate,datetime,8,23,3,1,0,0,NULL
adc,AuditConductionMeetingExpectation,7,UpdatedBy,int,4,10,0,1,0,0,NULL
adc,AuditConductionMeetingExpectation,8,UpdatedDate,datetime,8,23,3,1,0,0,NULL
adc,AuditConductionMeetingExpectation,9,IsDeleted,bit,1,1,0,1,0,0,NULL
adc,AuditConductionMeetingExpectation,10,DeletedBy,int,4,10,0,1,0,0,NULL
adc,AuditConductionMeetingExpectation,11,DeletedDate,datetime,8,23,3,1,0,0,NULL
adc,AuditConductionMeetingExpectation,12,DeleteReason,nvarchar,1000,0,0,1,0,0,NULL
adc,AuditConductionMeetingExpectation,13,AudConMeetingTypeId,int,4,10,0,1,0,0,NULL
adc,AuditConductionMeetingExpectation,14,AudConMeetingId,int,4,10,0,1,0,0,NULL
adc,AuditConductionMeetingFocusArea,1,AudConMeetingFocusAreaId,int,4,10,0,0,1,0,NULL
adc,AuditConductionMeetingFocusArea,2,AudConMeetingDetailId,int,4,10,0,1,0,0,NULL
adc,AuditConductionMeetingFocusArea,3,FocusArea,nvarchar,8000,0,0,0,0,0,NULL
adc,AuditConductionMeetingFocusArea,4,IsActive,bit,1,1,0,0,0,0,NULL
adc,AuditConductionMeetingFocusArea,5,CreatedBy,int,4,10,0,1,0,0,NULL
adc,AuditConductionMeetingFocusArea,6,CreatedDate,datetime,8,23,3,1,0,0,NULL
adc,AuditConductionMeetingFocusArea,7,UpdatedBy,int,4,10,0,1,0,0,NULL
adc,AuditConductionMeetingFocusArea,8,UpdatedDate,datetime,8,23,3,1,0,0,NULL
adc,AuditConductionMeetingFocusArea,9,IsDeleted,bit,1,1,0,1,0,0,NULL
adc,AuditConductionMeetingFocusArea,10,DeletedBy,int,4,10,0,1,0,0,NULL
adc,AuditConductionMeetingFocusArea,11,DeletedDate,datetime,8,23,3,1,0,0,NULL
adc,AuditConductionMeetingFocusArea,12,DeleteReason,nvarchar,1000,0,0,1,0,0,NULL
adc,AuditConductionMeetingFocusArea,13,AudConMeetingTypeId,int,4,10,0,1,0,0,NULL
adc,AuditConductionMeetingFocusArea,14,AudConMeetingId,int,4,10,0,1,0,0,NULL
adc,AuditConductionMeetingMember,1,AuditConductionMeetingMemberId,int,4,10,0,0,1,0,NULL
adc,AuditConductionMeetingMember,2,AudConMeetingDetailId,int,4,10,0,0,0,0,NULL
adc,AuditConductionMeetingMember,3,MeetingMemberId,int,4,10,0,1,0,0,NULL
adc,AuditConductionMeetingMember,4,MeetingMemberPin,nvarchar,300,0,0,1,0,0,NULL
adc,AuditConductionMeetingMember,5,MeetingMemberName,nvarchar,300,0,0,0,0,0,NULL
adc,AuditConductionMeetingMember,6,MeetingMemberEmail,nvarchar,300,0,0,1,0,0,NULL
adc,AuditConductionMeetingMember,7,MeetingMemberDesignation,nvarchar,500,0,0,1,0,0,NULL
adc,AuditConductionMeetingMember,8,MeetingMemberSupervisorPin,nvarchar,300,0,0,1,0,0,NULL
adc,AuditConductionMeetingMember,9,IsActionOwner,bit,1,1,0,1,0,0,NULL
adc,AuditConductionMeetingMember,10,IsAttendence,bit,1,1,0,0,0,0,NULL
adc,AuditConductionMeetingMember,11,IsActive,bit,1,1,0,0,0,0,NULL
adc,AuditConductionMeetingMember,12,CreatedBy,int,4,10,0,1,0,0,NULL
adc,AuditConductionMeetingMember,13,CreatedDate,datetime,8,23,3,1,0,0,NULL
adc,AuditConductionMeetingMember,14,UpdatedBy,int,4,10,0,1,0,0,NULL
adc,AuditConductionMeetingMember,15,UpdatedDate,datetime,8,23,3,1,0,0,NULL
adc,AuditConductionMeetingMember,16,IsDeleted,bit,1,1,0,1,0,0,NULL
adc,AuditConductionMeetingMember,17,DeletedBy,int,4,10,0,1,0,0,NULL
adc,AuditConductionMeetingMember,18,DeletedDate,datetime,8,23,3,1,0,0,NULL
adc,AuditConductionMeetingMember,19,DeleteReason,nvarchar,1000,0,0,1,0,0,NULL
adc,AuditConductionMeetingMember,20,MeetingMemberMobileNo,varchar,20,0,0,1,0,0,NULL
adc,AuditConductionMeetingMember,21,MeetingMemberSecondaryDesignation,varchar,100,0,0,1,0,0,NULL
adc,AuditConductionMeetingMember,22,MemberTypeId,int,4,10,0,1,0,0,NULL
adc,AuditConductionMeetingMember,23,ActionOwnerNotificationSentTime,datetime,8,23,3,1,0,0,NULL
adc,AuditConductionMeetingStatus,1,AudConMeetingStatusId,int,4,10,0,0,1,0,NULL
adc,AuditConductionMeetingStatus,2,AudConMeetingStatusName,nvarchar,200,0,0,0,0,0,NULL
adc,AuditConductionMeetingStatus,3,AudConMeetingStatusDisplayName,nvarchar,200,0,0,1,0,0,NULL
adc,AuditConductionMeetingStatus,4,CurrentStatusMessage,varchar,450,0,0,1,0,0,NULL
adc,AuditConductionMeetingStatus,5,PreviousStatusMessage,varchar,450,0,0,1,0,0,NULL
adc,AuditConductionMeetingStatus,6,NextStatusMessage,varchar,450,0,0,1,0,0,NULL
adc,AuditConductionMeetingStatus,7,IsActive,bit,1,1,0,0,0,0,NULL
adc,AuditConductionMeetingStatus,8,CreatedBy,int,4,10,0,1,0,0,NULL
adc,AuditConductionMeetingStatus,9,CreatedDate,datetime,8,23,3,1,0,0,NULL
adc,AuditConductionMeetingStatus,10,UpdatedBy,int,4,10,0,1,0,0,NULL
adc,AuditConductionMeetingStatus,11,UpdatedDate,datetime,8,23,3,1,0,0,NULL
adc,AuditConductionMeetingStatus,12,IsDeleted,bit,1,1,0,1,0,0,NULL
adc,AuditConductionMeetingStatus,13,DeletedBy,int,4,10,0,1,0,0,NULL
adc,AuditConductionMeetingStatus,14,DeletedDate,datetime,8,23,3,1,0,0,NULL
adc,AuditConductionMeetingStatus,15,DeleteReason,nvarchar,1000,0,0,1,0,0,NULL
adc,AuditConductionMeetingType,1,AudConMeetingTypeId,int,4,10,0,0,1,0,NULL
adc,AuditConductionMeetingType,2,AudConMeetingTypeName,nvarchar,200,0,0,0,0,0,NULL
adc,AuditConductionMeetingType,3,IsActive,bit,1,1,0,0,0,0,NULL
adc,AuditConductionMeetingType,4,CreatedBy,int,4,10,0,1,0,0,NULL
adc,AuditConductionMeetingType,5,CreatedDate,datetime,8,23,3,1,0,0,NULL
adc,AuditConductionMeetingType,6,UpdatedBy,int,4,10,0,1,0,0,NULL
adc,AuditConductionMeetingType,7,UpdatedDate,datetime,8,23,3,1,0,0,NULL
adc,AuditConductionMeetingType,8,IsDeleted,bit,1,1,0,1,0,0,NULL
adc,AuditConductionMeetingType,9,DeletedBy,int,4,10,0,1,0,0,NULL
adc,AuditConductionMeetingType,10,DeletedDate,datetime,8,23,3,1,0,0,NULL
adc,AuditConductionMeetingType,11,DeleteReason,nvarchar,1000,0,0,1,0,0,NULL
adc,AuditConductionMovement,1,AuditConductionMovementId,int,4,10,0,0,1,0,NULL
adc,AuditConductionMovement,2,AuditScheduleId,int,4,10,0,0,0,0,NULL
adc,AuditConductionMovement,3,AuditConductionId,int,4,10,0,1,0,0,NULL
adc,AuditConductionMovement,4,AuditConductionPlanningDocumentId,int,4,10,0,0,0,0,NULL
adc,AuditConductionMovement,5,ProjectId,int,4,10,0,0,0,0,NULL
adc,AuditConductionMovement,6,AuditScheduleAuditorId,int,4,10,0,1,0,0,NULL
adc,AuditConductionMovement,7,AuditScheduleAuditorPin,nvarchar,100,0,0,1,0,0,NULL
adc,AuditConductionMovement,8,ScheduleMovementDate,datetime,8,23,3,1,0,0,NULL
adc,AuditConductionMovement,9,ExpectedStartDate,datetime,8,23,3,1,0,0,NULL
adc,AuditConductionMovement,10,ExpectedReturnDate,datetime,8,23,3,1,0,0,NULL
adc,AuditConductionMovement,11,ActualStartDate,datetime,8,23,3,1,0,0,NULL
adc,AuditConductionMovement,12,ActualReturnDate,datetime,8,23,3,1,0,0,NULL
adc,AuditConductionMovement,13,ExpectedStartMovementDate,datetime,8,23,3,1,0,0,NULL
adc,AuditConductionMovement,14,ExpectedCloseMovementDate,datetime,8,23,3,1,0,0,NULL
adc,AuditConductionMovement,15,ActualStartMovementDate,datetime,8,23,3,1,0,0,NULL
adc,AuditConductionMovement,16,ActualCloseMovementDate,datetime,8,23,3,1,0,0,NULL
adc,AuditConductionMovement,17,Remarks,nvarchar,500,0,0,1,0,0,NULL
adc,AuditConductionMovement,18,ConductionRemarks,nvarchar,500,0,0,1,0,0,NULL
adc,AuditConductionMovement,19,IsActive,bit,1,1,0,0,0,0,NULL
adc,AuditConductionMovement,20,CreatedBy,int,4,10,0,1,0,0,NULL
adc,AuditConductionMovement,21,CreatedDate,datetime,8,23,3,1,0,0,NULL
adc,AuditConductionMovement,22,UpdatedBy,int,4,10,0,1,0,0,NULL
adc,AuditConductionMovement,23,UpdatedDate,datetime,8,23,3,1,0,0,NULL
adc,AuditConductionMovement,24,IsDeleted,bit,1,1,0,1,0,0,NULL
adc,AuditConductionMovement,25,DeletedBy,int,4,10,0,1,0,0,NULL
adc,AuditConductionMovement,26,DeletedDate,datetime,8,23,3,1,0,0,NULL
adc,AuditConductionMovement,27,DeleteReason,nvarchar,1000,0,0,1,0,0,NULL
adc,AuditConductionMovement,28,StartMovementNotificationSentDate,datetime,8,23,3,1,0,0,NULL
adc,AuditConductionNotificationHistory,1,AuditConductionNotificationHistoryId,int,4,10,0,0,1,0,NULL
adc,AuditConductionNotificationHistory,2,AuditScheduleId,int,4,10,0,0,0,0,NULL
adc,AuditConductionNotificationHistory,3,AuditConductionId,int,4,10,0,0,0,0,NULL
adc,AuditConductionNotificationHistory,4,MovementStartDateOverdueNotificationDate,datetime,8,23,3,1,0,0,NULL
adc,AuditConductionNotificationHistory,5,MovementStartDateOverdueNotificationSent,bit,1,1,0,1,0,0,NULL
adc,AuditConductionNotificationHistory,6,StartConductionReminderNotificationDate,datetime,8,23,3,1,0,0,NULL
adc,AuditConductionNotificationHistory,7,StartConductionReminderNotificationSent,bit,1,1,0,1,0,0,NULL
adc,AuditConductionNotificationHistory,8,IsActive,bit,1,1,0,0,0,0,NULL
adc,AuditConductionNotificationHistory,9,CreatedBy,int,4,10,0,1,0,0,NULL
adc,AuditConductionNotificationHistory,10,CreatedDate,datetime,8,23,3,1,0,0,NULL
adc,AuditConductionNotificationHistory,11,UpdatedBy,int,4,10,0,1,0,0,NULL
adc,AuditConductionNotificationHistory,12,UpdatedDate,datetime,8,23,3,1,0,0,NULL
adc,AuditConductionNotificationHistory,13,IsDeleted,bit,1,1,0,1,0,0,NULL
adc,AuditConductionNotificationHistory,14,DeletedBy,int,4,10,0,1,0,0,NULL
adc,AuditConductionNotificationHistory,15,DeletedDate,datetime,8,23,3,1,0,0,NULL
adc,AuditConductionNotificationHistory,16,DeleteReason,nvarchar,1000,0,0,1,0,0,NULL
adc,AuditConductionNotificationHistory,17,StartMovementReminderNotificationDate,datetime,8,23,3,1,0,0,NULL
adc,AuditConductionNotificationHistory,18,StartMovementReminderNotificationSent,bit,1,1,0,1,0,0,NULL
adc,AuditConductionNotificationHistory,19,StartConductionOverdueNotificationDate,datetime,8,23,3,1,0,0,NULL
adc,AuditConductionNotificationHistory,20,StartConductionOverdueNotificationSent,bit,1,1,0,1,0,0,NULL
adc,AuditConductionObservation,1,AudConObsId,int,4,10,0,0,1,0,NULL
adc,AuditConductionObservation,2,AudConObsName,nvarchar,1000,0,0,1,0,0,NULL
adc,AuditConductionObservation,3,AudConObsTypeId,int,4,10,0,0,0,0,NULL
adc,AuditConductionObservation,4,AuditConductionId,int,4,10,0,0,0,0,NULL
adc,AuditConductionObservation,5,AuditScheduleId,int,4,10,0,0,0,0,NULL
adc,AuditConductionObservation,6,ReportTypeId,int,4,10,0,1,0,0,NULL
adc,AuditConductionObservation,7,AuditConductionPlanningDocumentId,int,4,10,0,0,0,0,NULL
adc,AuditConductionObservation,8,AuditConductionPlanningProcessId,int,4,10,0,0,0,0,NULL
adc,AuditConductionObservation,9,AuditConductionPlanningSubProcessId,int,4,10,0,0,0,0,NULL
adc,AuditConductionObservation,10,ContainerContainId,int,4,10,0,0,0,0,NULL
adc,AuditConductionObservation,11,IsActive,bit,1,1,0,0,0,0,NULL
adc,AuditConductionObservation,12,CreatedBy,int,4,10,0,1,0,0,NULL
adc,AuditConductionObservation,13,CreatedDate,datetime,8,23,3,1,0,0,NULL
adc,AuditConductionObservation,14,UpdatedBy,int,4,10,0,1,0,0,NULL
adc,AuditConductionObservation,15,UpdatedDate,datetime,8,23,3,1,0,0,NULL
adc,AuditConductionObservation,16,IsDeleted,bit,1,1,0,1,0,0,NULL
adc,AuditConductionObservation,17,DeletedBy,int,4,10,0,1,0,0,NULL
adc,AuditConductionObservation,18,DeletedDate,datetime,8,23,3,1,0,0,NULL
adc,AuditConductionObservation,19,DeleteReason,nvarchar,1000,0,0,1,0,0,NULL
adc,AuditConductionObservation,20,HasAnnexure,bit,1,1,0,1,0,0,NULL
adc,AuditConductionObservation,21,IsInnerAnnexure,bit,1,1,0,1,0,0,NULL
adc,AuditConductionObservation,22,HasActionPlan,bit,1,1,0,1,0,0,NULL
adc,AuditConductionObservation,23,IsIARFC,bit,1,1,0,1,0,0,NULL
adc,AuditConductionObservation,24,IsIARMC,bit,1,1,0,1,0,0,NULL
adc,AuditConductionObservation,25,IsNewObservation,bit,1,1,0,1,0,0,NULL
adc,AuditConductionObservation,26,IsProcessAudit,bit,1,1,0,1,0,0,NULL
adc,AuditConductionObservation,27,IsSpecialObservation,bit,1,1,0,1,0,0,NULL
adc,AuditConductionObservation,28,IsModelReport,bit,1,1,0,1,0,0,NULL
adc,AuditConductionObservation,29,IsFARCMeeting,bit,1,1,0,1,0,0,NULL
adc,AuditConductionObservation,30,IsEDDBriefingMeeting,bit,1,1,0,1,0,0,NULL
adc,AuditConductionObservation,31,IsGeneralObservation,bit,1,1,0,1,0,0,NULL
adc,AuditConductionObservation,32,IsDropped,bit,1,1,0,1,0,0,((0))
adc,AuditConductionObservation,33,IsDirectorReport,bit,1,1,0,1,0,0,NULL
adc,AuditConductionObservation,34,IsMDReport,bit,1,1,0,1,0,0,NULL
adc,AuditConductionObservation,35,IsEDReport,bit,1,1,0,1,0,0,NULL
adc,AuditConductionObservation,36,IsAuditCompliance,bit,1,1,0,1,0,0,NULL
adc,AuditConductionObservation,37,IsIARFCAll,bit,1,1,0,1,0,0,NULL
adc,AuditConductionObservation,38,IsIARMCAll,bit,1,1,0,1,0,0,NULL
adc,AuditConductionObservation,39,IsNewObservationAll,bit,1,1,0,1,0,0,NULL
adc,AuditConductionObservation,40,IsProcessAuditAll,bit,1,1,0,1,0,0,NULL
adc,AuditConductionObservation,41,IsSpecialObservationAll,bit,1,1,0,1,0,0,NULL
adc,AuditConductionObservation,42,IsModelReportAll,bit,1,1,0,1,0,0,NULL
adc,AuditConductionObservation,43,IsFARCMeetingAll,bit,1,1,0,1,0,0,NULL
adc,AuditConductionObservation,44,IsEDDBriefingMeetingAll,bit,1,1,0,1,0,0,NULL
adc,AuditConductionObservation,45,IsGeneralObservationAll,bit,1,1,0,1,0,0,NULL
adc,AuditConductionObservation,46,IsDirectorReportAll,bit,1,1,0,1,0,0,NULL
adc,AuditConductionObservation,47,IsMDReportAll,bit,1,1,0,1,0,0,NULL
adc,AuditConductionObservation,48,IsEDReportAll,bit,1,1,0,1,0,0,NULL
adc,AuditConductionObservation,49,IsAuditComplianceAll,bit,1,1,0,1,0,0,NULL
adc,AuditConductionObservationComment,1,AuditConductionObservationCommentId,int,4,10,0,0,1,0,NULL
adc,AuditConductionObservationComment,2,AuditScheduleId,int,4,10,0,1,0,0,NULL
adc,AuditConductionObservationComment,3,AuditConductionId,int,4,10,0,1,0,0,NULL
adc,AuditConductionObservationComment,4,ReportWritingReportId,int,4,10,0,1,0,0,NULL
adc,AuditConductionObservationComment,5,ReportTypeId,int,4,10,0,1,0,0,NULL
adc,AuditConductionObservationComment,6,CommentAreaTypeId,int,4,10,0,1,0,0,NULL
adc,AuditConductionObservationComment,7,CommentSubAreaTypeId,int,4,10,0,1,0,0,NULL
adc,AuditConductionObservationComment,8,Comments,nvarchar,-1,0,0,1,0,0,NULL
adc,AuditConductionObservationComment,9,ParentCommentId,int,4,10,0,1,0,0,NULL
adc,AuditConductionObservationComment,10,ObservationId,int,4,10,0,1,0,0,NULL
adc,AuditConductionObservationComment,11,ObservationComment,nvarchar,1000,0,0,1,0,0,NULL
adc,AuditConductionObservationComment,12,IsAgree,bit,1,1,0,1,0,0,NULL
adc,AuditConductionObservationComment,13,IsEdited,bit,1,1,0,1,0,0,NULL
adc,AuditConductionObservationComment,14,IsRemoved,bit,1,1,0,1,0,0,NULL
adc,AuditConductionObservationComment,15,CommentCreatedDate,datetime,8,23,3,1,0,0,NULL
adc,AuditConductionObservationComment,16,CommentUpdatedDate,datetime,8,23,3,1,0,0,NULL
adc,AuditConductionObservationComment,17,IsActive,bit,1,1,0,0,0,0,NULL
adc,AuditConductionObservationComment,18,CanEdit,bit,1,1,0,1,0,0,NULL
adc,AuditConductionObservationComment,19,CreatedBy,int,4,10,0,1,0,0,NULL
adc,AuditConductionObservationComment,20,CreatedDate,datetime,8,23,3,1,0,0,NULL
adc,AuditConductionObservationComment,21,UpdatedBy,int,4,10,0,1,0,0,NULL
adc,AuditConductionObservationComment,22,UpdatedDate,datetime,8,23,3,1,0,0,NULL
adc,AuditConductionObservationComment,23,IsDeleted,bit,1,1,0,1,0,0,NULL
adc,AuditConductionObservationComment,24,DeletedBy,int,4,10,0,1,0,0,NULL
adc,AuditConductionObservationComment,25,DeletedDate,datetime,8,23,3,1,0,0,NULL
adc,AuditConductionObservationComment,26,DeleteReason,nvarchar,1000,0,0,1,0,0,NULL
adc,AuditConductionObservationControl,1,AudConObsControlId,int,4,10,0,0,1,0,NULL
adc,AuditConductionObservationControl,2,AudConObsId,int,4,10,0,1,0,0,NULL
adc,AuditConductionObservationControl,3,AuditConductionControlId,int,4,10,0,1,0,0,NULL
adc,AuditConductionObservationControl,4,IsActive,bit,1,1,0,0,0,0,NULL
adc,AuditConductionObservationControl,5,IsDeleted,bit,1,1,0,1,0,0,NULL
adc,AuditConductionObservationControl,6,DeletedBy,int,4,10,0,1,0,0,NULL
adc,AuditConductionObservationControl,7,DeletedDate,datetime,8,23,3,1,0,0,NULL
adc,AuditConductionObservationDesignAssesment,1,AudConObsDesignAssesmentId,int,4,10,0,0,1,0,NULL
adc,AuditConductionObservationDesignAssesment,2,AudConObsId,int,4,10,0,1,0,0,NULL
adc,AuditConductionObservationDesignAssesment,3,AuditConductionDesignAssesmentId,int,4,10,0,1,0,0,NULL
adc,AuditConductionObservationDesignAssesment,4,IsActive,bit,1,1,0,0,0,0,NULL
adc,AuditConductionObservationDesignAssesment,5,IsDeleted,bit,1,1,0,1,0,0,NULL
adc,AuditConductionObservationDesignAssesment,6,DeletedBy,int,4,10,0,1,0,0,NULL
adc,AuditConductionObservationDesignAssesment,7,DeletedDate,datetime,8,23,3,1,0,0,NULL
adc,AuditConductionObservationRecommend,1,AudConObsRecomId,int,4,10,0,0,1,0,NULL
adc,AuditConductionObservationRecommend,2,AudConObsId,int,4,10,0,1,0,0,NULL
adc,AuditConductionObservationRecommend,3,ObservationRecommend,nvarchar,1000,0,0,1,0,0,NULL
adc,AuditConductionObservationRecommend,4,IsActive,bit,1,1,0,0,0,0,NULL
adc,AuditConductionObservationRecommend,5,CreatedBy,int,4,10,0,1,0,0,NULL
adc,AuditConductionObservationRecommend,6,CreatedDate,datetime,8,23,3,1,0,0,NULL
adc,AuditConductionObservationRecommend,7,UpdatedBy,int,4,10,0,1,0,0,NULL
adc,AuditConductionObservationRecommend,8,UpdatedDate,datetime,8,23,3,1,0,0,NULL
adc,AuditConductionObservationRecommend,9,IsDeleted,bit,1,1,0,1,0,0,NULL
adc,AuditConductionObservationRecommend,10,DeletedBy,int,4,10,0,1,0,0,NULL
adc,AuditConductionObservationRecommend,11,DeletedDate,datetime,8,23,3,1,0,0,NULL
adc,AuditConductionObservationRecommend,12,DeleteReason,nvarchar,1000,0,0,1,0,0,NULL
adc,AuditConductionObservationRow,1,AudConObsRowId,int,4,10,0,0,1,0,NULL
adc,AuditConductionObservationRow,2,AudConObsId,int,4,10,0,0,0,0,NULL
adc,AuditConductionObservationRow,3,ContainerContainRowId,int,4,10,0,0,0,0,NULL
adc,AuditConductionObservationRow,4,ColumnNumber,int,4,10,0,1,0,0,NULL
adc,AuditConductionObservationRow,5,DisplayOrder,int,4,10,0,1,0,0,NULL
adc,AuditConductionObservationRow,6,IsActive,bit,1,1,0,0,0,0,NULL
adc,AuditConductionObservationRow,7,IsDeleted,bit,1,1,0,1,0,0,NULL
adc,AuditConductionObservationRow,8,DeletedBy,int,4,10,0,1,0,0,NULL
adc,AuditConductionObservationRow,9,DeletedDate,datetime,8,23,3,1,0,0,NULL
adc,AuditConductionObservationRowColumn,1,AudConObsRowColumnId,int,4,10,0,0,1,0,NULL
adc,AuditConductionObservationRowColumn,2,AudConObsId,int,4,10,0,0,0,0,NULL
adc,AuditConductionObservationRowColumn,3,AudConObsRowId,int,4,10,0,0,0,0,NULL
adc,AuditConductionObservationRowColumn,4,ContainerContainRowId,int,4,10,0,0,0,0,NULL
adc,AuditConductionObservationRowColumn,5,ContainerContainRowColumnId,int,4,10,0,0,0,0,NULL
adc,AuditConductionObservationRowColumn,6,HeadingId,int,4,10,0,0,0,0,NULL
adc,AuditConductionObservationRowColumn,7,HeadingTypeId,int,4,10,0,1,0,0,NULL
adc,AuditConductionObservationRowColumn,8,HeadingSourceId,int,4,10,0,1,0,0,NULL
adc,AuditConductionObservationRowColumn,9,ContainerContainRowColValue,nvarchar,-1,0,0,1,0,0,NULL
adc,AuditConductionObservationRowColumn,10,ContainerContainRowColText,nvarchar,-1,0,0,1,0,0,NULL
adc,AuditConductionObservationRowColumn,11,DisplayOrder,int,4,10,0,1,0,0,NULL
adc,AuditConductionObservationRowColumn,12,IsActive,bit,1,1,0,0,0,0,NULL
adc,AuditConductionObservationRowColumn,13,IsDeleted,bit,1,1,0,1,0,0,NULL
adc,AuditConductionObservationRowColumn,14,DeletedBy,int,4,10,0,1,0,0,NULL
adc,AuditConductionObservationRowColumn,15,DeletedDate,datetime,8,23,3,1,0,0,NULL
adc,AuditConductionObservationSubstantive,1,AudConObsSubstantiveId,int,4,10,0,0,1,0,NULL
adc,AuditConductionObservationSubstantive,2,AudConObsId,int,4,10,0,1,0,0,NULL
adc,AuditConductionObservationSubstantive,3,AuditConductionSubstantiveId,int,4,10,0,1,0,0,NULL
adc,AuditConductionObservationSubstantive,4,IsActive,bit,1,1,0,0,0,0,NULL
adc,AuditConductionObservationSubstantive,5,IsDeleted,bit,1,1,0,1,0,0,NULL
adc,AuditConductionObservationSubstantive,6,DeletedBy,int,4,10,0,1,0,0,NULL
adc,AuditConductionObservationSubstantive,7,DeletedDate,datetime,8,23,3,1,0,0,NULL
adc,AuditConductionObservationType,1,AudConObsTypeId,int,4,10,0,0,1,0,NULL
adc,AuditConductionObservationType,2,AudConObsTypeName,nvarchar,200,0,0,0,0,0,NULL
adc,AuditConductionObservationType,3,IsActive,bit,1,1,0,0,0,0,NULL
adc,AuditConductionObservationType,4,CreatedBy,int,4,10,0,1,0,0,NULL
adc,AuditConductionObservationType,5,CreatedDate,datetime,8,23,3,1,0,0,NULL
adc,AuditConductionObservationType,6,UpdatedBy,int,4,10,0,1,0,0,NULL
adc,AuditConductionObservationType,7,UpdatedDate,datetime,8,23,3,1,0,0,NULL
adc,AuditConductionObservationType,8,IsDeleted,bit,1,1,0,1,0,0,NULL
adc,AuditConductionObservationType,9,DeletedBy,int,4,10,0,1,0,0,NULL
adc,AuditConductionObservationType,10,DeletedDate,datetime,8,23,3,1,0,0,NULL
adc,AuditConductionObservationType,11,DeleteReason,nvarchar,1000,0,0,1,0,0,NULL
adc,AuditConductionPlanningDiagram,1,AuditConductionPlanningDiagramId,int,4,10,0,0,1,0,NULL
adc,AuditConductionPlanningDiagram,2,AuditConductionPlanningDocumentId,int,4,10,0,0,0,0,NULL
adc,AuditConductionPlanningDiagram,3,PlanningDiagramId,int,4,10,0,0,0,0,NULL
adc,AuditConductionPlanningDiagram,4,AuditConductionPlanningProcessId,int,4,10,0,0,0,0,NULL
adc,AuditConductionPlanningDiagram,5,IsPdActive,bit,1,1,0,1,0,0,NULL
adc,AuditConductionPlanningDiagram,6,IsActive,bit,1,1,0,0,0,0,NULL
adc,AuditConductionPlanningDiagram,7,CreatedBy,int,4,10,0,1,0,0,NULL
adc,AuditConductionPlanningDiagram,8,CreatedDate,datetime,8,23,3,1,0,0,NULL
adc,AuditConductionPlanningDiagram,9,UpdatedBy,int,4,10,0,1,0,0,NULL
adc,AuditConductionPlanningDiagram,10,UpdatedDate,datetime,8,23,3,1,0,0,NULL
adc,AuditConductionPlanningDiagram,11,IsDeleted,bit,1,1,0,1,0,0,NULL
adc,AuditConductionPlanningDiagram,12,DeletedBy,int,4,10,0,1,0,0,NULL
adc,AuditConductionPlanningDiagram,13,DeletedDate,datetime,8,23,3,1,0,0,NULL
adc,AuditConductionPlanningDiagram,14,DeleteReason,nvarchar,1000,0,0,1,0,0,NULL
adc,AuditConductionPlanningDocument,1,AuditConductionPlanningDocumentId,int,4,10,0,0,1,0,NULL
adc,AuditConductionPlanningDocument,2,AuditConductionId,int,4,10,0,0,0,0,NULL
adc,AuditConductionPlanningDocument,3,PlanningDocumentId,int,4,10,0,0,0,0,NULL
adc,AuditConductionPlanningDocument,4,AuditConductionPlanningDocumentStatusId,int,4,10,0,1,0,0,NULL
adc,AuditConductionPlanningDocument,5,IsActive,bit,1,1,0,0,0,0,NULL
adc,AuditConductionPlanningDocument,6,CreatedBy,int,4,10,0,1,0,0,NULL
adc,AuditConductionPlanningDocument,7,CreatedDate,datetime,8,23,3,1,0,0,NULL
adc,AuditConductionPlanningDocument,8,UpdatedBy,int,4,10,0,1,0,0,NULL
adc,AuditConductionPlanningDocument,9,UpdatedDate,datetime,8,23,3,1,0,0,NULL
adc,AuditConductionPlanningDocument,10,IsDeleted,bit,1,1,0,1,0,0,NULL
adc,AuditConductionPlanningDocument,11,DeletedBy,int,4,10,0,1,0,0,NULL
adc,AuditConductionPlanningDocument,12,DeletedDate,datetime,8,23,3,1,0,0,NULL
adc,AuditConductionPlanningDocument,13,DeleteReason,nvarchar,1000,0,0,1,0,0,NULL
adc,AuditConductionPlanningDocument,14,AuditConductionPlanningDocumentStageId,int,4,10,0,0,0,0,NULL
adc,AuditConductionPlanningDocument,15,AuditConductionPlanningDocumentStageGroupId,int,4,10,0,0,0,0,NULL
adc,AuditConductionPlanningDocument,16,WorkflowProcessDetailId,int,4,10,0,1,0,0,NULL
adc,AuditConductionPlanningDocumentStage,1,AuditConductionPlanningDocumentStageId,int,4,10,0,0,0,0,NULL
adc,AuditConductionPlanningDocumentStage,2,AuditConductionPlanningDocumentStageGroupId,int,4,10,0,0,0,0,NULL
adc,AuditConductionPlanningDocumentStage,3,StageName,varchar,75,0,0,0,0,0,NULL
adc,AuditConductionPlanningDocumentStage,4,IsActive,bit,1,1,0,0,0,0,NULL
adc,AuditConductionPlanningDocumentStage,5,IsDeleted,bit,1,1,0,1,0,0,NULL
adc,AuditConductionPlanningDocumentStage,6,DeletedBy,int,4,10,0,1,0,0,NULL
adc,AuditConductionPlanningDocumentStage,7,DeletedDate,datetime,8,23,3,1,0,0,NULL
adc,AuditConductionPlanningDocumentStageGroup,1,AuditConductionPlanningDocumentStageGroupId,int,4,10,0,0,0,0,NULL
adc,AuditConductionPlanningDocumentStageGroup,2,StageGroupName,varchar,75,0,0,0,0,0,NULL
adc,AuditConductionPlanningDocumentStageGroup,3,IsActive,bit,1,1,0,0,0,0,NULL
adc,AuditConductionPlanningDocumentStageGroup,4,IsDeleted,bit,1,1,0,1,0,0,NULL
adc,AuditConductionPlanningDocumentStageGroup,5,DeletedBy,int,4,10,0,1,0,0,NULL
adc,AuditConductionPlanningDocumentStageGroup,6,DeletedDate,datetime,8,23,3,1,0,0,NULL
adc,AuditConductionPlanningDocumentStatus,1,AuditConductionPlanningDocumentStatusId,int,4,10,0,0,0,0,NULL
adc,AuditConductionPlanningDocumentStatus,2,StatusName,varchar,100,0,0,1,0,0,NULL
adc,AuditConductionPlanningDocumentStatus,3,IsActive,bit,1,1,0,1,0,0,NULL
adc,AuditConductionPlanningDocumentStatus,4,IsDeleted,bit,1,1,0,1,0,0,NULL
adc,AuditConductionPlanningDocumentStatus,5,DeletedBy,int,4,10,0,1,0,0,NULL
adc,AuditConductionPlanningDocumentStatus,6,DeletedDate,datetime,8,23,3,1,0,0,NULL
adc,AuditConductionPlanningProcess,1,AuditConductionPlanningProcessId,int,4,10,0,0,1,0,NULL
adc,AuditConductionPlanningProcess,2,AuditConductionPlanningDocumentId,int,4,10,0,0,0,0,NULL
adc,AuditConductionPlanningProcess,3,PlanningProcessId,int,4,10,0,0,0,0,NULL
adc,AuditConductionPlanningProcess,4,AuditScheduleAuditorId,int,4,10,0,1,0,0,NULL
adc,AuditConductionPlanningProcess,5,AuditScheduleAuditorPin,varchar,150,0,0,1,0,0,NULL
adc,AuditConductionPlanningProcess,6,AuditScheduleAuditorName,varchar,75,0,0,1,0,0,NULL
adc,AuditConductionPlanningProcess,7,IsActive,bit,1,1,0,0,0,0,NULL
adc,AuditConductionPlanningProcess,8,CreatedBy,int,4,10,0,1,0,0,NULL
adc,AuditConductionPlanningProcess,9,CreatedDate,datetime,8,23,3,1,0,0,NULL
adc,AuditConductionPlanningProcess,10,UpdatedBy,int,4,10,0,1,0,0,NULL
adc,AuditConductionPlanningProcess,11,UpdatedDate,datetime,8,23,3,1,0,0,NULL
adc,AuditConductionPlanningProcess,12,IsDeleted,bit,1,1,0,1,0,0,NULL
adc,AuditConductionPlanningProcess,13,DeletedBy,int,4,10,0,1,0,0,NULL
adc,AuditConductionPlanningProcess,14,DeletedDate,datetime,8,23,3,1,0,0,NULL
adc,AuditConductionPlanningProcess,15,DeleteReason,nvarchar,1000,0,0,1,0,0,NULL
adc,AuditConductionPlanningProcess,16,PreviousAuditScheduleAuditorPin,varchar,250,0,0,1,0,0,NULL
adc,AuditConductionPlanningProcess,17,PreviousAuditScheduleAuditorName,varchar,250,0,0,1,0,0,NULL
adc,AuditConductionPlanningProcess,18,AssigneeChangeDate,datetime,8,23,3,1,0,0,NULL
adc,AuditConductionPlanningSubProcess,1,AuditConductionPlanningSubProcessId,int,4,10,0,0,1,0,NULL
adc,AuditConductionPlanningSubProcess,2,AuditConductionPlanningDocumentId,int,4,10,0,0,0,0,NULL
adc,AuditConductionPlanningSubProcess,3,PlanningSubProcessId,int,4,10,0,0,0,0,NULL
adc,AuditConductionPlanningSubProcess,4,AuditScheduleAuditorId,int,4,10,0,1,0,0,NULL
adc,AuditConductionPlanningSubProcess,5,AuditScheduleAuditorPin,varchar,150,0,0,1,0,0,NULL
adc,AuditConductionPlanningSubProcess,6,AuditScheduleAuditorName,varchar,75,0,0,1,0,0,NULL
adc,AuditConductionPlanningSubProcess,7,Population,int,4,10,0,1,0,0,NULL
adc,AuditConductionPlanningSubProcess,8,RiskTypeId,int,4,10,0,1,0,0,NULL
adc,AuditConductionPlanningSubProcess,9,IsActive,bit,1,1,0,0,0,0,NULL
adc,AuditConductionPlanningSubProcess,10,CreatedBy,int,4,10,0,1,0,0,NULL
adc,AuditConductionPlanningSubProcess,11,CreatedDate,datetime,8,23,3,1,0,0,NULL
adc,AuditConductionPlanningSubProcess,12,UpdatedBy,int,4,10,0,1,0,0,NULL
adc,AuditConductionPlanningSubProcess,13,UpdatedDate,datetime,8,23,3,1,0,0,NULL
adc,AuditConductionPlanningSubProcess,14,IsDeleted,bit,1,1,0,1,0,0,NULL
adc,AuditConductionPlanningSubProcess,15,DeletedBy,int,4,10,0,1,0,0,NULL
adc,AuditConductionPlanningSubProcess,16,DeletedDate,datetime,8,23,3,1,0,0,NULL
adc,AuditConductionPlanningSubProcess,17,DeleteReason,nvarchar,1000,0,0,1,0,0,NULL
adc,AuditConductionPlanningSubProcess,18,AuditConductionPlanningProcessId,int,4,10,0,0,0,0,NULL
adc,AuditConductionPlanningSubProcess,19,IsPdActive,bit,1,1,0,1,0,0,NULL
adc,AuditConductionStatus,1,AuditConductionStatusId,int,4,10,0,0,0,0,NULL
adc,AuditConductionStatus,2,StatusName,varchar,100,0,0,1,0,0,NULL
adc,AuditConductionStatus,3,DisplayName,varchar,100,0,0,1,0,0,NULL
adc,AuditConductionStatus,4,CurrentStatusMessage,varchar,450,0,0,1,0,0,NULL
adc,AuditConductionStatus,5,PreviousStatusMessage,varchar,450,0,0,1,0,0,NULL
adc,AuditConductionStatus,6,NextStatusMessage,varchar,450,0,0,1,0,0,NULL
adc,AuditConductionStatus,7,IsActive,bit,1,1,0,1,0,0,NULL
adc,AuditConductionStatus,8,IsDeleted,bit,1,1,0,1,0,0,NULL
adc,AuditConductionStatus,9,DeletedBy,int,4,10,0,1,0,0,NULL
adc,AuditConductionStatus,10,DeletedDate,datetime,8,23,3,1,0,0,NULL
adc,AuditConductionStep,1,AuditConStepId,int,4,10,0,0,1,0,NULL
adc,AuditConductionStep,2,AuditConductionId,int,4,10,0,1,0,0,NULL
adc,AuditConductionStep,3,AuditStepId,int,4,10,0,1,0,0,NULL
adc,AuditConductionStep,4,IsActive,bit,1,1,0,0,0,0,NULL
adc,AuditConductionStep,5,CreatedBy,int,4,10,0,1,0,0,NULL
adc,AuditConductionStep,6,CreatedDate,datetime,8,23,3,1,0,0,NULL
adc,AuditConductionStep,7,UpdatedBy,int,4,10,0,1,0,0,NULL
adc,AuditConductionStep,8,UpdatedDate,datetime,8,23,3,1,0,0,NULL
adc,AuditConductionStep,9,IsDeleted,bit,1,1,0,1,0,0,NULL
adc,AuditConductionStep,10,DeletedBy,int,4,10,0,1,0,0,NULL
adc,AuditConductionStep,11,DeletedDate,datetime,8,23,3,1,0,0,NULL
adc,AuditConductionStep,12,DeleteReason,nvarchar,1000,0,0,1,0,0,NULL
adc,AuditConductionSubstantive,1,AuditConductionSubstantiveId,int,4,10,0,0,1,0,NULL
adc,AuditConductionSubstantive,2,AuditConductionPlanningDocumentId,int,4,10,0,0,0,0,NULL
adc,AuditConductionSubstantive,3,AuditConductionPlanningProcessId,int,4,10,0,0,0,0,NULL
adc,AuditConductionSubstantive,4,AuditConductionPlanningSubProcessId,int,4,10,0,0,0,0,NULL
adc,AuditConductionSubstantive,5,SubstantiveTestProcedureId,int,4,10,0,1,0,0,NULL
adc,AuditConductionSubstantive,6,SubstantiveTestProcedureName,nvarchar,400,0,0,1,0,0,NULL
adc,AuditConductionSubstantive,7,Objective,nvarchar,-1,0,0,1,0,0,NULL
adc,AuditConductionSubstantive,8,SampleTechnique,nvarchar,-1,0,0,1,0,0,NULL
adc,AuditConductionSubstantive,9,PerformProcedure,nvarchar,-1,0,0,1,0,0,NULL
adc,AuditConductionSubstantive,10,Population,int,4,10,0,1,0,0,NULL
adc,AuditConductionSubstantive,11,SampleSize,int,4,10,0,1,0,0,NULL
adc,AuditConductionSubstantive,12,SampleSizePercentage,decimal,9,18,0,1,0,0,NULL
adc,AuditConductionSubstantive,13,Instance,int,4,10,0,1,0,0,NULL
adc,AuditConductionSubstantive,14,InstancePercentage,decimal,9,18,0,1,0,0,NULL
adc,AuditConductionSubstantive,15,PopulationConduction,int,4,10,0,1,0,0,NULL
adc,AuditConductionSubstantive,16,SampleSizeConduction,int,4,10,0,1,0,0,NULL
adc,AuditConductionSubstantive,17,SampleSizePercentageConduction,decimal,9,18,0,1,0,0,NULL
adc,AuditConductionSubstantive,18,InstanceConduction,int,4,10,0,1,0,0,NULL
adc,AuditConductionSubstantive,19,InstancePercentageConduction,decimal,9,18,0,1,0,0,NULL
adc,AuditConductionSubstantive,20,RiskTypeId,int,4,10,0,1,0,0,NULL
adc,AuditConductionSubstantive,21,RiskWeight,int,4,10,0,1,0,0,NULL
adc,AuditConductionSubstantive,22,RiskDescription,nvarchar,-1,0,0,1,0,0,NULL
adc,AuditConductionSubstantive,23,TODDescription,nvarchar,-1,0,0,1,0,0,NULL
adc,AuditConductionSubstantive,24,TODDescription2,nvarchar,-1,0,0,1,0,0,NULL
adc,AuditConductionSubstantive,25,TODDescription3,nvarchar,-1,0,0,1,0,0,NULL
adc,AuditConductionSubstantive,26,TODDescription4,nvarchar,-1,0,0,1,0,0,NULL
adc,AuditConductionSubstantive,27,TODDescription5,nvarchar,-1,0,0,1,0,0,NULL
adc,AuditConductionSubstantive,28,TestingProcedure,nvarchar,-1,0,0,1,0,0,NULL
adc,AuditConductionSubstantive,29,ObservationDescription,nvarchar,-1,0,0,1,0,0,NULL
adc,AuditConductionSubstantive,30,ConclusionDescription,nvarchar,-1,0,0,1,0,0,NULL
adc,AuditConductionSubstantive,31,IsActive,bit,1,1,0,0,0,0,NULL
adc,AuditConductionSubstantive,32,CreatedBy,int,4,10,0,1,0,0,NULL
adc,AuditConductionSubstantive,33,CreatedDate,datetime,8,23,3,1,0,0,NULL
adc,AuditConductionSubstantive,34,UpdatedBy,int,4,10,0,1,0,0,NULL
adc,AuditConductionSubstantive,35,UpdatedDate,datetime,8,23,3,1,0,0,NULL
adc,AuditConductionSubstantive,36,IsDeleted,bit,1,1,0,1,0,0,NULL
adc,AuditConductionSubstantive,37,DeletedBy,int,4,10,0,1,0,0,NULL
adc,AuditConductionSubstantive,38,DeletedDate,datetime,8,23,3,1,0,0,NULL
adc,AuditConductionSubstantive,39,DeleteReason,nvarchar,1000,0,0,1,0,0,NULL
adc,AuditConductionSubstantive,40,IsPdActive,bit,1,1,0,1,0,0,NULL
adc,AuditConductionSubstantive,41,IsSampleSize,bit,1,1,0,1,0,0,NULL
adc,AuditConductionSubstantive,42,IsSampleSizeConduction,bit,1,1,0,1,0,0,NULL
adc,AuditConductionSubstantive,43,MeasurementUnit,varchar,50,0,0,1,0,0,NULL
adc,AuditConductionSubstantive,44,ConductionMeasurementUnit,varchar,50,0,0,1,0,0,NULL
adc,AuditConductionSubstantiveAssertion,1,AuditConductionSubstantiveAssertionId,int,4,10,0,0,1,0,NULL
adc,AuditConductionSubstantiveAssertion,2,AuditConductionSubstantiveId,int,4,10,0,0,0,0,NULL
adc,AuditConductionSubstantiveAssertion,3,AssertionId,int,4,10,0,1,0,0,NULL
adc,AuditConductionSubstantiveAssertion,4,IsActive,bit,1,1,0,0,0,0,NULL
adc,AuditConductionSubstantiveAssertion,5,IsDeleted,bit,1,1,0,1,0,0,NULL
adc,AuditConductionSubstantiveAssertion,6,DeletedBy,int,4,10,0,1,0,0,NULL
adc,AuditConductionSubstantiveAssertion,7,DeletedDate,datetime,8,23,3,1,0,0,NULL
adc,AuditConductionSubstantiveDetail,1,AuditConductionSubstantiveDetailId,int,4,10,0,0,1,0,NULL
adc,AuditConductionSubstantiveDetail,2,AuditConductionSubstantiveId,int,4,10,0,0,0,0,NULL
adc,AuditConductionSubstantiveDetail,3,PerformProcedureId,int,4,10,0,1,0,0,NULL
adc,AuditConductionSubstantiveDetail,4,IsActive,bit,1,1,0,0,0,0,NULL
adc,AuditConductionSubstantiveDetail,5,IsDeleted,bit,1,1,0,1,0,0,NULL
adc,AuditConductionSubstantiveDetail,6,DeletedBy,int,4,10,0,1,0,0,NULL
adc,AuditConductionSubstantiveDetail,7,DeletedDate,datetime,8,23,3,1,0,0,NULL
adc,AuditConductionSubstantiveDetail,8,IsPdActive,bit,1,1,0,1,0,0,NULL
adc,AuditLifeCycleMatrix,1,AuditLifeCycleMatrixId,int,4,10,0,0,0,0,NULL
adc,AuditLifeCycleMatrix,2,AuditTypeId,int,4,10,0,0,0,0,NULL
adc,AuditLifeCycleMatrix,3,ReportTypeId,int,4,10,0,0,0,0,NULL
adc,AuditLifeCycleMatrix,4,ReportWritingWorkingDays,int,4,10,0,0,0,0,NULL
adc,AuditLifeCycleMatrix,5,ActionPlanCollectedWorkingDays,int,4,10,0,1,0,0,NULL
adc,AuditLifeCycleMatrix,6,ActionPlanWorkingDays,int,4,10,0,0,0,0,NULL
adc,AuditLifeCycleMatrix,7,DispatchWorkingDays,int,4,10,0,0,0,0,NULL
adc,AuditLifeCycleMatrix,8,IsActive,bit,1,1,0,1,0,0,NULL
adc,AuditLifeCycleMatrix,9,IsDeleted,bit,1,1,0,1,0,0,NULL
adc,AuditLifeCycleMatrix,10,DeletedBy,int,4,10,0,1,0,0,NULL
adc,AuditLifeCycleMatrix,11,DeletedDate,datetime,8,23,3,1,0,0,NULL
adc,AuditPerformanceRating,1,AuditPerformanceRatingId,int,4,10,0,0,1,0,NULL
adc,AuditPerformanceRating,2,APRDataTypeId,int,4,10,0,0,0,0,NULL
adc,AuditPerformanceRating,3,RefId,int,4,10,0,0,0,0,NULL
adc,AuditPerformanceRating,4,AuditConductionId,int,4,10,0,0,0,0,NULL
adc,AuditPerformanceRating,5,AuditScheduleId,int,4,10,0,0,0,0,NULL
adc,AuditPerformanceRating,6,ReportWritingReportId,int,4,10,0,1,0,0,NULL
adc,AuditPerformanceRating,7,PlanningProcessId,int,4,10,0,1,0,0,NULL
adc,AuditPerformanceRating,8,PlanningSubProcessId,int,4,10,0,1,0,0,NULL
adc,AuditPerformanceRating,9,AuditControlName,nvarchar,8000,0,0,0,0,0,NULL
adc,AuditPerformanceRating,10,APRMethodId,int,4,10,0,1,0,0,NULL
adc,AuditPerformanceRating,11,AprSeverityControlFailureId,int,4,10,0,1,0,0,NULL
adc,AuditPerformanceRating,12,IsActive,bit,1,1,0,0,0,0,NULL
adc,AuditPerformanceRating,13,CreatedBy,int,4,10,0,1,0,0,NULL
adc,AuditPerformanceRating,14,CreatedDate,datetime,8,23,3,1,0,0,NULL
adc,AuditPerformanceRating,15,UpdatedBy,int,4,10,0,1,0,0,NULL
adc,AuditPerformanceRating,16,UpdatedDate,datetime,8,23,3,1,0,0,NULL
adc,AuditPerformanceRating,17,IsDeleted,bit,1,1,0,1,0,0,NULL
adc,AuditPerformanceRating,18,DeletedBy,int,4,10,0,1,0,0,NULL
adc,AuditPerformanceRating,19,DeletedDate,datetime,8,23,3,1,0,0,NULL
adc,AuditPerformanceRating,20,DeleteReason,varchar,500,0,0,1,0,0,NULL
adc,AuditPerformanceRating,21,RiskWeight,int,4,10,0,1,0,0,NULL
adc,DispatchMatrix,1,DispatchMatrixId,int,4,10,0,0,1,0,NULL
adc,DispatchMatrix,2,CountryId,int,4,10,0,1,0,0,NULL
adc,DispatchMatrix,3,ProgrammeGroupId,int,4,10,0,1,0,0,NULL
adc,DispatchMatrix,4,ProgrammeId,int,4,10,0,1,0,0,NULL
adc,DispatchMatrix,5,ProjectId,int,4,10,0,1,0,0,NULL
adc,DispatchMatrix,6,AuditTypeId,int,4,10,0,1,0,0,NULL
adc,DispatchMatrix,7,ReportTypeId,int,4,10,0,1,0,0,NULL
adc,DispatchMatrix,8,RiskTypeId,int,4,10,0,1,0,0,NULL
adc,DispatchMatrix,9,DispatcherPIN,varchar,8,0,0,1,0,0,NULL
adc,DispatchMatrix,10,DispatcherName,varchar,150,0,0,1,0,0,NULL
adc,DispatchMatrix,11,IsActive,bit,1,1,0,0,0,0,NULL
adc,DispatchMatrix,12,CreatedBy,int,4,10,0,1,0,0,NULL
adc,DispatchMatrix,13,CreatedDate,datetime,8,23,3,1,0,0,NULL
adc,DispatchMatrix,14,UpdatedBy,int,4,10,0,1,0,0,NULL
adc,DispatchMatrix,15,UpdatedDate,datetime,8,23,3,1,0,0,NULL
adc,DispatchMatrix,16,IsDeleted,bit,1,1,0,1,0,0,NULL
adc,DispatchMatrix,17,DeletedBy,int,4,10,0,1,0,0,NULL
adc,DispatchMatrix,18,DeletedDate,datetime,8,23,3,1,0,0,NULL
adc,DispatchMatrix,19,DeleteReason,nvarchar,1000,0,0,1,0,0,NULL
adc,DispatchMatrixAuditType,1,DispatchMatrixAuditTypeId,int,4,10,0,0,1,0,NULL
adc,DispatchMatrixAuditType,2,DispatchMatrixId,int,4,10,0,1,0,0,NULL
adc,DispatchMatrixAuditType,3,AuditTypeId,int,4,10,0,1,0,0,NULL
adc,DispatchMatrixAuditType,4,IsActive,bit,1,1,0,0,0,0,NULL
adc,DispatchMatrixAuditType,5,CreatedBy,int,4,10,0,1,0,0,NULL
adc,DispatchMatrixAuditType,6,CreatedDate,datetime,8,23,3,1,0,0,NULL
adc,DispatchMatrixAuditType,7,UpdatedBy,int,4,10,0,1,0,0,NULL
adc,DispatchMatrixAuditType,8,UpdatedDate,datetime,8,23,3,1,0,0,NULL
adc,DispatchMatrixAuditType,9,IsDeleted,bit,1,1,0,1,0,0,NULL
adc,DispatchMatrixAuditType,10,DeletedBy,int,4,10,0,1,0,0,NULL
adc,DispatchMatrixAuditType,11,DeletedDate,datetime,8,23,3,1,0,0,NULL
adc,DispatchMatrixAuditType,12,DeleteReason,nvarchar,1000,0,0,1,0,0,NULL
adc,DispatchMatrixDispatcher,1,DispatchMatrixDispatcherId,int,4,10,0,0,1,0,NULL
adc,DispatchMatrixDispatcher,3,DispatchMatrixId,int,4,10,0,1,0,0,NULL
adc,DispatchMatrixDispatcher,4,AppUserId,int,4,10,0,1,0,0,NULL
adc,DispatchMatrixDispatcher,5,DispatcherPIN,varchar,150,0,0,1,0,0,NULL
adc,DispatchMatrixDispatcher,6,DispatcherName,varchar,75,0,0,1,0,0,NULL
adc,DispatchMatrixDispatcher,7,DispatcherLevelName,varchar,250,0,0,0,0,0,NULL
adc,DispatchMatrixDispatcher,8,DispatcherLevel,int,4,10,0,0,0,0,NULL
adc,DispatchMatrixDispatcher,9,IsActive,bit,1,1,0,0,0,0,NULL
adc,DispatchMatrixDispatcher,10,CreatedBy,int,4,10,0,1,0,0,NULL
adc,DispatchMatrixDispatcher,11,CreatedDate,datetime,8,23,3,1,0,0,NULL
adc,DispatchMatrixDispatcher,12,UpdatedBy,int,4,10,0,1,0,0,NULL
adc,DispatchMatrixDispatcher,13,UpdatedDate,datetime,8,23,3,1,0,0,NULL
adc,DispatchMatrixDispatcher,14,IsDeleted,bit,1,1,0,1,0,0,NULL
adc,DispatchMatrixDispatcher,15,DeletedBy,int,4,10,0,1,0,0,NULL
adc,DispatchMatrixDispatcher,16,DeletedDate,datetime,8,23,3,1,0,0,NULL
adc,DispatchMatrixDispatcher,17,DeleteReason,nvarchar,1000,0,0,1,0,0,NULL
adc,DispatchMatrixProject,1,DispatchMatrixProjectId,int,4,10,0,0,1,0,NULL
adc,DispatchMatrixProject,2,DispatchMatrixId,int,4,10,0,1,0,0,NULL
adc,DispatchMatrixProject,3,ProjectId,int,4,10,0,1,0,0,NULL
adc,DispatchMatrixProject,4,IsActive,bit,1,1,0,0,0,0,NULL
adc,DispatchMatrixProject,5,CreatedBy,int,4,10,0,1,0,0,NULL
adc,DispatchMatrixProject,6,CreatedDate,datetime,8,23,3,1,0,0,NULL
adc,DispatchMatrixProject,7,UpdatedBy,int,4,10,0,1,0,0,NULL
adc,DispatchMatrixProject,8,UpdatedDate,datetime,8,23,3,1,0,0,NULL
adc,DispatchMatrixProject,9,IsDeleted,bit,1,1,0,1,0,0,NULL
adc,DispatchMatrixProject,10,DeletedBy,int,4,10,0,1,0,0,NULL
adc,DispatchMatrixProject,11,DeletedDate,datetime,8,23,3,1,0,0,NULL
adc,DispatchMatrixProject,12,DeleteReason,nvarchar,1000,0,0,1,0,0,NULL
adc,DispatchMatrixReportType,1,DispatchMatrixReportTypeId,int,4,10,0,0,1,0,NULL
adc,DispatchMatrixReportType,2,DispatchMatrixId,int,4,10,0,1,0,0,NULL
adc,DispatchMatrixReportType,3,ReportTypeId,int,4,10,0,1,0,0,NULL
adc,DispatchMatrixReportType,4,IsActive,bit,1,1,0,0,0,0,NULL
adc,DispatchMatrixReportType,5,CreatedBy,int,4,10,0,1,0,0,NULL
adc,DispatchMatrixReportType,6,CreatedDate,datetime,8,23,3,1,0,0,NULL
adc,DispatchMatrixReportType,7,UpdatedBy,int,4,10,0,1,0,0,NULL
adc,DispatchMatrixReportType,8,UpdatedDate,datetime,8,23,3,1,0,0,NULL
adc,DispatchMatrixReportType,9,IsDeleted,bit,1,1,0,1,0,0,NULL
adc,DispatchMatrixReportType,10,DeletedBy,int,4,10,0,1,0,0,NULL
adc,DispatchMatrixReportType,11,DeletedDate,datetime,8,23,3,1,0,0,NULL
adc,DispatchMatrixReportType,12,DeleteReason,nvarchar,1000,0,0,1,0,0,NULL
adc,DispatchMatrixRiskType,1,DispatchMatrixRiskTypeId,int,4,10,0,0,1,0,NULL
adc,DispatchMatrixRiskType,2,DispatchMatrixId,int,4,10,0,1,0,0,NULL
adc,DispatchMatrixRiskType,3,RiskTypeId,int,4,10,0,1,0,0,NULL
adc,DispatchMatrixRiskType,4,IsActive,bit,1,1,0,0,0,0,NULL
adc,DispatchMatrixRiskType,5,CreatedBy,int,4,10,0,1,0,0,NULL
adc,DispatchMatrixRiskType,6,CreatedDate,datetime,8,23,3,1,0,0,NULL
adc,DispatchMatrixRiskType,7,UpdatedBy,int,4,10,0,1,0,0,NULL
adc,DispatchMatrixRiskType,8,UpdatedDate,datetime,8,23,3,1,0,0,NULL
adc,DispatchMatrixRiskType,9,IsDeleted,bit,1,1,0,1,0,0,NULL
adc,DispatchMatrixRiskType,10,DeletedBy,int,4,10,0,1,0,0,NULL
adc,DispatchMatrixRiskType,11,DeletedDate,datetime,8,23,3,1,0,0,NULL
adc,DispatchMatrixRiskType,12,DeleteReason,nvarchar,1000,0,0,1,0,0,NULL
adc,DispatchMatrixUserLevel,1,DispatchMatrixUserLevelId,int,4,10,0,0,1,0,NULL
adc,DispatchMatrixUserLevel,2,DispatchMatrixId,int,4,10,0,1,0,0,NULL
adc,DispatchMatrixUserLevel,3,UserLevelName,varchar,250,0,0,0,0,0,NULL
adc,DispatchMatrixUserLevel,4,UserLevel,int,4,10,0,0,0,0,NULL
adc,DispatchMatrixUserLevel,5,IsActive,bit,1,1,0,1,0,0,NULL
adc,DispatchMatrixUserLevel,6,CreatedBy,int,4,10,0,1,0,0,NULL
adc,DispatchMatrixUserLevel,7,CreatedDate,datetime,8,23,3,1,0,0,NULL
adc,DispatchMatrixUserLevel,8,UpdatedBy,int,4,10,0,1,0,0,NULL
adc,DispatchMatrixUserLevel,9,UpdatedDate,datetime,8,23,3,1,0,0,NULL
adc,DispatchMatrixUserLevel,10,IsDeleted,bit,1,1,0,1,0,0,NULL
adc,DispatchMatrixUserLevel,11,DeletedBy,int,4,10,0,1,0,0,NULL
adc,DispatchMatrixUserLevel,12,DeletedDate,datetime,8,23,3,1,0,0,NULL
adc,DispatchMatrixUserLevel,13,DeleteReason,nchar,20,0,0,1,0,0,NULL
adc,DocumentRequisitionStatus,1,DocumentRequisitionStatusId,int,4,10,0,0,0,0,NULL
adc,DocumentRequisitionStatus,2,StatusName,varchar,100,0,0,1,0,0,NULL
adc,DocumentRequisitionStatus,3,DisplayName,varchar,100,0,0,1,0,0,NULL
adc,DocumentRequisitionStatus,4,IsActive,bit,1,1,0,1,0,0,NULL
adc,DocumentRequisitionStatus,5,CreatedBy,int,4,10,0,1,0,0,NULL
adc,DocumentRequisitionStatus,6,CreatedDate,datetime,8,23,3,1,0,0,NULL
adc,DocumentRequisitionStatus,7,UpdatedBy,int,4,10,0,1,0,0,NULL
adc,DocumentRequisitionStatus,8,UpdatedDate,datetime,8,23,3,1,0,0,NULL
adc,DocumentRequisitionStatus,9,IsDeleted,bit,1,1,0,1,0,0,NULL
adc,DocumentRequisitionStatus,10,DeletedBy,int,4,10,0,1,0,0,NULL
adc,DocumentRequisitionStatus,11,DeletedDate,datetime,8,23,3,1,0,0,NULL
adc,DocumentRequisitionStatus,12,DeleteReason,nvarchar,1000,0,0,1,0,0,NULL
adc,EntranceMeetingDecision,1,EntranceMeetingDecisionId,int,4,10,0,0,1,0,NULL
adc,EntranceMeetingDecision,2,AuditConductionEntranceMeetingId,int,4,10,0,0,0,0,NULL
adc,EntranceMeetingDecision,3,AuditConductionPlanningProcessId,int,4,10,0,1,0,0,NULL
adc,EntranceMeetingDecision,4,PlanningProcessId,int,4,10,0,0,0,0,NULL
adc,EntranceMeetingDecision,5,EntranceMeetingDecisionName,nvarchar,1000,0,0,0,0,0,NULL
adc,EntranceMeetingDecision,6,IsActive,bit,1,1,0,0,0,0,NULL
adc,EntranceMeetingDecision,7,CreatedBy,int,4,10,0,1,0,0,NULL
adc,EntranceMeetingDecision,8,CreatedDate,datetime,8,23,3,1,0,0,NULL
adc,EntranceMeetingDecision,9,UpdatedBy,int,4,10,0,1,0,0,NULL
adc,EntranceMeetingDecision,10,UpdatedDate,datetime,8,23,3,1,0,0,NULL
adc,EntranceMeetingDecision,11,IsDeleted,bit,1,1,0,1,0,0,NULL
adc,EntranceMeetingDecision,12,DeletedBy,int,4,10,0,1,0,0,NULL
adc,EntranceMeetingDecision,13,DeletedDate,datetime,8,23,3,1,0,0,NULL
adc,EntranceMeetingDecision,14,DeleteReason,nvarchar,1000,0,0,1,0,0,NULL
adc,MeetingLinkEmailHistory,1,MeetingLinkEmailHistoryId,int,4,10,0,0,1,0,NULL
adc,MeetingLinkEmailHistory,2,AudConMeetingId,int,4,10,0,0,0,0,NULL
adc,MeetingLinkEmailHistory,3,AuditConductionId,int,4,10,0,0,0,0,NULL
adc,MeetingLinkEmailHistory,4,AuditScheduleId,int,4,10,0,1,0,0,NULL
adc,MeetingLinkEmailHistory,5,AudConMeetingTypeId,int,4,10,0,1,0,0,NULL
adc,MeetingLinkEmailHistory,6,EmailFrom,nvarchar,-1,0,0,1,0,0,NULL
adc,MeetingLinkEmailHistory,7,EmailTo,nvarchar,-1,0,0,1,0,0,NULL
adc,MeetingLinkEmailHistory,8,EmailCC,nvarchar,-1,0,0,1,0,0,NULL
adc,MeetingLinkEmailHistory,9,EmailSubject,nvarchar,-1,0,0,1,0,0,NULL
adc,MeetingLinkEmailHistory,10,EmailBody,nvarchar,-1,0,0,1,0,0,NULL
adc,MeetingLinkEmailHistory,11,EmailSignature,nvarchar,-1,0,0,1,0,0,NULL
adc,MeetingLinkEmailHistory,12,IsActive,bit,1,1,0,1,0,0,NULL
adc,MeetingLinkEmailHistory,13,CreatedBy,int,4,10,0,1,0,0,NULL
adc,MeetingLinkEmailHistory,14,CreatedDate,datetime,8,23,3,1,0,0,NULL
adc,MeetingLinkEmailHistory,15,UpdatedBy,int,4,10,0,1,0,0,NULL
adc,MeetingLinkEmailHistory,16,UpdatedDate,datetime,8,23,3,1,0,0,NULL
adc,MeetingLinkEmailHistory,17,IsDeleted,bit,1,1,0,1,0,0,NULL
adc,MeetingLinkEmailHistory,18,DeletedBy,int,4,10,0,1,0,0,NULL
adc,MeetingLinkEmailHistory,19,DeletedDate,datetime,8,23,3,1,0,0,NULL
adc,MeetingLinkEmailHistory,20,DeleteReason,nvarchar,1000,0,0,1,0,0,NULL
adc,ObservationDropStatus,1,ObservationDropStatusId,int,4,10,0,0,0,0,NULL
adc,ObservationDropStatus,2,StatusName,varchar,100,0,0,1,0,0,NULL
adc,ObservationDropStatus,3,IsActive,bit,1,1,0,1,0,0,NULL
adc,ObservationDropStatus,4,IsDeleted,bit,1,1,0,1,0,0,NULL
adc,ObservationDropStatus,5,DeletedBy,int,4,10,0,1,0,0,NULL
adc,ObservationDropStatus,6,DeletedDate,datetime,8,23,3,1,0,0,NULL
adc,PlanningDocumentComment,1,PlanningDocumentCommentId,int,4,10,0,0,1,0,NULL
adc,PlanningDocumentComment,2,AuditConductionPlanningDocumentId,int,4,10,0,0,0,0,NULL
adc,PlanningDocumentComment,3,Comment,nvarchar,-1,0,0,1,0,0,NULL
adc,PlanningDocumentComment,4,IsActive,bit,1,1,0,1,0,0,NULL
adc,PlanningDocumentComment,5,CreatedBy,int,4,10,0,1,0,0,NULL
adc,PlanningDocumentComment,6,CreatedDate,datetime,8,23,3,1,0,0,NULL
adc,PlanningDocumentComment,7,UpdatedBy,int,4,10,0,1,0,0,NULL
adc,PlanningDocumentComment,8,UpdatedDate,datetime,8,23,3,1,0,0,NULL
adc,PlanningDocumentComment,9,IsDeleted,bit,1,1,0,1,0,0,NULL
adc,PlanningDocumentComment,10,DeletedBy,int,4,10,0,1,0,0,NULL
adc,PlanningDocumentComment,11,DeletedDate,datetime,8,23,3,1,0,0,NULL
adc,PlanningDocumentComment,12,DeleteReason,nvarchar,1000,0,0,1,0,0,NULL
adc,PlanningDocumentReqSlotDetailFile,1,PlanningDocumentReqSlotDetailFileId,int,4,10,0,0,1,0,NULL
adc,PlanningDocumentReqSlotDetailFile,2,PlanningDocumentRequisitionSlotDetailId,int,4,10,0,0,0,0,NULL
adc,PlanningDocumentReqSlotDetailFile,3,FileName,nvarchar,2000,0,0,1,0,0,NULL
adc,PlanningDocumentReqSlotDetailFile,4,SourceFile,varbinary,-1,0,0,1,0,0,NULL
adc,PlanningDocumentReqSlotDetailFile,5,DocumentType,nvarchar,200,0,0,1,0,0,NULL
adc,PlanningDocumentReqSlotDetailFile,6,FileSizeMb,decimal,9,18,2,1,0,0,NULL
adc,PlanningDocumentReqSlotDetailFile,7,SourcePath,nvarchar,2000,0,0,1,0,0,NULL
adc,PlanningDocumentReqSlotDetailFile,8,Remarks,nvarchar,6000,0,0,1,0,0,NULL
adc,PlanningDocumentReqSlotDetailFile,9,UploadedBy,nvarchar,300,0,0,1,0,0,NULL
adc,PlanningDocumentReqSlotDetailFile,10,UploadedDate,datetime,8,23,3,1,0,0,NULL
adc,PlanningDocumentReqSlotDetailFile,11,DocumentRequisitionDetailDocId,int,4,10,0,1,0,0,NULL
adc,PlanningDocumentReqSlotDetailFile,12,IsActive,bit,1,1,0,0,0,0,NULL
adc,PlanningDocumentReqSlotDetailFile,13,CreatedBy,int,4,10,0,1,0,0,NULL
adc,PlanningDocumentReqSlotDetailFile,14,CreatedDate,datetime,8,23,3,1,0,0,NULL
adc,PlanningDocumentReqSlotDetailFile,15,UpdatedBy,int,4,10,0,1,0,0,NULL
adc,PlanningDocumentReqSlotDetailFile,16,UpdatedDate,datetime,8,23,3,1,0,0,NULL
adc,PlanningDocumentReqSlotDetailFile,17,IsDeleted,bit,1,1,0,1,0,0,NULL
adc,PlanningDocumentReqSlotDetailFile,18,DeletedBy,int,4,10,0,1,0,0,NULL
adc,PlanningDocumentReqSlotDetailFile,19,DeletedDate,datetime,8,23,3,1,0,0,NULL
adc,PlanningDocumentReqSlotDetailFile,20,DeleteReason,nchar,1000,0,0,1,0,0,NULL
adc,PlanningDocumentReqSlotDetailFile,21,ContentType,varchar,255,0,0,1,0,0,NULL
adc,PlanningDocumentReqSlotDetailFile,22,FileStorageHistoryId,int,4,10,0,1,0,0,NULL
adc,PlanningDocumentReqSlotDetailFile,23,FileStorageTypeId,int,4,10,0,1,0,0,NULL
adc,PlanningDocumentReqSlotDetailFile,24,FileStorageFileId,nvarchar,512,0,0,1,0,0,NULL
adc,PlanningDocumentRequisition,1,PlanningDocumentRequisitionId,int,4,10,0,0,1,0,NULL
adc,PlanningDocumentRequisition,2,AuditConductionPlanningDocumentId,int,4,10,0,0,0,0,NULL
adc,PlanningDocumentRequisition,3,SlotName,nvarchar,400,0,0,1,0,0,NULL
adc,PlanningDocumentRequisition,4,ExpectedReceiveDate,datetime,8,23,3,1,0,0,NULL
adc,PlanningDocumentRequisition,5,ActualReceiveDate,datetime,8,23,3,1,0,0,NULL
adc,PlanningDocumentRequisition,6,DocumentId,int,4,10,0,1,0,0,NULL
adc,PlanningDocumentRequisition,7,Remarks,nvarchar,1000,0,0,1,0,0,NULL
adc,PlanningDocumentRequisition,8,DocumentRequisitionStatus,int,4,10,0,1,0,0,NULL
adc,PlanningDocumentRequisition,9,DocumentRequisitionId,int,4,10,0,1,0,0,NULL
adc,PlanningDocumentRequisition,10,IsActive,bit,1,1,0,1,0,0,NULL
adc,PlanningDocumentRequisition,11,CreatedBy,int,4,10,0,1,0,0,NULL
adc,PlanningDocumentRequisition,12,CreatedDate,datetime,8,23,3,1,0,0,NULL
adc,PlanningDocumentRequisition,13,UpdatedBy,int,4,10,0,1,0,0,NULL
adc,PlanningDocumentRequisition,14,UpdatedDate,datetime,8,23,3,1,0,0,NULL
adc,PlanningDocumentRequisition,15,IsDeleted,bit,1,1,0,1,0,0,NULL
adc,PlanningDocumentRequisition,16,DeletedBy,int,4,10,0,1,0,0,NULL
adc,PlanningDocumentRequisition,17,DeletedDate,datetime,8,23,3,1,0,0,NULL
adc,PlanningDocumentRequisition,18,DeleteReason,nvarchar,1000,0,0,1,0,0,NULL
adc,PlanningDocumentRequisitionClient,1,PlanningDocumentRequisitionClientId,int,4,10,0,0,1,0,NULL
adc,PlanningDocumentRequisitionClient,2,PlanningDocumentRequisitionId,int,4,10,0,0,0,0,NULL
adc,PlanningDocumentRequisitionClient,3,AuditConductionId,int,4,10,0,0,0,0,NULL
adc,PlanningDocumentRequisitionClient,4,AuditScheduleId,int,4,10,0,1,0,0,NULL
adc,PlanningDocumentRequisitionClient,5,DocumentRequisitionStatusId,int,4,10,0,1,0,0,NULL
adc,PlanningDocumentRequisitionClient,6,EmailFrom,nvarchar,-1,0,0,1,0,0,NULL
adc,PlanningDocumentRequisitionClient,7,EmailTo,nvarchar,-1,0,0,1,0,0,NULL
adc,PlanningDocumentRequisitionClient,8,EmailCC,nvarchar,-1,0,0,1,0,0,NULL
adc,PlanningDocumentRequisitionClient,9,EmailSubject,nvarchar,-1,0,0,1,0,0,NULL
adc,PlanningDocumentRequisitionClient,10,EmailBody,nvarchar,-1,0,0,1,0,0,NULL
adc,PlanningDocumentRequisitionClient,11,EmailSignature,nvarchar,-1,0,0,1,0,0,NULL
adc,PlanningDocumentRequisitionClient,12,IsActive,bit,1,1,0,1,0,0,NULL
adc,PlanningDocumentRequisitionClient,13,CreatedBy,int,4,10,0,1,0,0,NULL
adc,PlanningDocumentRequisitionClient,14,CreatedDate,datetime,8,23,3,1,0,0,NULL
adc,PlanningDocumentRequisitionClient,15,UpdatedBy,int,4,10,0,1,0,0,NULL
adc,PlanningDocumentRequisitionClient,16,UpdatedDate,datetime,8,23,3,1,0,0,NULL
adc,PlanningDocumentRequisitionClient,17,IsDeleted,bit,1,1,0,1,0,0,NULL
adc,PlanningDocumentRequisitionClient,18,DeletedBy,int,4,10,0,1,0,0,NULL
adc,PlanningDocumentRequisitionClient,19,DeletedDate,datetime,8,23,3,1,0,0,NULL
adc,PlanningDocumentRequisitionClient,20,DeleteReason,nvarchar,1000,0,0,1,0,0,NULL
adc,PlanningDocumentRequisitionSlotDetail,1,PlanningDocumentRequisitionSlotDetailId,int,4,10,0,0,1,0,NULL
adc,PlanningDocumentRequisitionSlotDetail,2,PlanningDocumentRequisitionId,int,4,10,0,0,0,0,NULL
adc,PlanningDocumentRequisitionSlotDetail,3,DocumentId,int,4,10,0,1,0,0,NULL
adc,PlanningDocumentRequisitionSlotDetail,4,SlotDetailName,nvarchar,1200,0,0,1,0,0,NULL
adc,PlanningDocumentRequisitionSlotDetail,5,DocumentName,nvarchar,1000,0,0,1,0,0,NULL
adc,PlanningDocumentRequisitionSlotDetail,6,Purpose,nvarchar,-1,0,0,1,0,0,NULL
adc,PlanningDocumentRequisitionSlotDetail,7,ExpectedReceiveDate,datetime,8,23,3,1,0,0,NULL
adc,PlanningDocumentRequisitionSlotDetail,8,ActualReceiveDate,datetime,8,23,3,1,0,0,NULL
adc,PlanningDocumentRequisitionSlotDetail,9,Remarks,nvarchar,1000,0,0,1,0,0,NULL
adc,PlanningDocumentRequisitionSlotDetail,10,DocumentRequisitionDetailId,int,4,10,0,1,0,0,NULL
adc,PlanningDocumentRequisitionSlotDetail,11,DocumentRequisitionSenderEmailAddress,nvarchar,500,0,0,1,0,0,NULL
adc,PlanningDocumentRequisitionSlotDetail,12,DocumentRequisitionSenderCreatedDate,datetime,8,23,3,1,0,0,NULL
adc,PlanningDocumentRequisitionSlotDetail,13,IsActive,bit,1,1,0,1,0,0,NULL
adc,PlanningDocumentRequisitionSlotDetail,14,CreatedBy,int,4,10,0,1,0,0,NULL
adc,PlanningDocumentRequisitionSlotDetail,15,CreatedDate,datetime,8,23,3,1,0,0,NULL
adc,PlanningDocumentRequisitionSlotDetail,16,UpdatedBy,int,4,10,0,1,0,0,NULL
adc,PlanningDocumentRequisitionSlotDetail,17,UpdatedDate,datetime,8,23,3,1,0,0,NULL
adc,PlanningDocumentRequisitionSlotDetail,18,IsDeleted,bit,1,1,0,1,0,0,NULL
adc,PlanningDocumentRequisitionSlotDetail,19,DeletedBy,int,4,10,0,1,0,0,NULL
adc,PlanningDocumentRequisitionSlotDetail,20,DeletedDate,datetime,8,23,3,1,0,0,NULL
adc,PlanningDocumentRequisitionSlotDetail,21,DeleteReason,nvarchar,1000,0,0,1,0,0,NULL
adc,PlanningDocumentRequisitionSlotDetail,22,ResponsiblePerson,nvarchar,300,0,0,1,0,0,NULL
adc,PlanningDocumentRequisitionSlotDetail,23,ActionTaker,nvarchar,300,0,0,1,0,0,NULL
adc,ReportDispatch,1,ReportDispatchId,int,4,10,0,0,1,0,NULL
adc,ReportDispatch,2,ReportWritingReportId,int,4,10,0,0,0,0,NULL
adc,ReportDispatch,3,ReportWritingReportHistoryId,int,4,10,0,1,0,0,NULL
adc,ReportDispatch,4,AuditConductionId,int,4,10,0,0,0,0,NULL
adc,ReportDispatch,5,AuditScheduleId,int,4,10,0,0,0,0,NULL
adc,ReportDispatch,6,ZoneId,int,4,10,0,0,0,0,NULL
adc,ReportDispatch,7,BranchId,int,4,10,0,0,0,0,NULL
adc,ReportDispatch,8,ProjectId,int,4,10,0,0,0,0,NULL
adc,ReportDispatch,9,ProgrammeId,int,4,10,0,0,0,0,NULL
adc,ReportDispatch,10,ProgrammeGroupId,int,4,10,0,0,0,0,NULL
adc,ReportDispatch,11,AuditTypeId,int,4,10,0,0,0,0,NULL
adc,ReportDispatch,12,ReportTypeId,int,4,10,0,0,0,0,NULL
adc,ReportDispatch,13,RiskTypeId,int,4,10,0,1,0,0,NULL
adc,ReportDispatch,14,OrgUpazilaId,int,4,10,0,1,0,0,NULL
adc,ReportDispatch,15,ReportDisPatchStatusId,int,4,10,0,0,0,0,NULL
adc,ReportDispatch,16,ExpectedDispatchDate,date,3,10,0,1,0,0,NULL
adc,ReportDispatch,17,DispatcherBy,int,4,10,0,1,0,0,NULL
adc,ReportDispatch,18,ActualDispatchDate,datetime,8,23,3,1,0,0,NULL
adc,ReportDispatch,19,AssigneeName,varchar,200,0,0,1,0,0,NULL
adc,ReportDispatch,20,AssigneePin,varchar,200,0,0,1,0,0,NULL
adc,ReportDispatch,21,AssignedDate,date,3,10,0,1,0,0,NULL
adc,ReportDispatch,22,WorkflowProcessDetailId,int,4,10,0,1,0,0,NULL
adc,ReportDispatch,23,IsDispatchCompleted,bit,1,1,0,0,0,0,NULL
adc,ReportDispatch,24,DispatchCompletedDate,date,3,10,0,1,0,0,NULL
adc,ReportDispatch,25,CurrentVersion,varchar,10,0,0,1,0,0,NULL
adc,ReportDispatch,26,IsSingleEmailSent,bit,1,1,0,0,0,0,NULL
adc,ReportDispatch,27,IsGroupEmailSent,bit,1,1,0,0,0,0,NULL
adc,ReportDispatch,28,HasObservation,bit,1,1,0,1,0,0,NULL
adc,ReportDispatch,29,IsActive,bit,1,1,0,0,0,0,NULL
adc,ReportDispatch,30,CreatedBy,int,4,10,0,1,0,0,NULL
adc,ReportDispatch,31,CreatedDate,datetime,8,23,3,1,0,0,NULL
adc,ReportDispatch,32,UpdatedBy,int,4,10,0,1,0,0,NULL
adc,ReportDispatch,33,UpdatedDate,datetime,8,23,3,1,0,0,NULL
adc,ReportDispatch,34,IsDeleted,bit,1,1,0,1,0,0,NULL
adc,ReportDispatch,35,DeletedBy,int,4,10,0,1,0,0,NULL
adc,ReportDispatch,36,DeletedDate,datetime,8,23,3,1,0,0,NULL
adc,ReportDispatch,37,DeleteReason,varchar,500,0,0,1,0,0,NULL
adc,ReportDispatchDelegator,1,ReportDispatchDelegatorId,int,4,10,0,0,1,0,NULL
adc,ReportDispatchDelegator,2,ReportDispatchId,int,4,10,0,0,0,0,NULL
adc,ReportDispatchDelegator,3,CurAppUserId,int,4,10,0,1,0,0,NULL
adc,ReportDispatchDelegator,4,CurStaffName,varchar,150,0,0,1,0,0,NULL
adc,ReportDispatchDelegator,5,CurStaffPin,varchar,150,0,0,1,0,0,NULL
adc,ReportDispatchDelegator,6,CurEmailAddress,varchar,150,0,0,1,0,0,NULL
adc,ReportDispatchDelegator,7,CurDesignation,varchar,150,0,0,1,0,0,NULL
adc,ReportDispatchDelegator,8,CurFunctionalDesignation,varchar,150,0,0,1,0,0,NULL
adc,ReportDispatchDelegator,9,PreAppUserId,int,4,10,0,1,0,0,NULL
adc,ReportDispatchDelegator,10,PreStaffName,varchar,150,0,0,1,0,0,NULL
adc,ReportDispatchDelegator,11,PreStaffPin,varchar,150,0,0,1,0,0,NULL
adc,ReportDispatchDelegator,12,PreEmailAddress,varchar,150,0,0,1,0,0,NULL
adc,ReportDispatchDelegator,13,PreDesignation,varchar,150,0,0,1,0,0,NULL
adc,ReportDispatchDelegator,14,PreFunctionalDesignation,varchar,150,0,0,1,0,0,NULL
adc,ReportDispatchDelegator,15,IsActive,bit,1,1,0,0,0,0,NULL
adc,ReportDispatchDelegator,16,CreatedBy,int,4,10,0,1,0,0,NULL
adc,ReportDispatchDelegator,17,CreatedDate,datetime,8,23,3,1,0,0,NULL
adc,ReportDispatchDelegator,18,UpdatedBy,int,4,10,0,1,0,0,NULL
adc,ReportDispatchDelegator,19,UpdatedDate,datetime,8,23,3,1,0,0,NULL
adc,ReportDispatchDelegator,20,IsDeleted,bit,1,1,0,1,0,0,NULL
adc,ReportDispatchDelegator,21,DeletedBy,int,4,10,0,1,0,0,NULL
adc,ReportDispatchDelegator,22,DeletedDate,datetime,8,23,3,1,0,0,NULL
adc,ReportDispatchDelegator,23,DeleteReason,nvarchar,1000,0,0,1,0,0,NULL
adc,ReportDispatchStatus,1,ReportDispatchStatusId,int,4,10,0,0,0,0,NULL
adc,ReportDispatchStatus,2,DispatchStatusName,nvarchar,300,0,0,0,0,0,NULL
adc,ReportDispatchStatus,3,IsActive,bit,1,1,0,0,0,0,NULL
adc,ReportDispatchStatus,4,CreatedBy,int,4,10,0,1,0,0,NULL
adc,ReportDispatchStatus,5,CreatedDate,datetime,8,23,3,1,0,0,NULL
adc,ReportDispatchStatus,6,UpdatedBy,int,4,10,0,1,0,0,NULL
adc,ReportDispatchStatus,7,UpdatedDate,datetime,8,23,3,1,0,0,NULL
adc,ReportDispatchStatus,8,IsDeleted,bit,1,1,0,1,0,0,NULL
adc,ReportDispatchStatus,9,DeletedBy,int,4,10,0,1,0,0,NULL
adc,ReportDispatchStatus,10,DeletedDate,datetime,8,23,3,1,0,0,NULL
adc,ReportDispatchStatus,11,DeleteReason,nvarchar,1000,0,0,1,0,0,NULL
adc,ReportSignatureType,1,ReportSignatureTypeId,int,4,10,0,0,0,0,NULL
adc,ReportSignatureType,2,ReportSignatureTypeName,varchar,150,0,0,1,0,0,NULL
adc,ReportSignatureType,3,IsActive,bit,1,1,0,0,0,0,NULL
adc,ReportSignatureType,4,CreatedBy,int,4,10,0,1,0,0,NULL
adc,ReportSignatureType,5,CreatedDate,datetime,8,23,3,1,0,0,NULL
adc,ReportSignatureType,6,UpdatedBy,int,4,10,0,1,0,0,NULL
adc,ReportSignatureType,7,UpdatedDate,datetime,8,23,3,1,0,0,NULL
adc,ReportSignatureType,8,IsDeleted,bit,1,1,0,1,0,0,NULL
adc,ReportSignatureType,9,DeletedBy,int,4,10,0,1,0,0,NULL
adc,ReportSignatureType,10,DeletedDate,datetime,8,23,3,1,0,0,NULL
adc,ReportSignatureType,11,DeleteReason,nvarchar,500,0,0,1,0,0,NULL
adc,ReportWritingActionPlan,1,ReportWritingActionPlanId,int,4,10,0,0,1,0,NULL
adc,ReportWritingActionPlan,2,AuditScheduleId,int,4,10,0,0,0,0,NULL
adc,ReportWritingActionPlan,3,AuditConductionId,int,4,10,0,0,0,0,NULL
adc,ReportWritingActionPlan,4,EmailTemplateId,int,4,10,0,1,0,0,NULL
adc,ReportWritingActionPlan,5,EmailAddressTo,varchar,250,0,0,1,0,0,NULL
adc,ReportWritingActionPlan,6,EmailAddressCC,varchar,500,0,0,1,0,0,NULL
adc,ReportWritingActionPlan,7,EmailSubject,varchar,250,0,0,1,0,0,NULL
adc,ReportWritingActionPlan,8,EmailBody,varchar,500,0,0,1,0,0,NULL
adc,ReportWritingActionPlan,9,EmailSignature,varchar,250,0,0,1,0,0,NULL
adc,ReportWritingActionPlan,10,EmailTransactionId,varchar,255,0,0,1,0,0,NULL
adc,ReportWritingActionPlan,11,IsEmailResend,bit,1,1,0,1,0,0,NULL
adc,ReportWritingActionPlan,12,IsEmailSend,bit,1,1,0,1,0,0,NULL
adc,ReportWritingActionPlan,13,ResendCount,int,4,10,0,1,0,0,NULL
adc,ReportWritingActionPlan,14,ExpectedReplyDate,datetime,8,23,3,1,0,0,NULL
adc,ReportWritingActionPlan,15,ActualReplyDate,datetime,8,23,3,1,0,0,NULL
adc,ReportWritingActionPlan,16,IsActive,bit,1,1,0,0,0,0,NULL
adc,ReportWritingActionPlan,17,CreatedBy,int,4,10,0,1,0,0,NULL
adc,ReportWritingActionPlan,18,CreatedDate,datetime,8,23,3,1,0,0,NULL
adc,ReportWritingActionPlan,19,UpdatedBy,int,4,10,0,1,0,0,NULL
adc,ReportWritingActionPlan,20,UpdatedDate,datetime,8,23,3,1,0,0,NULL
adc,ReportWritingActionPlan,21,IsDeleted,bit,1,1,0,1,0,0,NULL
adc,ReportWritingActionPlan,22,DeletedBy,int,4,10,0,1,0,0,NULL
adc,ReportWritingActionPlan,23,DeletedDate,datetime,8,23,3,1,0,0,NULL
adc,ReportWritingActionPlan,24,DeleteReason,nvarchar,1000,0,0,1,0,0,NULL
adc,ReportWritingActionPlan,25,ReportWritingActionPlanStatus,int,4,10,0,1,0,0,NULL
adc,ReportWritingActionPlan,26,RequestCount,int,4,10,0,1,0,0,NULL
adc,ReportWritingActionPlan,27,ActionPlanFinalStatus,int,4,10,0,1,0,0,NULL
adc,ReportWritingActionPlan,28,UnlockStatus,int,4,10,0,1,0,0,NULL
adc,ReportWritingActionPlan,29,UnlockedBy,int,4,10,0,1,0,0,NULL
adc,ReportWritingActionPlan,30,UnlockRequestDate,datetime,8,23,3,1,0,0,NULL
adc,ReportWritingActionPlan,31,UnlockAcceptanceDate,datetime,8,23,3,1,0,0,NULL
adc,ReportWritingActionPlan,32,UnlockAcceptedBy,varchar,30,0,0,1,0,0,NULL
adc,ReportWritingActionPlan,33,ReportWritingReportId,int,4,10,0,1,0,0,NULL
adc,ReportWritingActionPlan,34,ReportTypeId,int,4,10,0,1,0,0,NULL
adc,ReportWritingActionPlan,35,EmailSentAt,datetime,8,23,3,1,0,0,NULL
adc,ReportWritingActionPlan,36,DownloadExpiresAt,datetime,8,23,3,1,0,0,NULL
adc,ReportWritingActionPlanActionObserver,1,ReportWritingActionPlanActionObserverId,int,4,10,0,0,1,0,NULL
adc,ReportWritingActionPlanActionObserver,2,ReportWritingActionPlanDetailId,int,4,10,0,1,0,0,NULL
adc,ReportWritingActionPlanActionObserver,3,ActionObserverPin,varchar,8,0,0,1,0,0,NULL
adc,ReportWritingActionPlanActionObserver,4,ActionObserverName,varchar,250,0,0,0,0,0,NULL
adc,ReportWritingActionPlanActionObserver,5,ActionObserverDesignation,varchar,250,0,0,1,0,0,NULL
adc,ReportWritingActionPlanActionObserver,6,ActionObserverEmail,varchar,250,0,0,0,0,0,NULL
adc,ReportWritingActionPlanActionObserver,7,ActionObserverMobile,varchar,250,0,0,1,0,0,NULL
adc,ReportWritingActionPlanActionObserver,8,ActionObserverComments,nvarchar,1000,0,0,1,0,0,NULL
adc,ReportWritingActionPlanActionObserver,9,IsActive,bit,1,1,0,0,0,0,NULL
adc,ReportWritingActionPlanActionObserver,10,CreatedBy,int,4,10,0,1,0,0,NULL
adc,ReportWritingActionPlanActionObserver,11,CreatedDate,datetime,8,23,3,1,0,0,NULL
adc,ReportWritingActionPlanActionObserver,12,UpdatedBy,int,4,10,0,1,0,0,NULL
adc,ReportWritingActionPlanActionObserver,13,UpdatedDate,datetime,8,23,3,1,0,0,NULL
adc,ReportWritingActionPlanActionObserver,14,IsDeleted,bit,1,1,0,1,0,0,NULL
adc,ReportWritingActionPlanActionObserver,15,DeletedBy,int,4,10,0,1,0,0,NULL
adc,ReportWritingActionPlanActionObserver,16,DeletedDate,datetime,8,23,3,1,0,0,NULL
adc,ReportWritingActionPlanActionObserver,17,DeleteReason,nvarchar,1000,0,0,1,0,0,NULL
adc,ReportWritingActionPlanActionOwner,1,ReportWritingActionPlanActionOwnerId,int,4,10,0,0,1,0,NULL
adc,ReportWritingActionPlanActionOwner,2,ReportWritingActionPlanDetailId,int,4,10,0,1,0,0,NULL
adc,ReportWritingActionPlanActionOwner,3,ActionOwnerPin,varchar,8,0,0,1,0,0,NULL
adc,ReportWritingActionPlanActionOwner,4,ActionOwnerName,varchar,250,0,0,0,0,0,NULL
adc,ReportWritingActionPlanActionOwner,5,ActionOwenerDesignation,varchar,250,0,0,1,0,0,NULL
adc,ReportWritingActionPlanActionOwner,6,ActionOwnerEmail,varchar,250,0,0,0,0,0,NULL
adc,ReportWritingActionPlanActionOwner,7,ActionOwnerMobile,varchar,250,0,0,1,0,0,NULL
adc,ReportWritingActionPlanActionOwner,8,ActionComment,nvarchar,-1,0,0,1,0,0,NULL
adc,ReportWritingActionPlanActionOwner,9,ActionCorrectiveComment,nvarchar,-1,0,0,1,0,0,NULL
adc,ReportWritingActionPlanActionOwner,10,ActionPreventiveComment,nvarchar,-1,0,0,1,0,0,NULL
adc,ReportWritingActionPlanActionOwner,11,ExpectedReturenDate,datetime,8,23,3,1,0,0,NULL
adc,ReportWritingActionPlanActionOwner,12,ActualReturnDate,datetime,8,23,3,1,0,0,NULL
adc,ReportWritingActionPlanActionOwner,13,ExpectedActionCommentDate,datetime,8,23,3,1,0,0,NULL
adc,ReportWritingActionPlanActionOwner,14,ExpectedActionCorrectiveDate,datetime,8,23,3,1,0,0,NULL
adc,ReportWritingActionPlanActionOwner,15,ExpectedActionPreventiveDate,datetime,8,23,3,1,0,0,NULL
adc,ReportWritingActionPlanActionOwner,16,IsActive,bit,1,1,0,0,0,0,NULL
adc,ReportWritingActionPlanActionOwner,17,CreatedBy,int,4,10,0,1,0,0,NULL
adc,ReportWritingActionPlanActionOwner,18,CreatedDate,datetime,8,23,3,1,0,0,NULL
adc,ReportWritingActionPlanActionOwner,19,UpdatedBy,int,4,10,0,1,0,0,NULL
adc,ReportWritingActionPlanActionOwner,20,UpdatedDate,datetime,8,23,3,1,0,0,NULL
adc,ReportWritingActionPlanActionOwner,21,IsDeleted,bit,1,1,0,1,0,0,NULL
adc,ReportWritingActionPlanActionOwner,22,DeletedBy,int,4,10,0,1,0,0,NULL
adc,ReportWritingActionPlanActionOwner,23,DeletedDate,datetime,8,23,3,1,0,0,NULL
adc,ReportWritingActionPlanActionOwner,24,DeleteReason,nvarchar,1000,0,0,1,0,0,NULL
adc,ReportWritingActionPlanActionOwner,25,ActionOwnerStatus,int,4,10,0,1,0,0,NULL
adc,ReportWritingActionPlanActionOwner,26,ActualOwner,nvarchar,1000,0,0,1,0,0,NULL
adc,ReportWritingActionPlanActionOwner,27,ActualReplyDate,datetime,8,23,3,1,0,0,NULL
adc,ReportWritingActionPlanActionOwner,28,UnlockRequestDate,datetime,8,23,3,1,0,0,NULL
adc,ReportWritingActionPlanActionOwner,29,UnlockAcceptanceDate,datetime,8,23,3,1,0,0,NULL
adc,ReportWritingActionPlanActionOwner,30,UnlockAcceptedBy,varchar,30,0,0,1,0,0,NULL
adc,ReportWritingActionPlanActionOwner,31,UnlockStatus,int,4,10,0,1,0,0,NULL
adc,ReportWritingActionPlanActionOwner,32,UnlockAcceptedByName,varchar,50,0,0,1,0,0,NULL
adc,ReportWritingActionPlanAlert,1,AlertId,int,4,10,0,0,1,0,NULL
adc,ReportWritingActionPlanAlert,2,ReportWritingActionPlanId,int,4,10,0,0,0,0,NULL
adc,ReportWritingActionPlanAlert,3,ExecutionTime,datetime,8,23,3,0,0,0,NULL
adc,ReportWritingActionPlanDetail,1,ReportWritingActionPlanDetailId,int,4,10,0,0,1,0,NULL
adc,ReportWritingActionPlanDetail,2,ReportWritingActionPlanId,int,4,10,0,0,0,0,NULL
adc,ReportWritingActionPlanDetail,3,AudConObsId,int,4,10,0,0,0,0,NULL
adc,ReportWritingActionPlanDetail,4,Remarks,nvarchar,1000,0,0,1,0,0,NULL
adc,ReportWritingActionPlanDetail,5,RequestDate,datetime,8,23,3,1,0,0,NULL
adc,ReportWritingActionPlanDetail,6,IsActive,bit,1,1,0,0,0,0,NULL
adc,ReportWritingActionPlanDetail,7,CreatedBy,int,4,10,0,1,0,0,NULL
adc,ReportWritingActionPlanDetail,8,CreatedDate,datetime,8,23,3,1,0,0,NULL
adc,ReportWritingActionPlanDetail,9,UpdatedBy,int,4,10,0,1,0,0,NULL
adc,ReportWritingActionPlanDetail,10,UpdatedDate,datetime,8,23,3,1,0,0,NULL
adc,ReportWritingActionPlanDetail,11,IsDeleted,bit,1,1,0,1,0,0,NULL
adc,ReportWritingActionPlanDetail,12,DeletedBy,int,4,10,0,1,0,0,NULL
adc,ReportWritingActionPlanDetail,13,DeletedDate,datetime,8,23,3,1,0,0,NULL
adc,ReportWritingActionPlanDetail,14,DeleteReason,nvarchar,1000,0,0,1,0,0,NULL
adc,ReportWritingActionPlanStatus,1,ReportWritingActionPlanStatusId,int,4,10,0,0,0,0,NULL
adc,ReportWritingActionPlanStatus,2,StatusName,varchar,100,0,0,1,0,0,NULL
adc,ReportWritingActionPlanStatus,3,DisplayName,varchar,100,0,0,1,0,0,NULL
adc,ReportWritingActionPlanStatus,4,IsActive,bit,1,1,0,1,0,0,NULL
adc,ReportWritingActionPlanStatus,5,IsDeleted,bit,1,1,0,1,0,0,NULL
adc,ReportWritingActionPlanStatus,6,DeletedBy,int,4,10,0,1,0,0,NULL
adc,ReportWritingActionPlanStatus,7,DeletedDate,datetime,8,23,3,1,0,0,NULL
adc,ReportWritingAnnexure,1,ReportWritingAnnexureId,int,4,10,0,0,1,0,NULL
adc,ReportWritingAnnexure,2,AuditScheduleId,int,4,10,0,1,0,0,NULL
adc,ReportWritingAnnexure,3,AuditConductionId,int,4,10,0,1,0,0,NULL
adc,ReportWritingAnnexure,4,AudConObsId,int,4,10,0,1,0,0,NULL
adc,ReportWritingAnnexure,5,Headlines,nvarchar,-1,0,0,1,0,0,NULL
adc,ReportWritingAnnexure,6,KeyFindings,nvarchar,-1,0,0,1,0,0,NULL
adc,ReportWritingAnnexure,7,ProgramOperation,nvarchar,-1,0,0,1,0,0,NULL
adc,ReportWritingAnnexure,8,RecommendationKeyFindings,nvarchar,-1,0,0,1,0,0,NULL
adc,ReportWritingAnnexure,9,ManagementResponse,nvarchar,-1,0,0,1,0,0,NULL
adc,ReportWritingAnnexure,10,IsActive,bit,1,1,0,1,0,0,NULL
adc,ReportWritingAnnexure,11,CreatedBy,int,4,10,0,1,0,0,NULL
adc,ReportWritingAnnexure,12,CreatedDate,datetime,8,23,3,1,0,0,NULL
adc,ReportWritingAnnexure,13,UpdatedBy,int,4,10,0,1,0,0,NULL
adc,ReportWritingAnnexure,14,UpdatedDate,datetime,8,23,3,1,0,0,NULL
adc,ReportWritingAnnexure,15,IsDeleted,bit,1,1,0,1,0,0,NULL
adc,ReportWritingAnnexure,16,DeletedBy,int,4,10,0,1,0,0,NULL
adc,ReportWritingAnnexure,17,DeletedDate,datetime,8,23,3,1,0,0,NULL
adc,ReportWritingAnnexure,18,DeleteReason,nchar,20,0,0,1,0,0,NULL
adc,ReportWritingAnnexure,19,IsInnerObservation,bit,1,1,0,1,0,0,NULL
adc,ReportWritingAPR,1,ReportWritingAPRId,int,4,10,0,0,1,0,NULL
adc,ReportWritingAPR,2,ContainerContainId,int,4,10,0,1,0,0,NULL
adc,ReportWritingAPR,3,AuditScheduleId,int,4,10,0,1,0,0,NULL
adc,ReportWritingAPR,4,AuditConductionId,int,4,10,0,1,0,0,NULL
adc,ReportWritingAPR,5,BranchId,int,4,10,0,1,0,0,NULL
adc,ReportWritingAPR,6,BranchName,varchar,150,0,0,1,0,0,NULL
adc,ReportWritingAPR,7,ProjectId,int,4,10,0,1,0,0,NULL
adc,ReportWritingAPR,8,ProjectName,varchar,150,0,0,1,0,0,NULL
adc,ReportWritingAPR,9,ObservationCategoryId,int,4,10,0,1,0,0,NULL
adc,ReportWritingAPR,10,ObservationCategory,varchar,150,0,0,1,0,0,NULL
adc,ReportWritingAPR,11,ObservationId,int,4,10,0,1,0,0,NULL
adc,ReportWritingAPR,12,ObservationTitle,varchar,150,0,0,1,0,0,NULL
adc,ReportWritingAPR,13,ObservationAmount,varchar,150,0,0,1,0,0,NULL
adc,ReportWritingAPR,14,ObservationGradeId,int,4,10,0,1,0,0,NULL
adc,ReportWritingAPR,15,ObservationGrade,varchar,50,0,0,1,0,0,NULL
adc,ReportWritingAPR,16,GradColor,varchar,150,0,0,1,0,0,NULL
adc,ReportWritingAPR,17,OservationGradeWeight,int,4,10,0,1,0,0,NULL
adc,ReportWritingAPR,18,SampleSize,int,4,10,0,1,0,0,NULL
adc,ReportWritingAPR,19,Instance,int,4,10,0,1,0,0,NULL
adc,ReportWritingAPR,20,AuditPerformance,varchar,150,0,0,1,0,0,NULL
adc,ReportWritingAPR,21,RiskWeightOfSampleSize,int,4,10,0,1,0,0,NULL
adc,ReportWritingAPR,22,Unsatisfactory,int,4,10,0,1,0,0,NULL
adc,ReportWritingAPR,23,Majar,int,4,10,0,1,0,0,NULL
adc,ReportWritingAPR,24,Minor,int,4,10,0,1,0,0,NULL
adc,ReportWritingAPR,25,Total,int,4,10,0,1,0,0,NULL
adc,ReportWritingAPR,26,IsActive,bit,1,1,0,0,0,0,NULL
adc,ReportWritingAPR,27,CreatedBy,int,4,10,0,1,0,0,NULL
adc,ReportWritingAPR,28,CreatedDate,datetime,8,23,3,1,0,0,NULL
adc,ReportWritingAPR,29,UpdatedBy,int,4,10,0,1,0,0,NULL
adc,ReportWritingAPR,30,UpdatedDate,datetime,8,23,3,1,0,0,NULL
adc,ReportWritingAPR,31,IsDeleted,bit,1,1,0,1,0,0,NULL
adc,ReportWritingAPR,32,DeletedBy,int,4,10,0,1,0,0,NULL
adc,ReportWritingAPR,33,DeletedDate,datetime,8,23,3,1,0,0,NULL
adc,ReportWritingAPR,34,DeleteReason,nvarchar,1000,0,0,1,0,0,NULL
adc,ReportWritingBasicInformation,1,ReportWritingBasicInfoId,int,4,10,0,0,1,0,NULL
adc,ReportWritingBasicInformation,2,AuditScheduleId,int,4,10,0,0,0,0,NULL
adc,ReportWritingBasicInformation,3,AuditConductionId,int,4,10,0,0,0,0,NULL
adc,ReportWritingBasicInformation,4,BranchId,int,4,10,0,0,0,0,NULL
adc,ReportWritingBasicInformation,5,BranchName,varchar,150,0,0,0,0,0,NULL
adc,ReportWritingBasicInformation,6,BranchLocation,varchar,150,0,0,1,0,0,NULL
adc,ReportWritingBasicInformation,7,BranchManagerPIN,varchar,8,0,0,1,0,0,NULL
adc,ReportWritingBasicInformation,8,BranchManagerName,varchar,150,0,0,1,0,0,NULL
adc,ReportWritingBasicInformation,9,BranchManagerDOJ,datetime,8,23,3,1,0,0,NULL
adc,ReportWritingBasicInformation,10,AreaId,int,4,10,0,1,0,0,NULL
adc,ReportWritingBasicInformation,11,AreaName,varchar,150,0,0,1,0,0,NULL
adc,ReportWritingBasicInformation,12,AreaManagerPIN,varchar,8,0,0,1,0,0,NULL
adc,ReportWritingBasicInformation,13,AreaManagerName,varchar,150,0,0,1,0,0,NULL
adc,ReportWritingBasicInformation,14,UpazilaAccountManagerPIN,varchar,8,0,0,1,0,0,NULL
adc,ReportWritingBasicInformation,15,UpazilaAccountManagerName,varchar,150,0,0,1,0,0,NULL
adc,ReportWritingBasicInformation,16,RegionId,int,4,10,0,1,0,0,NULL
adc,ReportWritingBasicInformation,17,RegionName,varchar,150,0,0,1,0,0,NULL
adc,ReportWritingBasicInformation,18,RegionalManagerPIN,varchar,8,0,0,1,0,0,NULL
adc,ReportWritingBasicInformation,19,RegionalManagerName,varchar,150,0,0,1,0,0,NULL
adc,ReportWritingBasicInformation,20,ProgrammeEstablishmentYear,int,4,10,0,1,0,0,NULL
adc,ReportWritingBasicInformation,21,TotalNumberOfFieldOrganization,int,4,10,0,1,0,0,NULL
adc,ReportWritingBasicInformation,22,ActiveFieldOrganization,int,4,10,0,1,0,0,NULL
adc,ReportWritingBasicInformation,23,InActiveFieldOrganization,int,4,10,0,1,0,0,NULL
adc,ReportWritingBasicInformation,24,TotalMember,int,4,10,0,1,0,0,NULL
adc,ReportWritingBasicInformation,25,ActiveMember,int,4,10,0,1,0,0,NULL
adc,ReportWritingBasicInformation,26,InActiveMember,int,4,10,0,1,0,0,NULL
adc,ReportWritingBasicInformation,27,NumberOfBorrower,int,4,10,0,1,0,0,NULL
adc,ReportWritingBasicInformation,28,TotalPO,int,4,10,0,1,0,0,NULL
adc,ReportWritingBasicInformation,29,VOPerPO,int,4,10,0,1,0,0,NULL
adc,ReportWritingBasicInformation,30,BorrowerPerPO,int,4,10,0,1,0,0,NULL
adc,ReportWritingBasicInformation,31,IsActive,bit,1,1,0,0,0,0,NULL
adc,ReportWritingBasicInformation,32,CreatedBy,int,4,10,0,1,0,0,NULL
adc,ReportWritingBasicInformation,33,CreatedDate,datetime,8,23,3,1,0,0,NULL
adc,ReportWritingBasicInformation,34,UpdatedBy,int,4,10,0,1,0,0,NULL
adc,ReportWritingBasicInformation,35,UpdatedDate,datetime,8,23,3,1,0,0,NULL
adc,ReportWritingBasicInformation,36,IsDeleted,bit,1,1,0,1,0,0,NULL
adc,ReportWritingBasicInformation,37,DeletedBy,int,4,10,0,1,0,0,NULL
adc,ReportWritingBasicInformation,38,DeletedDate,datetime,8,23,3,1,0,0,NULL
adc,ReportWritingBasicInformation,39,DeleteReason,nvarchar,1000,0,0,1,0,0,NULL
adc,ReportWritingBasicInformation,40,RegionalAccountManagerPIN,varchar,8,0,0,1,0,0,NULL
adc,ReportWritingBasicInformation,41,RegionalAccountManagerName,varchar,150,0,0,1,0,0,NULL
adc,ReportWritingBasicInformation,42,UpazilaName,nvarchar,300,0,0,1,0,0,NULL
adc,ReportWritingComment,1,ReportWritingCommentId,int,4,10,0,0,1,0,NULL
adc,ReportWritingComment,2,AuditScheduleId,int,4,10,0,1,0,0,NULL
adc,ReportWritingComment,3,AuditConductionId,int,4,10,0,1,0,0,NULL
adc,ReportWritingComment,4,ReportWritingReportId,int,4,10,0,1,0,0,NULL
adc,ReportWritingComment,5,ReportTypeId,int,4,10,0,1,0,0,NULL
adc,ReportWritingComment,6,CommentAreaTypeId,int,4,10,0,1,0,0,NULL
adc,ReportWritingComment,7,CommentSubAreaTypeId,int,4,10,0,1,0,0,NULL
adc,ReportWritingComment,8,Comments,nvarchar,-1,0,0,1,0,0,NULL
adc,ReportWritingComment,9,ParentCommentId,int,4,10,0,1,0,0,NULL
adc,ReportWritingComment,10,ComponentTabId,int,4,10,0,1,0,0,NULL
adc,ReportWritingComment,11,ComponentTabTypeId,int,4,10,0,1,0,0,NULL
adc,ReportWritingComment,12,ObservationId,int,4,10,0,1,0,0,NULL
adc,ReportWritingComment,13,ForwardingLetterId,int,4,10,0,1,0,0,NULL
adc,ReportWritingComment,14,IsEdited,bit,1,1,0,1,0,0,NULL
adc,ReportWritingComment,15,IsRemoved,bit,1,1,0,1,0,0,NULL
adc,ReportWritingComment,16,CommentCreatedDate,datetime,8,23,3,1,0,0,NULL
adc,ReportWritingComment,17,CommentUpdatedDate,datetime,8,23,3,1,0,0,NULL
adc,ReportWritingComment,18,IsActive,bit,1,1,0,1,0,0,NULL
adc,ReportWritingComment,19,CanEdit,bit,1,1,0,1,0,0,NULL
adc,ReportWritingComment,20,CreatedBy,int,4,10,0,1,0,0,NULL
adc,ReportWritingComment,21,CreatedDate,datetime,8,23,3,1,0,0,NULL
adc,ReportWritingComment,22,UpdatedBy,int,4,10,0,1,0,0,NULL
adc,ReportWritingComment,23,UpdatedDate,datetime,8,23,3,1,0,0,NULL
adc,ReportWritingComment,24,IsDeleted,bit,1,1,0,1,0,0,NULL
adc,ReportWritingComment,25,DeletedBy,int,4,10,0,1,0,0,NULL
adc,ReportWritingComment,26,DeletedDate,datetime,8,23,3,1,0,0,NULL
adc,ReportWritingComment,27,DeleteReason,nchar,20,0,0,1,0,0,NULL
adc,ReportWritingComment,28,ObservationDropStatusId,int,4,10,0,1,0,0,NULL
adc,ReportWritingComplianceExternal,1,ReportWritingComplianceExternalId,int,4,10,0,0,1,0,NULL
adc,ReportWritingComplianceExternal,2,AuditScheduleId,int,4,10,0,1,0,0,NULL
adc,ReportWritingComplianceExternal,3,AuditConductionId,int,4,10,0,1,0,0,NULL
adc,ReportWritingComplianceExternal,4,ProgrammeGroupId,int,4,10,0,1,0,0,NULL
adc,ReportWritingComplianceExternal,5,ProgrammeId,int,4,10,0,1,0,0,NULL
adc,ReportWritingComplianceExternal,6,ProjectId,int,4,10,0,1,0,0,NULL
adc,ReportWritingComplianceExternal,7,BranchId,int,4,10,0,1,0,0,NULL
adc,ReportWritingComplianceExternal,8,ExternalAuditYear,int,4,10,0,1,0,0,NULL
adc,ReportWritingComplianceExternal,9,ObservationTitle,nvarchar,1000,0,0,1,0,0,NULL
adc,ReportWritingComplianceExternal,10,ObservationRecommendation,nvarchar,8000,0,0,1,0,0,NULL
adc,ReportWritingComplianceExternal,11,YearOfReporting,nvarchar,1000,0,0,1,0,0,NULL
adc,ReportWritingComplianceExternal,12,ComplianceStatusId,int,4,10,0,1,0,0,NULL
adc,ReportWritingComplianceExternal,13,Comments,nvarchar,-1,0,0,1,0,0,NULL
adc,ReportWritingComplianceExternal,14,IsActive,bit,1,1,0,1,0,0,NULL
adc,ReportWritingComplianceExternal,15,CreatedBy,int,4,10,0,1,0,0,NULL
adc,ReportWritingComplianceExternal,16,CreatedDate,datetime,8,23,3,1,0,0,NULL
adc,ReportWritingComplianceExternal,17,UpdatedBy,int,4,10,0,1,0,0,NULL
adc,ReportWritingComplianceExternal,18,UpdatedDate,datetime,8,23,3,1,0,0,NULL
adc,ReportWritingComplianceExternal,19,IsDeleted,bit,1,1,0,1,0,0,NULL
adc,ReportWritingComplianceExternal,20,DeletedBy,int,4,10,0,1,0,0,NULL
adc,ReportWritingComplianceExternal,21,DeletedDate,datetime,8,23,3,1,0,0,NULL
adc,ReportWritingComplianceExternal,22,DeleteReason,nchar,20,0,0,1,0,0,NULL
adc,ReportWritingComplianceExternalDoc,1,ReportWritingComplianceExternalDocId,int,4,10,0,0,1,0,NULL
adc,ReportWritingComplianceExternalDoc,2,ReportWritingComplianceExternalDocName,nvarchar,500,0,0,1,0,0,NULL
adc,ReportWritingComplianceExternalDoc,3,ReportWritingComplianceExternalId,int,4,10,0,0,0,0,NULL
adc,ReportWritingComplianceExternalDoc,4,FileExtension,nvarchar,100,0,0,1,0,0,NULL
adc,ReportWritingComplianceExternalDoc,5,FileSizeMb,decimal,9,18,2,1,0,0,NULL
adc,ReportWritingComplianceExternalDoc,6,SourcePath,nvarchar,510,0,0,1,0,0,NULL
adc,ReportWritingComplianceExternalDoc,7,SourceFile,varbinary,-1,0,0,1,0,0,NULL
adc,ReportWritingComplianceExternalDoc,8,FileName,nvarchar,510,0,0,1,0,0,NULL
adc,ReportWritingComplianceExternalDoc,9,IsActive,bit,1,1,0,1,0,0,NULL
adc,ReportWritingComplianceExternalDoc,10,CreatedBy,int,4,10,0,1,0,0,NULL
adc,ReportWritingComplianceExternalDoc,11,CreatedDate,datetime,8,23,3,1,0,0,NULL
adc,ReportWritingComplianceExternalDoc,12,UpdatedBy,int,4,10,0,1,0,0,NULL
adc,ReportWritingComplianceExternalDoc,13,UpdatedDate,datetime,8,23,3,1,0,0,NULL
adc,ReportWritingComplianceExternalDoc,14,IsDeleted,bit,1,1,0,1,0,0,NULL
adc,ReportWritingComplianceExternalDoc,15,DeletedBy,int,4,10,0,1,0,0,NULL
adc,ReportWritingComplianceExternalDoc,16,DeletedDate,datetime,8,23,3,1,0,0,NULL
adc,ReportWritingComplianceExternalDoc,17,DeleteReason,nchar,20,0,0,1,0,0,NULL
adc,ReportWritingComplianceExternalDoc,18,ContentType,varchar,255,0,0,1,0,0,NULL
adc,ReportWritingComplianceExternalDoc,19,FileStorageHistoryId,int,4,10,0,1,0,0,NULL
adc,ReportWritingComplianceExternalDoc,20,FileStorageTypeId,int,4,10,0,1,0,0,NULL
adc,ReportWritingComplianceExternalDoc,21,FileStorageFileId,nvarchar,512,0,0,1,0,0,NULL
adc,ReportWritingComplianceExternalObs,1,RWComplianceExternalObsId,int,4,10,0,0,1,0,NULL
adc,ReportWritingComplianceExternalObs,2,ObservationDetailId,bigint,8,19,0,1,0,0,NULL
adc,ReportWritingComplianceExternalObs,3,ReportWritingComplianceExternalId,int,4,10,0,1,0,0,NULL
adc,ReportWritingComplianceExternalObs,4,IsActive,bit,1,1,0,0,0,0,NULL
adc,ReportWritingComplianceExternalObs,5,IsDeleted,bit,1,1,0,1,0,0,NULL
adc,ReportWritingComplianceExternalObs,6,DeletedBy,int,4,10,0,1,0,0,NULL
adc,ReportWritingComplianceExternalObs,7,DeletedDate,datetime,8,23,3,1,0,0,NULL
adc,ReportWritingComplianceICQ,1,ReportWritingComplianceICQId,int,4,10,0,0,1,0,NULL
adc,ReportWritingComplianceICQ,2,AuditScheduleId,int,4,10,0,0,0,0,NULL
adc,ReportWritingComplianceICQ,3,AuditConductionId,int,4,10,0,0,0,0,NULL
adc,ReportWritingComplianceICQ,4,IcqQuestionBankId,int,4,10,0,0,0,0,NULL
adc,ReportWritingComplianceICQ,5,ProgrammeGroupId,int,4,10,0,0,0,0,NULL
adc,ReportWritingComplianceICQ,6,ProgrammeId,int,4,10,0,0,0,0,NULL
adc,ReportWritingComplianceICQ,7,ProjectId,int,4,10,0,0,0,0,NULL
adc,ReportWritingComplianceICQ,8,BranchId,int,4,10,0,0,0,0,NULL
adc,ReportWritingComplianceICQ,9,Year,int,4,10,0,0,0,0,NULL
adc,ReportWritingComplianceICQ,10,Quarter,int,4,10,0,0,0,0,NULL
adc,ReportWritingComplianceICQ,11,QuarterName,varchar,250,0,0,0,0,0,NULL
adc,ReportWritingComplianceICQ,12,IcqQuestionBankDetailId,int,4,10,0,0,0,0,NULL
adc,ReportWritingComplianceICQ,13,IcqQuestionName,nvarchar,6000,0,0,1,0,0,NULL
adc,ReportWritingComplianceICQ,14,DesignationId,int,4,10,0,1,0,0,NULL
adc,ReportWritingComplianceICQ,15,DesignationName,varchar,500,0,0,1,0,0,NULL
adc,ReportWritingComplianceICQ,16,ObservationCategoryId,int,4,10,0,1,0,0,NULL
adc,ReportWritingComplianceICQ,17,ObservationCategoryName,varchar,500,0,0,1,0,0,NULL
adc,ReportWritingComplianceICQ,18,ReportWritingComplianceStatusId,int,4,10,0,1,0,0,NULL
adc,ReportWritingComplianceICQ,19,LastStatusDate,datetime,8,23,3,1,0,0,NULL
adc,ReportWritingComplianceICQ,20,ResultOfCompliance,varchar,500,0,0,1,0,0,NULL
adc,ReportWritingComplianceICQ,21,Comments,nvarchar,-1,0,0,1,0,0,NULL
adc,ReportWritingComplianceICQ,22,IcqComplianceStage,int,4,10,0,1,0,0,NULL
adc,ReportWritingComplianceICQ,23,IsActive,bit,1,1,0,0,0,0,NULL
adc,ReportWritingComplianceICQ,24,CreatedBy,int,4,10,0,1,0,0,NULL
adc,ReportWritingComplianceICQ,25,CreatedDate,datetime,8,23,3,1,0,0,NULL
adc,ReportWritingComplianceICQ,26,UpdatedBy,int,4,10,0,1,0,0,NULL
adc,ReportWritingComplianceICQ,27,UpdatedDate,datetime,8,23,3,1,0,0,NULL
adc,ReportWritingComplianceICQ,28,IsDeleted,bit,1,1,0,1,0,0,NULL
adc,ReportWritingComplianceICQ,29,DeletedBy,int,4,10,0,1,0,0,NULL
adc,ReportWritingComplianceICQ,30,DeletedDate,datetime,8,23,3,1,0,0,NULL
adc,ReportWritingComplianceICQ,31,DeleteReason,varchar,500,0,0,1,0,0,NULL
adc,ReportWritingComplianceICQ,32,DisplayOrder,int,4,10,0,1,0,0,NULL
adc,ReportWritingComplianceICQComment,1,ReportWritingComplianceICQCommentId,int,4,10,0,0,1,0,NULL
adc,ReportWritingComplianceICQComment,2,AuditScheduleId,int,4,10,0,1,0,0,NULL
adc,ReportWritingComplianceICQComment,3,AuditConductionId,int,4,10,0,1,0,0,NULL
adc,ReportWritingComplianceICQComment,4,ReportWritingReportId,int,4,10,0,1,0,0,NULL
adc,ReportWritingComplianceICQComment,5,ReportWritingComplianceICQId,int,4,10,0,1,0,0,NULL
adc,ReportWritingComplianceICQComment,6,CommentAreaTypeId,int,4,10,0,1,0,0,NULL
adc,ReportWritingComplianceICQComment,7,CommentSubAreaTypeId,int,4,10,0,1,0,0,NULL
adc,ReportWritingComplianceICQComment,8,Comments,nvarchar,-1,0,0,1,0,0,NULL
adc,ReportWritingComplianceICQComment,9,ParentCommentId,int,4,10,0,1,0,0,NULL
adc,ReportWritingComplianceICQComment,10,IsEdited,bit,1,1,0,1,0,0,NULL
adc,ReportWritingComplianceICQComment,11,IsRemoved,bit,1,1,0,1,0,0,NULL
adc,ReportWritingComplianceICQComment,12,CommentCreatedDate,datetime,8,23,3,1,0,0,NULL
adc,ReportWritingComplianceICQComment,13,CommentUpdatedDate,datetime,8,23,3,1,0,0,NULL
adc,ReportWritingComplianceICQComment,14,IsActive,bit,1,1,0,1,0,0,NULL
adc,ReportWritingComplianceICQComment,15,CreatedBy,int,4,10,0,1,0,0,NULL
adc,ReportWritingComplianceICQComment,16,CreatedDate,datetime,8,23,3,1,0,0,NULL
adc,ReportWritingComplianceICQComment,17,UpdatedBy,int,4,10,0,1,0,0,NULL
adc,ReportWritingComplianceICQComment,18,UpdatedDate,datetime,8,23,3,1,0,0,NULL
adc,ReportWritingComplianceICQComment,19,IsDeleted,bit,1,1,0,1,0,0,NULL
adc,ReportWritingComplianceICQComment,20,DeletedBy,int,4,10,0,1,0,0,NULL
adc,ReportWritingComplianceICQComment,21,DeletedDate,datetime,8,23,3,1,0,0,NULL
adc,ReportWritingComplianceICQComment,22,DeleteReason,nchar,20,0,0,1,0,0,NULL
adc,ReportWritingComplianceICQFile,1,ReportWritingComplianceICQFileId,int,4,10,0,0,1,0,NULL
adc,ReportWritingComplianceICQFile,2,ReportWritingComplianceICQId,int,4,10,0,0,0,0,NULL
adc,ReportWritingComplianceICQFile,3,FileName,nvarchar,2000,0,0,1,0,0,NULL
adc,ReportWritingComplianceICQFile,4,SourceFile,varbinary,-1,0,0,1,0,0,NULL
adc,ReportWritingComplianceICQFile,5,DocumentType,nvarchar,200,0,0,1,0,0,NULL
adc,ReportWritingComplianceICQFile,6,FileSizeMb,decimal,9,18,2,1,0,0,NULL
adc,ReportWritingComplianceICQFile,7,SourcePath,nvarchar,4000,0,0,1,0,0,NULL
adc,ReportWritingComplianceICQFile,8,Remarks,nvarchar,6000,0,0,1,0,0,NULL
adc,ReportWritingComplianceICQFile,9,UploadedBy,nvarchar,300,0,0,1,0,0,NULL
adc,ReportWritingComplianceICQFile,10,UploadedDate,datetime,8,23,3,1,0,0,NULL
adc,ReportWritingComplianceICQFile,11,IsActive,bit,1,1,0,0,0,0,NULL
adc,ReportWritingComplianceICQFile,12,CreatedBy,int,4,10,0,1,0,0,NULL
adc,ReportWritingComplianceICQFile,13,CreatedDate,datetime,8,23,3,1,0,0,NULL
adc,ReportWritingComplianceICQFile,14,UpdatedBy,int,4,10,0,1,0,0,NULL
adc,ReportWritingComplianceICQFile,15,UpdatedDate,datetime,8,23,3,1,0,0,NULL
adc,ReportWritingComplianceICQFile,16,IsDeleted,bit,1,1,0,1,0,0,NULL
adc,ReportWritingComplianceICQFile,17,DeletedBy,int,4,10,0,1,0,0,NULL
adc,ReportWritingComplianceICQFile,18,DeletedDate,datetime,8,23,3,1,0,0,NULL
adc,ReportWritingComplianceICQFile,19,DeleteReason,nchar,1000,0,0,1,0,0,NULL
adc,ReportWritingComplianceICQFile,20,ContentType,nvarchar,510,0,0,1,0,0,NULL
adc,ReportWritingComplianceICQFile,21,FileExtension,nvarchar,100,0,0,1,0,0,NULL
adc,ReportWritingComplianceICQFile,22,FileStorageHistoryId,int,4,10,0,1,0,0,NULL
adc,ReportWritingComplianceICQFile,23,FileStorageTypeId,int,4,10,0,1,0,0,NULL
adc,ReportWritingComplianceICQFile,24,FileStorageFileId,nvarchar,512,0,0,1,0,0,NULL
adc,ReportWritingComplianceIcqObservation,1,ReportWritingComplianceIcqObservationId,int,4,10,0,0,1,0,NULL
adc,ReportWritingComplianceIcqObservation,2,ReportWritingComplianceIcqId,int,4,10,0,1,0,0,NULL
adc,ReportWritingComplianceIcqObservation,3,AuditConductionId,int,4,10,0,1,0,0,NULL
adc,ReportWritingComplianceIcqObservation,4,AudConObsId,int,4,10,0,1,0,0,NULL
adc,ReportWritingComplianceIcqObservation,5,ObservationDetailId,bigint,8,19,0,1,0,0,NULL
adc,ReportWritingComplianceIcqObservation,6,IsActive,bit,1,1,0,0,0,0,NULL
adc,ReportWritingComplianceIcqObservation,7,CreatedBy,int,4,10,0,1,0,0,NULL
adc,ReportWritingComplianceIcqObservation,8,CreatedDate,datetime,8,23,3,1,0,0,NULL
adc,ReportWritingComplianceIcqObservation,9,UpdatedBy,int,4,10,0,1,0,0,NULL
adc,ReportWritingComplianceIcqObservation,10,UpdatedDate,datetime,8,23,3,1,0,0,NULL
adc,ReportWritingComplianceIcqObservation,11,IsDeleted,bit,1,1,0,1,0,0,NULL
adc,ReportWritingComplianceIcqObservation,12,DeletedBy,int,4,10,0,1,0,0,NULL
adc,ReportWritingComplianceIcqObservation,13,DeletedDate,datetime,8,23,3,1,0,0,NULL
adc,ReportWritingComplianceIcqObservation,14,DeleteReason,varchar,500,0,0,1,0,0,NULL
adc,ReportWritingComplianceICQRemark,1,ReportWritingComplianceICQRemarkId,int,4,10,0,0,1,0,NULL
adc,ReportWritingComplianceICQRemark,2,ReportWritingComplianceICQId,int,4,10,0,0,0,0,NULL
adc,ReportWritingComplianceICQRemark,3,ReviewRemark,nvarchar,-1,0,0,1,0,0,NULL
adc,ReportWritingComplianceICQRemark,4,IsActive,bit,1,1,0,0,0,0,NULL
adc,ReportWritingComplianceICQRemark,5,CreatedBy,int,4,10,0,1,0,0,NULL
adc,ReportWritingComplianceICQRemark,6,CreatedDate,datetime,8,23,3,1,0,0,NULL
adc,ReportWritingComplianceICQRemark,7,UpdatedBy,int,4,10,0,1,0,0,NULL
adc,ReportWritingComplianceICQRemark,8,UpdatedDate,datetime,8,23,3,1,0,0,NULL
adc,ReportWritingComplianceICQRemark,9,IsDeleted,bit,1,1,0,1,0,0,NULL
adc,ReportWritingComplianceICQRemark,10,DeletedBy,int,4,10,0,1,0,0,NULL
adc,ReportWritingComplianceICQRemark,11,DeletedDate,datetime,8,23,3,1,0,0,NULL
adc,ReportWritingComplianceICQRemark,12,DeleteReason,nvarchar,1000,0,0,1,0,0,NULL
adc,ReportWritingComplianceInternalDoc,1,ReportWritingComplianceInternalDocId,int,4,10,0,0,1,0,NULL
adc,ReportWritingComplianceInternalDoc,2,ReportWritingComplianceInternalDocName,nvarchar,500,0,0,1,0,0,NULL
adc,ReportWritingComplianceInternalDoc,3,ReportWritingComplianceInternalId,int,4,10,0,0,0,0,NULL
adc,ReportWritingComplianceInternalDoc,4,FileExtension,nvarchar,100,0,0,1,0,0,NULL
adc,ReportWritingComplianceInternalDoc,5,FileSizeMb,decimal,9,18,2,1,0,0,NULL
adc,ReportWritingComplianceInternalDoc,6,SourcePath,nvarchar,510,0,0,1,0,0,NULL
adc,ReportWritingComplianceInternalDoc,7,SourceFile,varbinary,-1,0,0,1,0,0,NULL
adc,ReportWritingComplianceInternalDoc,8,FileName,nvarchar,510,0,0,1,0,0,NULL
adc,ReportWritingComplianceInternalDoc,9,IsActive,bit,1,1,0,1,0,0,NULL
adc,ReportWritingComplianceInternalDoc,10,CreatedBy,int,4,10,0,1,0,0,NULL
adc,ReportWritingComplianceInternalDoc,11,CreatedDate,datetime,8,23,3,1,0,0,NULL
adc,ReportWritingComplianceInternalDoc,12,UpdatedBy,int,4,10,0,1,0,0,NULL
adc,ReportWritingComplianceInternalDoc,13,UpdatedDate,datetime,8,23,3,1,0,0,NULL
adc,ReportWritingComplianceInternalDoc,14,IsDeleted,bit,1,1,0,1,0,0,NULL
adc,ReportWritingComplianceInternalDoc,15,DeletedBy,int,4,10,0,1,0,0,NULL
adc,ReportWritingComplianceInternalDoc,16,DeletedDate,datetime,8,23,3,1,0,0,NULL
adc,ReportWritingComplianceInternalDoc,17,DeleteReason,nchar,20,0,0,1,0,0,NULL
adc,ReportWritingComplianceInternalDoc,18,ContentType,varchar,255,0,0,1,0,0,NULL
adc,ReportWritingComplianceInternalDoc,19,FileStorageHistoryId,int,4,10,0,1,0,0,NULL
adc,ReportWritingComplianceInternalDoc,20,FileStorageTypeId,int,4,10,0,1,0,0,NULL
adc,ReportWritingComplianceInternalDoc,21,FileStorageFileId,nvarchar,512,0,0,1,0,0,NULL
adc,ReportWritingComplianceInternalObservation,1,ReportWritingComplianceInternalObservationId,int,4,10,0,0,1,0,NULL
adc,ReportWritingComplianceInternalObservation,2,ReportWritingComplianceInternalId,int,4,10,0,1,0,0,NULL
adc,ReportWritingComplianceInternalObservation,3,AuditScheduleId,int,4,10,0,1,0,0,NULL
adc,ReportWritingComplianceInternalObservation,4,AuditConductionId,int,4,10,0,1,0,0,NULL
adc,ReportWritingComplianceInternalObservation,5,AudConObsId,int,4,10,0,1,0,0,NULL
adc,ReportWritingComplianceInternalObservation,6,ObservationDetailId,bigint,8,19,0,1,0,0,NULL
adc,ReportWritingComplianceInternalObservation,7,IsActive,bit,1,1,0,1,0,0,NULL
adc,ReportWritingComplianceInternalObservation,8,CreatedBy,int,4,10,0,1,0,0,NULL
adc,ReportWritingComplianceInternalObservation,9,CreatedDate,datetime,8,23,3,1,0,0,NULL
adc,ReportWritingComplianceInternalObservation,10,UpdatedBy,int,4,10,0,1,0,0,NULL
adc,ReportWritingComplianceInternalObservation,11,UpdatedDate,datetime,8,23,3,1,0,0,NULL
adc,ReportWritingComplianceInternalObservation,12,IsDeleted,bit,1,1,0,1,0,0,NULL
adc,ReportWritingComplianceInternalObservation,13,DeletedBy,int,4,10,0,1,0,0,NULL
adc,ReportWritingComplianceInternalObservation,14,DeletedDate,datetime,8,23,3,1,0,0,NULL
adc,ReportWritingComplianceInternalObservation,15,DeleteReason,nchar,20,0,0,1,0,0,NULL
adc,ReportWritingComplianceStatus,1,ReportWritingComplianceStatusId,int,4,10,0,0,1,0,NULL
adc,ReportWritingComplianceStatus,2,ComplianceStatusName,nvarchar,500,0,0,1,0,0,NULL
adc,ReportWritingComplianceStatus,3,StatusCode,nvarchar,30,0,0,1,0,0,NULL
adc,ReportWritingComplianceStatus,4,ColorCode,nvarchar,30,0,0,1,0,0,NULL
adc,ReportWritingComplianceStatus,5,ComplianceTypeId,int,4,10,0,0,0,0,NULL
adc,ReportWritingComplianceStatus,6,IsActive,bit,1,1,0,0,0,0,NULL
adc,ReportWritingComplianceStatus,7,CreatedBy,int,4,10,0,1,0,0,NULL
adc,ReportWritingComplianceStatus,8,CreatedDate,datetime,8,23,3,1,0,0,NULL
adc,ReportWritingComplianceStatus,9,UpdatedBy,int,4,10,0,1,0,0,NULL
adc,ReportWritingComplianceStatus,10,UpdatedDate,datetime,8,23,3,1,0,0,NULL
adc,ReportWritingComplianceStatus,11,IsDeleted,bit,1,1,0,1,0,0,NULL
adc,ReportWritingComplianceStatus,12,DeletedBy,int,4,10,0,1,0,0,NULL
adc,ReportWritingComplianceStatus,13,DeletedDate,datetime,8,23,3,1,0,0,NULL
adc,ReportWritingComplianceStatus,14,DeleteReason,varchar,500,0,0,1,0,0,NULL
adc,ReportWritingComplianceText,1,RWComplianceTextId,int,4,10,0,0,1,0,NULL
adc,ReportWritingComplianceText,2,AuditScheduleId,int,4,10,0,1,0,0,NULL
adc,ReportWritingComplianceText,3,AuditConductionId,int,4,10,0,1,0,0,NULL
adc,ReportWritingComplianceText,4,ComplianceType,int,4,10,0,1,0,0,NULL
adc,ReportWritingComplianceText,5,ShowOtherText,bit,1,1,0,1,0,0,NULL
adc,ReportWritingComplianceText,6,OtherText,nvarchar,-1,0,0,1,0,0,NULL
adc,ReportWritingComplianceText,7,IsActive,bit,1,1,0,1,0,0,NULL
adc,ReportWritingComplianceText,8,CreatedBy,int,4,10,0,1,0,0,NULL
adc,ReportWritingComplianceText,9,CreatedDate,datetime,8,23,3,1,0,0,NULL
adc,ReportWritingComplianceText,10,UpdatedBy,int,4,10,0,1,0,0,NULL
adc,ReportWritingComplianceText,11,UpdatedDate,datetime,8,23,3,1,0,0,NULL
adc,ReportWritingComplianceText,12,IsDeleted,bit,1,1,0,1,0,0,NULL
adc,ReportWritingComplianceText,13,DeletedBy,int,4,10,0,1,0,0,NULL
adc,ReportWritingComplianceText,14,DeletedDate,datetime,8,23,3,1,0,0,NULL
adc,ReportWritingComplianceText,15,DeleteReason,nchar,20,0,0,1,0,0,NULL
adc,ReportWritingComponentPermission,1,ReportWritingComponentPermissionId,int,4,10,0,0,1,0,NULL
adc,ReportWritingComponentPermission,2,AppSubComponentId,int,4,10,0,0,0,0,NULL
adc,ReportWritingComponentPermission,3,AuditConductionStatusId,int,4,10,0,1,0,0,NULL
adc,ReportWritingComponentPermission,4,ReportWritingStatusId,int,4,10,0,1,0,0,NULL
adc,ReportWritingComponentPermission,5,IsUserAuditor,bit,1,1,0,0,0,0,NULL
adc,ReportWritingComponentPermission,6,IsUserPdApprover,bit,1,1,0,0,0,0,NULL
adc,ReportWritingComponentPermission,7,IsUserRealTimeReviewer,bit,1,1,0,0,0,0,NULL
adc,ReportWritingComponentPermission,8,IsUserReportWriter,bit,1,1,0,0,0,0,NULL
adc,ReportWritingComponentPermission,9,IsUserClient,bit,1,1,0,0,0,0,NULL
adc,ReportWritingComponentPermission,10,IsUserReportReviewer,bit,1,1,0,0,0,0,NULL
adc,ReportWritingComponentPermission,11,IsUserReportApprover,bit,1,1,0,0,0,0,NULL
adc,ReportWritingComponentPermission,12,IsUserCommunicator,bit,1,1,0,0,0,0,NULL
adc,ReportWritingComponentPermission,13,CanCreate,bit,1,1,0,0,0,0,NULL
adc,ReportWritingComponentPermission,14,CanUpdate,bit,1,1,0,0,0,0,NULL
adc,ReportWritingComponentPermission,15,CanDelete,bit,1,1,0,0,0,0,NULL
adc,ReportWritingComponentPermission,16,CanView,bit,1,1,0,0,0,0,NULL
adc,ReportWritingComponentPermission,17,CanPlanningDocument,bit,1,1,0,0,0,0,NULL
adc,ReportWritingComponentPermission,18,CanComments,bit,1,1,0,0,0,0,NULL
adc,ReportWritingComponentPermission,19,CanReportWriting,bit,1,1,0,0,0,0,NULL
adc,ReportWritingComponentPermission,20,CanReportPreview,bit,1,1,0,0,0,0,NULL
adc,ReportWritingComponentPermission,21,CanCommentAdd,bit,1,1,0,0,0,0,NULL
adc,ReportWritingComponentPermission,22,CanCommentEdit,bit,1,1,0,0,0,0,NULL
adc,ReportWritingComponentPermission,23,CanCommentDelete,bit,1,1,0,0,0,0,NULL
adc,ReportWritingComponentPermission,24,CanCommentView,bit,1,1,0,0,0,0,NULL
adc,ReportWritingComponentPermission,25,CanUnlock,bit,1,1,0,0,0,0,NULL
adc,ReportWritingComponentPermission,26,CanActionPlanCollected,bit,1,1,0,0,0,0,NULL
adc,ReportWritingComponentPermission,27,CanReportAnnexureSetting,bit,1,1,0,0,0,0,NULL
adc,ReportWritingComponentPermission,28,CanDocumentUpload,bit,1,1,0,1,0,0,NULL
adc,ReportWritingComponentPermission,29,CanDocumentDownload,bit,1,1,0,1,0,0,NULL
adc,ReportWritingComponentPermission,30,CanDocumentDelete,bit,1,1,0,1,0,0,NULL
adc,ReportWritingComponentPermission,31,CanSubCreate,bit,1,1,0,1,0,0,NULL
adc,ReportWritingComponentPermission,32,CanSubUpdate,bit,1,1,0,1,0,0,NULL
adc,ReportWritingComponentPermission,33,CanSubDelete,bit,1,1,0,1,0,0,NULL
adc,ReportWritingComponentPermission,34,CanSubView,bit,1,1,0,1,0,0,NULL
adc,ReportWritingComponentPermission,35,IsActive,bit,1,1,0,0,0,0,NULL
adc,ReportWritingComponentPermission,36,CreatedBy,int,4,10,0,1,0,0,NULL
adc,ReportWritingComponentPermission,37,CreatedDate,datetime,8,23,3,1,0,0,NULL
adc,ReportWritingComponentPermission,38,UpdatedBy,int,4,10,0,1,0,0,NULL
adc,ReportWritingComponentPermission,39,UpdatedDate,datetime,8,23,3,1,0,0,NULL
adc,ReportWritingComponentPermission,40,IsDeleted,bit,1,1,0,1,0,0,NULL
adc,ReportWritingComponentPermission,41,DeletedBy,int,4,10,0,1,0,0,NULL
adc,ReportWritingComponentPermission,42,DeletedDate,datetime,8,23,3,1,0,0,NULL
adc,ReportWritingComponentPermission,43,DeleteReason,nvarchar,1000,0,0,1,0,0,NULL
adc,ReportWritingComponentPermission,44,IsDssReporter,bit,1,1,0,1,0,0,NULL
adc,ReportWritingComponentTab,1,ComponentTabId,int,4,10,0,0,0,0,NULL
adc,ReportWritingComponentTab,2,CompomentTabName,varchar,150,0,0,1,0,0,NULL
adc,ReportWritingComponentTab,3,IsActive,bit,1,1,0,0,0,0,NULL
adc,ReportWritingComponentTab,4,CreatedBy,int,4,10,0,1,0,0,NULL
adc,ReportWritingComponentTab,5,CreatedDate,datetime,8,23,3,1,0,0,NULL
adc,ReportWritingComponentTab,6,UpdatedBy,int,4,10,0,1,0,0,NULL
adc,ReportWritingComponentTab,7,UpdatedDate,datetime,8,23,3,1,0,0,NULL
adc,ReportWritingComponentTab,8,IsDeleted,bit,1,1,0,1,0,0,NULL
adc,ReportWritingComponentTab,9,DeletedBy,int,4,10,0,1,0,0,NULL
adc,ReportWritingComponentTab,10,DeletedDate,datetime,8,23,3,1,0,0,NULL
adc,ReportWritingComponentTab,11,DeleteReason,nvarchar,1000,0,0,1,0,0,NULL
adc,ReportWritingConplianceInternal,1,ReportWritingConplianceInternalId,int,4,10,0,0,1,0,NULL
adc,ReportWritingConplianceInternal,2,Year,int,4,10,0,1,0,0,NULL
adc,ReportWritingConplianceInternal,3,AuditScheduleId,int,4,10,0,1,0,0,NULL
adc,ReportWritingConplianceInternal,4,AuditConductionId,int,4,10,0,1,0,0,NULL
adc,ReportWritingConplianceInternal,5,BranchId,int,4,10,0,1,0,0,NULL
adc,ReportWritingConplianceInternal,6,ProjectId,int,4,10,0,1,0,0,NULL
adc,ReportWritingConplianceInternal,7,AudConObsTypeId,int,4,10,0,1,0,0,NULL
adc,ReportWritingConplianceInternal,8,ObservationId,int,4,10,0,1,0,0,NULL
adc,ReportWritingConplianceInternal,9,ObservationTitle,nvarchar,1000,0,0,1,0,0,NULL
adc,ReportWritingConplianceInternal,10,ObservationCategoryId,int,4,10,0,1,0,0,NULL
adc,ReportWritingConplianceInternal,11,PeriodFromDate,datetime,8,23,3,1,0,0,NULL
adc,ReportWritingConplianceInternal,12,PeriodToDate,datetime,8,23,3,1,0,0,NULL
adc,ReportWritingConplianceInternal,13,ConplianceStatusId,int,4,10,0,1,0,0,NULL
adc,ReportWritingConplianceInternal,14,Comments,nvarchar,-1,0,0,1,0,0,NULL
adc,ReportWritingConplianceInternal,15,Attachment,nvarchar,-1,0,0,1,0,0,NULL
adc,ReportWritingConplianceInternal,16,Amount,decimal,9,18,2,1,0,0,NULL
adc,ReportWritingConplianceInternal,17,IsPreviousYear,bit,1,1,0,1,0,0,NULL
adc,ReportWritingConplianceInternal,18,PeriodStatus,nvarchar,500,0,0,1,0,0,NULL
adc,ReportWritingConplianceInternal,19,IsActive,bit,1,1,0,1,0,0,NULL
adc,ReportWritingConplianceInternal,20,CreatedBy,int,4,10,0,1,0,0,NULL
adc,ReportWritingConplianceInternal,21,CreatedDate,datetime,8,23,3,1,0,0,NULL
adc,ReportWritingConplianceInternal,22,UpdatedBy,int,4,10,0,1,0,0,NULL
adc,ReportWritingConplianceInternal,23,UpdatedDate,datetime,8,23,3,1,0,0,NULL
adc,ReportWritingConplianceInternal,24,IsDeleted,bit,1,1,0,1,0,0,NULL
adc,ReportWritingConplianceInternal,25,DeletedBy,int,4,10,0,1,0,0,NULL
adc,ReportWritingConplianceInternal,26,DeletedDate,datetime,8,23,3,1,0,0,NULL
adc,ReportWritingConplianceInternal,27,DeleteReason,nchar,20,0,0,1,0,0,NULL
adc,ReportWritingConplianceInternal,28,UpdateCurrentPeriodStatus,nvarchar,500,0,0,1,0,0,NULL
adc,ReportWritingConplianceInternal,29,Quantity,int,4,10,0,1,0,0,NULL
adc,ReportWritingConplianceInternal,30,MimeType,char,10,0,0,1,0,0,NULL
adc,ReportWritingConplianceInternal,31,AttachmentName,nvarchar,510,0,0,1,0,0,NULL
adc,ReportWritingConplianceInternal,32,ObservationQuantityMsrUnit,nvarchar,-1,0,0,1,0,0,NULL
adc,ReportWritingConplianceStatus,1,ReportWritingConplianceStatusId,int,4,10,0,0,1,0,NULL
adc,ReportWritingConplianceStatus,2,StatusName,nvarchar,300,0,0,1,0,0,NULL
adc,ReportWritingConplianceStatus,3,StatusCode,nchar,20,0,0,1,0,0,NULL
adc,ReportWritingConplianceStatus,4,ColorCode,varchar,20,0,0,1,0,0,NULL
adc,ReportWritingConplianceStatus,5,IsActive,bit,1,1,0,1,0,0,NULL
adc,ReportWritingConplianceStatus,6,CreatedBy,int,4,10,0,1,0,0,NULL
adc,ReportWritingConplianceStatus,7,CreatedDate,datetime,8,23,3,1,0,0,NULL
adc,ReportWritingConplianceStatus,8,UpdatedBy,int,4,10,0,1,0,0,NULL
adc,ReportWritingConplianceStatus,9,UpdatedDate,datetime,8,23,3,1,0,0,NULL
adc,ReportWritingConplianceStatus,10,IsDeleted,bit,1,1,0,1,0,0,NULL
adc,ReportWritingConplianceStatus,11,DeletedBy,int,4,10,0,1,0,0,NULL
adc,ReportWritingConplianceStatus,12,DeletedDate,datetime,8,23,3,1,0,0,NULL
adc,ReportWritingConplianceStatus,13,DeleteReason,nchar,20,0,0,1,0,0,NULL
adc,ReportWritingDispatch,1,ReportWritingDispatchId,int,4,10,0,0,1,0,NULL
adc,ReportWritingDispatch,2,AuditScheduleId,int,4,10,0,1,0,0,NULL
adc,ReportWritingDispatch,3,AuditConductionId,int,4,10,0,1,0,0,NULL
adc,ReportWritingDispatch,4,EmailAddressTo,varchar,250,0,0,1,0,0,NULL
adc,ReportWritingDispatch,5,EmailAddressCC,varchar,500,0,0,1,0,0,NULL
adc,ReportWritingDispatch,6,EmailSubject,varchar,250,0,0,1,0,0,NULL
adc,ReportWritingDispatch,7,ToText,varchar,150,0,0,1,0,0,NULL
adc,ReportWritingDispatch,8,EmailBody,varchar,500,0,0,1,0,0,NULL
adc,ReportWritingDispatch,9,EmailSignature,varchar,250,0,0,1,0,0,NULL
adc,ReportWritingDispatch,10,Attachment,varbinary,-1,0,0,1,0,0,NULL
adc,ReportWritingDispatch,11,AttachmentName,nvarchar,500,0,0,1,0,0,NULL
adc,ReportWritingDispatch,12,FileType,nvarchar,100,0,0,1,0,0,NULL
adc,ReportWritingDispatch,13,EmailTransactionId,varchar,255,0,0,1,0,0,NULL
adc,ReportWritingDispatch,14,IsEmailResend,bit,1,1,0,1,0,0,NULL
adc,ReportWritingDispatch,15,IsEmailSend,bit,1,1,0,1,0,0,NULL
adc,ReportWritingDispatch,16,ResendCount,int,4,10,0,1,0,0,NULL
adc,ReportWritingDispatch,17,DispatchStatus,int,4,10,0,1,0,0,NULL
adc,ReportWritingDispatch,18,DispatchDate,datetime,8,23,3,1,0,0,NULL
adc,ReportWritingDispatch,19,IsActive,bit,1,1,0,0,0,0,NULL
adc,ReportWritingDispatch,20,CreatedBy,int,4,10,0,1,0,0,NULL
adc,ReportWritingDispatch,21,CreatedDate,datetime,8,23,3,1,0,0,NULL
adc,ReportWritingDispatch,22,UpdatedBy,int,4,10,0,1,0,0,NULL
adc,ReportWritingDispatch,23,UpdatedDate,datetime,8,23,3,1,0,0,NULL
adc,ReportWritingDispatch,24,IsDeleted,bit,1,1,0,1,0,0,NULL
adc,ReportWritingDispatch,25,DeletedBy,int,4,10,0,1,0,0,NULL
adc,ReportWritingDispatch,26,DeletedDate,datetime,8,23,3,1,0,0,NULL
adc,ReportWritingDispatch,27,DeleteReason,nvarchar,1000,0,0,1,0,0,NULL
adc,ReportWritingDocument,1,ReportWritingDocumentId,int,4,10,0,0,1,0,NULL
adc,ReportWritingDocument,2,ReportWritingDocumentName,nvarchar,500,0,0,1,0,0,NULL
adc,ReportWritingDocument,3,ReportWritingDocumentTypeId,int,4,10,0,1,0,0,NULL
adc,ReportWritingDocument,4,ReportWritingActionPlanDetailId,int,4,10,0,1,0,0,NULL
adc,ReportWritingDocument,5,AudConObsId,int,4,10,0,1,0,0,NULL
adc,ReportWritingDocument,6,ContentType,nvarchar,510,0,0,1,0,0,NULL
adc,ReportWritingDocument,7,FileExtension,nvarchar,100,0,0,1,0,0,NULL
adc,ReportWritingDocument,8,FileSizeMb,decimal,9,18,2,1,0,0,NULL
adc,ReportWritingDocument,9,SourcePath,nvarchar,510,0,0,1,0,0,NULL
adc,ReportWritingDocument,10,SourceFile,varbinary,-1,0,0,1,0,0,NULL
adc,ReportWritingDocument,11,FileName,nvarchar,510,0,0,1,0,0,NULL
adc,ReportWritingDocument,12,FileStorageHistoryId,int,4,10,0,1,0,0,NULL
adc,ReportWritingDocument,13,FileStorageTypeId,int,4,10,0,1,0,0,NULL
adc,ReportWritingDocument,14,IsActive,bit,1,1,0,1,0,0,NULL
adc,ReportWritingDocument,15,CreatedBy,int,4,10,0,1,0,0,NULL
adc,ReportWritingDocument,16,CreatedDate,datetime,8,23,3,1,0,0,NULL
adc,ReportWritingDocument,17,UpdatedBy,int,4,10,0,1,0,0,NULL
adc,ReportWritingDocument,18,UpdatedDate,datetime,8,23,3,1,0,0,NULL
adc,ReportWritingDocument,19,IsDeleted,bit,1,1,0,1,0,0,NULL
adc,ReportWritingDocument,20,DeletedBy,int,4,10,0,1,0,0,NULL
adc,ReportWritingDocument,21,DeletedDate,datetime,8,23,3,1,0,0,NULL
adc,ReportWritingDocument,22,DeleteReason,nchar,20,0,0,1,0,0,NULL
adc,ReportWritingDocument,23,ReportWritingActionPlanActionOwnerId,int,4,10,0,1,0,0,NULL
adc,ReportWritingDocument,24,FileStorageFileId,nvarchar,512,0,0,1,0,0,NULL
adc,ReportWritingDocumentType,1,ReportWritingDocumentTypeId,int,4,10,0,0,0,0,NULL
adc,ReportWritingDocumentType,2,ReportWritingDocumentTypeName,nvarchar,200,0,0,0,0,0,NULL
adc,ReportWritingDocumentType,3,IsActive,bit,1,1,0,0,0,0,NULL
adc,ReportWritingDocumentType,4,CreatedBy,int,4,10,0,1,0,0,NULL
adc,ReportWritingDocumentType,5,CreatedDate,datetime,8,23,3,1,0,0,NULL
adc,ReportWritingDocumentType,6,UpdatedBy,int,4,10,0,1,0,0,NULL
adc,ReportWritingDocumentType,7,UpdatedDate,datetime,8,23,3,1,0,0,NULL
adc,ReportWritingDocumentType,8,IsDeleted,bit,1,1,0,1,0,0,NULL
adc,ReportWritingDocumentType,9,DeletedBy,int,4,10,0,1,0,0,NULL
adc,ReportWritingDocumentType,10,DeletedDate,datetime,8,23,3,1,0,0,NULL
adc,ReportWritingDocumentType,11,DeleteReason,nvarchar,1000,0,0,1,0,0,NULL
adc,ReportWritingEngagementBackground,1,ReportWritingEngagementBackgroundId,int,4,10,0,0,1,0,NULL
adc,ReportWritingEngagementBackground,2,AuditScheduleId,int,4,10,0,1,0,0,NULL
adc,ReportWritingEngagementBackground,3,AuditConductionId,int,4,10,0,1,0,0,NULL
adc,ReportWritingEngagementBackground,4,IsActive,bit,1,1,0,1,0,0,NULL
adc,ReportWritingEngagementBackground,5,Indroduction,nvarchar,-1,0,0,1,0,0,NULL
adc,ReportWritingEngagementBackground,6,Objective,nvarchar,-1,0,0,1,0,0,NULL
adc,ReportWritingEngagementBackground,7,EngagementScope,nvarchar,-1,0,0,1,0,0,NULL
adc,ReportWritingEngagementBackground,8,Disclosure,nvarchar,-1,0,0,1,0,0,NULL
adc,ReportWritingEngagementBackground,9,CreatedBy,int,4,10,0,1,0,0,NULL
adc,ReportWritingEngagementBackground,10,CreatedDate,datetime,8,23,3,1,0,0,NULL
adc,ReportWritingEngagementBackground,11,UpdatedBy,int,4,10,0,1,0,0,NULL
adc,ReportWritingEngagementBackground,12,UpdatedDate,datetime,8,23,3,1,0,0,NULL
adc,ReportWritingEngagementBackground,13,IsDeleted,bit,1,1,0,1,0,0,NULL
adc,ReportWritingEngagementBackground,14,DeletedBy,int,4,10,0,1,0,0,NULL
adc,ReportWritingEngagementBackground,15,DeletedDate,datetime,8,23,3,1,0,0,NULL
adc,ReportWritingEngagementBackground,16,DeleteReason,nchar,20,0,0,1,0,0,NULL
adc,ReportWritingExecutiveSummary,1,ReportWritingExecutiveSummaryId,int,4,10,0,0,1,0,NULL
adc,ReportWritingExecutiveSummary,2,AuditScheduleId,int,4,10,0,1,0,0,NULL
adc,ReportWritingExecutiveSummary,3,AuditConductionId,int,4,10,0,1,0,0,NULL
adc,ReportWritingExecutiveSummary,4,Headlines,nvarchar,-1,0,0,1,0,0,NULL
adc,ReportWritingExecutiveSummary,5,KeyFindings,nvarchar,-1,0,0,1,0,0,NULL
adc,ReportWritingExecutiveSummary,6,ProgramOperation,nvarchar,-1,0,0,1,0,0,NULL
adc,ReportWritingExecutiveSummary,7,RecommendationKeyFindings,nvarchar,-1,0,0,1,0,0,NULL
adc,ReportWritingExecutiveSummary,8,ManagementResponse,nvarchar,-1,0,0,1,0,0,NULL
adc,ReportWritingExecutiveSummary,9,IsActive,bit,1,1,0,1,0,0,NULL
adc,ReportWritingExecutiveSummary,10,CreatedBy,int,4,10,0,1,0,0,NULL
adc,ReportWritingExecutiveSummary,11,CreatedDate,datetime,8,23,3,1,0,0,NULL
adc,ReportWritingExecutiveSummary,12,UpdatedBy,int,4,10,0,1,0,0,NULL
adc,ReportWritingExecutiveSummary,13,UpdatedDate,datetime,8,23,3,1,0,0,NULL
adc,ReportWritingExecutiveSummary,14,IsDeleted,bit,1,1,0,1,0,0,NULL
adc,ReportWritingExecutiveSummary,15,DeletedBy,int,4,10,0,1,0,0,NULL
adc,ReportWritingExecutiveSummary,16,DeletedDate,datetime,8,23,3,1,0,0,NULL
adc,ReportWritingExecutiveSummary,17,DeleteReason,nchar,20,0,0,1,0,0,NULL
adc,ReportWritingFinancialInformation,1,ReportWritingFinancialInformationId,int,4,10,0,0,1,0,NULL
adc,ReportWritingFinancialInformation,2,AuditScheduleId,int,4,10,0,1,0,0,NULL
adc,ReportWritingFinancialInformation,3,AuditConductionId,int,4,10,0,1,0,0,NULL
adc,ReportWritingFinancialInformation,4,ThreeYearsComparativeStatements,nvarchar,-1,0,0,1,0,0,NULL
adc,ReportWritingFinancialInformation,5,RoomOccupancyAnalysis,nvarchar,-1,0,0,1,0,0,NULL
adc,ReportWritingFinancialInformation,6,IsActive,bit,1,1,0,1,0,0,NULL
adc,ReportWritingFinancialInformation,7,CreatedBy,int,4,10,0,1,0,0,NULL
adc,ReportWritingFinancialInformation,8,CreatedDate,datetime,8,23,3,1,0,0,NULL
adc,ReportWritingFinancialInformation,9,UpdatedBy,int,4,10,0,1,0,0,NULL
adc,ReportWritingFinancialInformation,10,UpdatedDate,datetime,8,23,3,1,0,0,NULL
adc,ReportWritingFinancialInformation,11,IsDeleted,bit,1,1,0,1,0,0,NULL
adc,ReportWritingFinancialInformation,12,DeletedBy,int,4,10,0,1,0,0,NULL
adc,ReportWritingFinancialInformation,13,DeletedDate,datetime,8,23,3,1,0,0,NULL
adc,ReportWritingFinancialInformation,14,DeleteReason,nchar,20,0,0,1,0,0,NULL
adc,ReportWritingForwardingLetter,1,RptWrtForwardingLetterId,int,4,10,0,0,1,0,NULL
adc,ReportWritingForwardingLetter,2,RptWrtForwardingLetterTypeId,int,4,10,0,0,0,0,NULL
adc,ReportWritingForwardingLetter,3,RptWrtForwardingLetterTitle,varchar,500,0,0,1,0,0,NULL
adc,ReportWritingForwardingLetter,4,AuditTypeId,int,4,10,0,1,0,0,NULL
adc,ReportWritingForwardingLetter,5,ReportTypeId,int,4,10,0,1,0,0,NULL
adc,ReportWritingForwardingLetter,6,AuditScheduleId,int,4,10,0,0,0,0,NULL
adc,ReportWritingForwardingLetter,7,AuditConductionId,int,4,10,0,0,0,0,NULL
adc,ReportWritingForwardingLetter,8,RptWrtFrdLetterDate,datetime,8,23,3,1,0,0,NULL
adc,ReportWritingForwardingLetter,9,RiskTypeId,int,4,10,0,1,0,0,NULL
adc,ReportWritingForwardingLetter,10,ShowRiskCategory,bit,1,1,0,1,0,0,NULL
adc,ReportWritingForwardingLetter,11,BranchRatingId,int,4,10,0,1,0,0,NULL
adc,ReportWritingForwardingLetter,12,ShowOverallBranchRating,bit,1,1,0,1,0,0,NULL
adc,ReportWritingForwardingLetter,13,BranchId,int,4,10,0,1,0,0,NULL
adc,ReportWritingForwardingLetter,14,ShowBranch,bit,1,1,0,1,0,0,NULL
adc,ReportWritingForwardingLetter,15,BranchName,varchar,250,0,0,1,0,0,NULL
adc,ReportWritingForwardingLetter,16,OrgUpazilaId,int,4,10,0,1,0,0,NULL
adc,ReportWritingForwardingLetter,17,OrgUpazilaName,varchar,250,0,0,1,0,0,NULL
adc,ReportWritingForwardingLetter,18,ShowOrgUpazila,bit,1,1,0,1,0,0,NULL
adc,ReportWritingForwardingLetter,19,OrgAreaId,int,4,10,0,1,0,0,NULL
adc,ReportWritingForwardingLetter,20,OrgAreaName,varchar,250,0,0,1,0,0,NULL
adc,ReportWritingForwardingLetter,21,ShowOrgArea,bit,1,1,0,1,0,0,NULL
adc,ReportWritingForwardingLetter,22,OrgDistrictId,int,4,10,0,1,0,0,NULL
adc,ReportWritingForwardingLetter,23,OrgDistrictName,varchar,250,0,0,1,0,0,NULL
adc,ReportWritingForwardingLetter,24,ShowOrgDistrict,bit,1,1,0,1,0,0,NULL
adc,ReportWritingForwardingLetter,25,AuditPeriodFrom,datetime,8,23,3,1,0,0,NULL
adc,ReportWritingForwardingLetter,26,AuditPeriodTo,datetime,8,23,3,1,0,0,NULL
adc,ReportWritingForwardingLetter,27,ShowAuditPeriod,bit,1,1,0,1,0,0,NULL
adc,ReportWritingForwardingLetter,28,RptWrtFrdLetterSubject,varchar,500,0,0,1,0,0,NULL
adc,ReportWritingForwardingLetter,29,RptWrtFrdLetterGenBody,varchar,-1,0,0,1,0,0,NULL
adc,ReportWritingForwardingLetter,30,RptWrtFrdLetterBody,varchar,-1,0,0,1,0,0,NULL
adc,ReportWritingForwardingLetter,31,RptWrtFrdLetterSignatory,varchar,250,0,0,1,0,0,NULL
adc,ReportWritingForwardingLetter,32,RptWrtFrdLetterSignatureImage,varchar,-1,0,0,1,0,0,NULL
adc,ReportWritingForwardingLetter,33,RptWrtFrdLetterSignature,varchar,250,0,0,1,0,0,NULL
adc,ReportWritingForwardingLetter,34,ShowPopulationSample,bit,1,1,0,1,0,0,NULL
adc,ReportWritingForwardingLetter,35,RptWrtFrdLetterEmailAddressCopy,text,16,0,0,1,0,0,NULL
adc,ReportWritingForwardingLetter,36,ApplicationName,varchar,250,0,0,1,0,0,NULL
adc,ReportWritingForwardingLetter,37,ShowApplicationName,bit,1,1,0,1,0,0,NULL
adc,ReportWritingForwardingLetter,38,EmailAddressCc,varchar,1000,0,0,1,0,0,NULL
adc,ReportWritingForwardingLetter,39,EmailAddressCcDesignation,varchar,1000,0,0,1,0,0,NULL
adc,ReportWritingForwardingLetter,40,EmailAddressTo,varchar,1000,0,0,1,0,0,NULL
adc,ReportWritingForwardingLetter,41,EmailAddressToDesignation,varchar,1000,0,0,1,0,0,NULL
adc,ReportWritingForwardingLetter,42,ForwardingLetterTo,varchar,1000,0,0,1,0,0,NULL
adc,ReportWritingForwardingLetter,43,EmailAddressFrom,varchar,1000,0,0,1,0,0,NULL
adc,ReportWritingForwardingLetter,44,CommunicationAddress,varchar,-1,0,0,1,0,0,NULL
adc,ReportWritingForwardingLetter,45,IsActive,bit,1,1,0,0,0,0,NULL
adc,ReportWritingForwardingLetter,46,CreatedBy,int,4,10,0,1,0,0,NULL
adc,ReportWritingForwardingLetter,47,CreatedDate,datetime,8,23,3,1,0,0,NULL
adc,ReportWritingForwardingLetter,48,UpdatedBy,int,4,10,0,1,0,0,NULL
adc,ReportWritingForwardingLetter,49,UpdatedDate,datetime,8,23,3,1,0,0,NULL
adc,ReportWritingForwardingLetter,50,IsDeleted,bit,1,1,0,1,0,0,NULL
adc,ReportWritingForwardingLetter,51,DeletedBy,int,4,10,0,1,0,0,NULL
adc,ReportWritingForwardingLetter,52,DeletedDate,datetime,8,23,3,1,0,0,NULL
adc,ReportWritingForwardingLetter,53,DeleteReason,varchar,500,0,0,1,0,0,NULL
adc,ReportWritingForwardingLetter,54,FinalScore,decimal,9,18,2,1,0,0,NULL
adc,ReportWritingForwardingLetter,55,SubProgrammeId,int,4,10,0,1,0,0,NULL
adc,ReportWritingForwardingLetter,56,ProgrammeId,int,4,10,0,1,0,0,NULL
adc,ReportWritingForwardingLetter,57,ProgrammeGroupId,int,4,10,0,1,0,0,NULL
adc,ReportWritingForwardingLetter,58,ProjectId,int,4,10,0,1,0,0,NULL
adc,ReportWritingForwardingLetter,59,ForLetTempId,int,4,10,0,1,0,0,NULL
adc,ReportWritingForwardingLetterDetail,1,RptWrtForwardingLetterId,int,4,10,0,0,1,0,NULL
adc,ReportWritingForwardingLetterDetail,2,RptWrtForwardingLetterName,nvarchar,500,0,0,1,0,0,NULL
adc,ReportWritingForwardingLetterDetail,3,RptWrtForwardingLetterTypeId,int,4,10,0,0,0,0,NULL
adc,ReportWritingForwardingLetterDetail,4,AuditScheduleId,int,4,10,0,0,0,0,NULL
adc,ReportWritingForwardingLetterDetail,5,AuditConductionId,int,4,10,0,0,0,0,NULL
adc,ReportWritingForwardingLetterDetail,6,ContainerContainId,int,4,10,0,1,0,0,NULL
adc,ReportWritingForwardingLetterDetail,7,RptWrtFrdLetterDate,datetime,8,23,3,1,0,0,NULL
adc,ReportWritingForwardingLetterDetail,8,RiskTypeId,int,4,10,0,1,0,0,NULL
adc,ReportWritingForwardingLetterDetail,9,ShowRiskCategory,bit,1,1,0,1,0,0,NULL
adc,ReportWritingForwardingLetterDetail,10,BranchRatingId,int,4,10,0,1,0,0,NULL
adc,ReportWritingForwardingLetterDetail,11,ShowOverallBranchRating,bit,1,1,0,1,0,0,NULL
adc,ReportWritingForwardingLetterDetail,12,RptWrtFrdLetterEmailAddressTo,varchar,-1,0,0,1,0,0,NULL
adc,ReportWritingForwardingLetterDetail,13,RptWrtFrdLetterEmailAddressText,varchar,-1,0,0,1,0,0,NULL
adc,ReportWritingForwardingLetterDetail,14,BranchId,int,4,10,0,1,0,0,NULL
adc,ReportWritingForwardingLetterDetail,15,ShowBranch,bit,1,1,0,1,0,0,NULL
adc,ReportWritingForwardingLetterDetail,16,BranchName,varchar,150,0,0,1,0,0,NULL
adc,ReportWritingForwardingLetterDetail,17,OrgUpazilaId,int,4,10,0,1,0,0,NULL
adc,ReportWritingForwardingLetterDetail,18,UpazilaName,varchar,150,0,0,1,0,0,NULL
adc,ReportWritingForwardingLetterDetail,19,ShowUpazila,bit,1,1,0,1,0,0,NULL
adc,ReportWritingForwardingLetterDetail,20,OrgAreaId,int,4,10,0,1,0,0,NULL
adc,ReportWritingForwardingLetterDetail,21,AreaName,varchar,150,0,0,1,0,0,NULL
adc,ReportWritingForwardingLetterDetail,22,ShowArea,bit,1,1,0,1,0,0,NULL
adc,ReportWritingForwardingLetterDetail,23,ZoneId,int,4,10,0,1,0,0,NULL
adc,ReportWritingForwardingLetterDetail,24,ZoneName,varchar,150,0,0,1,0,0,NULL
adc,ReportWritingForwardingLetterDetail,25,ShowZone,bit,1,1,0,1,0,0,NULL
adc,ReportWritingForwardingLetterDetail,26,AuditPeriodStartDate,datetime,8,23,3,1,0,0,NULL
adc,ReportWritingForwardingLetterDetail,27,AuditPeriodEndDate,datetime,8,23,3,1,0,0,NULL
adc,ReportWritingForwardingLetterDetail,28,ShowAuditPeriod,bit,1,1,0,1,0,0,NULL
adc,ReportWritingForwardingLetterDetail,29,RptWrtFrdLetterSubject,varchar,1000,0,0,1,0,0,NULL
adc,ReportWritingForwardingLetterDetail,30,RptWrtFrdLetterBody,varchar,-1,0,0,1,0,0,NULL
adc,ReportWritingForwardingLetterDetail,31,RptWrtFrdLetterSignatureText,varchar,-1,0,0,1,0,0,NULL
adc,ReportWritingForwardingLetterDetail,32,RptWrtFrdLetterSignatureImage,varchar,-1,0,0,1,0,0,NULL
adc,ReportWritingForwardingLetterDetail,33,RptWrtFrdLetterSignature,varchar,-1,0,0,1,0,0,NULL
adc,ReportWritingForwardingLetterDetail,34,ShowPopulationSample,bit,1,1,0,1,0,0,NULL
adc,ReportWritingForwardingLetterDetail,35,RptWrtFrdLetterEmailAddressCopy,varchar,1000,0,0,1,0,0,NULL
adc,ReportWritingForwardingLetterDetail,36,ApplicationName,nvarchar,300,0,0,1,0,0,NULL
adc,ReportWritingForwardingLetterDetail,37,ShowApplicationName,bit,1,1,0,1,0,0,NULL
adc,ReportWritingForwardingLetterDetail,38,EmailAddressCc,varchar,1000,0,0,1,0,0,NULL
adc,ReportWritingForwardingLetterDetail,39,EmailAddressTo,varchar,1000,0,0,1,0,0,NULL
adc,ReportWritingForwardingLetterDetail,40,ToDesignation,varchar,1000,0,0,1,0,0,NULL
adc,ReportWritingForwardingLetterDetail,41,CcDesignation,varchar,1000,0,0,1,0,0,NULL
adc,ReportWritingForwardingLetterDetail,42,FromEmailAddress,varchar,1000,0,0,1,0,0,NULL
adc,ReportWritingForwardingLetterDetail,43,IsActive,bit,1,1,0,0,0,0,NULL
adc,ReportWritingForwardingLetterDetail,44,CreatedBy,int,4,10,0,1,0,0,NULL
adc,ReportWritingForwardingLetterDetail,45,CreatedDate,datetime,8,23,3,1,0,0,NULL
adc,ReportWritingForwardingLetterDetail,46,UpdatedBy,int,4,10,0,1,0,0,NULL
adc,ReportWritingForwardingLetterDetail,47,UpdatedDate,datetime,8,23,3,1,0,0,NULL
adc,ReportWritingForwardingLetterDetail,48,IsDeleted,bit,1,1,0,1,0,0,NULL
adc,ReportWritingForwardingLetterDetail,49,DeletedBy,int,4,10,0,1,0,0,NULL
adc,ReportWritingForwardingLetterDetail,50,DeletedDate,datetime,8,23,3,1,0,0,NULL
adc,ReportWritingForwardingLetterDetail,51,DeleteReason,nvarchar,1000,0,0,1,0,0,NULL
adc,ReportWritingForwardingLetterMaster,1,ForwardingLetterId,int,4,10,0,0,1,0,NULL
adc,ReportWritingForwardingLetterMaster,2,ForwardingLetterName,nvarchar,500,0,0,1,0,0,NULL
adc,ReportWritingForwardingLetterMaster,3,ForwardingLetterTypeId,int,4,10,0,0,0,0,NULL
adc,ReportWritingForwardingLetterMaster,4,AuditScheduleId,int,4,10,0,0,0,0,NULL
adc,ReportWritingForwardingLetterMaster,5,AuditConductionId,int,4,10,0,0,0,0,NULL
adc,ReportWritingForwardingLetterMaster,6,IsActive,bit,1,1,0,0,0,0,NULL
adc,ReportWritingForwardingLetterMaster,7,CreatedBy,int,4,10,0,1,0,0,NULL
adc,ReportWritingForwardingLetterMaster,8,CreatedDate,datetime,8,23,3,1,0,0,NULL
adc,ReportWritingForwardingLetterMaster,9,UpdatedBy,int,4,10,0,1,0,0,NULL
adc,ReportWritingForwardingLetterMaster,10,UpdatedDate,datetime,8,23,3,1,0,0,NULL
adc,ReportWritingForwardingLetterMaster,11,IsDeleted,bit,1,1,0,1,0,0,NULL
adc,ReportWritingForwardingLetterMaster,12,DeletedBy,int,4,10,0,1,0,0,NULL
adc,ReportWritingForwardingLetterMaster,13,DeletedDate,datetime,8,23,3,1,0,0,NULL
adc,ReportWritingForwardingLetterMaster,14,DeleteReason,nvarchar,1000,0,0,1,0,0,NULL
adc,ReportWritingForwardingLetterRow,1,RptWrtForLetRowId,int,4,10,0,0,1,0,NULL
adc,ReportWritingForwardingLetterRow,2,RptWrtForLetId,int,4,10,0,0,0,0,NULL
adc,ReportWritingForwardingLetterRow,3,ContainerContainRowId,int,4,10,0,0,0,0,NULL
adc,ReportWritingForwardingLetterRow,4,ColumnNumber,int,4,10,0,1,0,0,NULL
adc,ReportWritingForwardingLetterRow,5,DisplayOrder,int,4,10,0,1,0,0,NULL
adc,ReportWritingForwardingLetterRow,6,IsActive,bit,1,1,0,0,0,0,NULL
adc,ReportWritingForwardingLetterRow,7,IsDeleted,bit,1,1,0,1,0,0,NULL
adc,ReportWritingForwardingLetterRow,8,DeletedBy,int,4,10,0,1,0,0,NULL
adc,ReportWritingForwardingLetterRow,9,DeletedDate,datetime,8,23,3,1,0,0,NULL
adc,ReportWritingForwardingLetterRowColumn,1,RptWrtForLetRowColumnId,int,4,10,0,0,1,0,NULL
adc,ReportWritingForwardingLetterRowColumn,2,RptWrtForLetId,int,4,10,0,0,0,0,NULL
adc,ReportWritingForwardingLetterRowColumn,3,RptWrtForLetRowId,int,4,10,0,0,0,0,NULL
adc,ReportWritingForwardingLetterRowColumn,4,ContainerContainRowId,int,4,10,0,0,0,0,NULL
adc,ReportWritingForwardingLetterRowColumn,5,ContainerContainRowColumnId,int,4,10,0,0,0,0,NULL
adc,ReportWritingForwardingLetterRowColumn,6,HeadingId,int,4,10,0,0,0,0,NULL
adc,ReportWritingForwardingLetterRowColumn,7,HeadingTypeId,int,4,10,0,1,0,0,NULL
adc,ReportWritingForwardingLetterRowColumn,8,HeadingSourceId,int,4,10,0,1,0,0,NULL
adc,ReportWritingForwardingLetterRowColumn,9,ContainerContainRowColValue,nvarchar,-1,0,0,1,0,0,NULL
adc,ReportWritingForwardingLetterRowColumn,10,ContainerContainRowColText,nvarchar,-1,0,0,1,0,0,NULL
adc,ReportWritingForwardingLetterRowColumn,11,ContainerContainRowColJson,nvarchar,-1,0,0,1,0,0,NULL
adc,ReportWritingForwardingLetterRowColumn,12,DisplayOrder,int,4,10,0,1,0,0,NULL
adc,ReportWritingForwardingLetterRowColumn,13,IsActive,bit,1,1,0,0,0,0,NULL
adc,ReportWritingForwardingLetterRowColumn,14,IsDeleted,bit,1,1,0,1,0,0,NULL
adc,ReportWritingForwardingLetterRowColumn,15,DeletedBy,int,4,10,0,1,0,0,NULL
adc,ReportWritingForwardingLetterRowColumn,16,DeletedDate,datetime,8,23,3,1,0,0,NULL
adc,ReportWritingForwardingLetterTemplate,1,RptWrtForwardingLetterTemplateId,int,4,10,0,0,1,0,NULL
adc,ReportWritingForwardingLetterTemplate,2,AuditConductionId,int,4,10,0,1,0,0,NULL
adc,ReportWritingForwardingLetterTemplate,3,AuditScheduleId,int,4,10,0,1,0,0,NULL
adc,ReportWritingForwardingLetterTemplate,4,ReportTypeId,int,4,10,0,1,0,0,NULL
adc,ReportWritingForwardingLetterTemplate,5,AuditTypeId,int,4,10,0,1,0,0,NULL
adc,ReportWritingForwardingLetterTemplate,6,RptWrtForwardingLetterDate,datetime,8,23,3,1,0,0,NULL
adc,ReportWritingForwardingLetterTemplate,7,RiskCategoryId,int,4,10,0,1,0,0,NULL
adc,ReportWritingForwardingLetterTemplate,8,ShowRiskCategory,bit,1,1,0,1,0,0,NULL
adc,ReportWritingForwardingLetterTemplate,9,OverallBranchRating,varchar,250,0,0,1,0,0,NULL
adc,ReportWritingForwardingLetterTemplate,10,ShowOverallBranchRating,bit,1,1,0,1,0,0,NULL
adc,ReportWritingForwardingLetterTemplate,11,RptWrtFrdLetterEmailAddressTo,text,16,0,0,1,0,0,NULL
adc,ReportWritingForwardingLetterTemplate,12,RptWrtFrdLetterEmailAddressText,text,16,0,0,1,0,0,NULL
adc,ReportWritingForwardingLetterTemplate,13,BranchId,int,4,10,0,1,0,0,NULL
adc,ReportWritingForwardingLetterTemplate,14,BranchName,varchar,250,0,0,1,0,0,NULL
adc,ReportWritingForwardingLetterTemplate,15,ShowBranch,bit,1,1,0,1,0,0,NULL
adc,ReportWritingForwardingLetterTemplate,16,OrgUpazilaId,int,4,10,0,1,0,0,NULL
adc,ReportWritingForwardingLetterTemplate,17,OrgUpazilaName,varchar,250,0,0,1,0,0,NULL
adc,ReportWritingForwardingLetterTemplate,18,ShowOrgUpazila,bit,1,1,0,1,0,0,NULL
adc,ReportWritingForwardingLetterTemplate,19,OrgAreaId,int,4,10,0,1,0,0,NULL
adc,ReportWritingForwardingLetterTemplate,20,OrgAreaName,varchar,250,0,0,1,0,0,NULL
adc,ReportWritingForwardingLetterTemplate,21,ShowOrgArea,bit,1,1,0,1,0,0,NULL
adc,ReportWritingForwardingLetterTemplate,22,OrgDistrictId,int,4,10,0,1,0,0,NULL
adc,ReportWritingForwardingLetterTemplate,23,OrgDistrictName,varchar,250,0,0,1,0,0,NULL
adc,ReportWritingForwardingLetterTemplate,24,ShowOrgDistrict,bit,1,1,0,1,0,0,NULL
adc,ReportWritingForwardingLetterTemplate,25,AuditPeriodStartDate,datetime,8,23,3,1,0,0,NULL
adc,ReportWritingForwardingLetterTemplate,26,AuditPeriodEndDate,datetime,8,23,3,1,0,0,NULL
adc,ReportWritingForwardingLetterTemplate,27,ShowAuditPeriod,bit,1,1,0,1,0,0,NULL
adc,ReportWritingForwardingLetterTemplate,28,ShowApplicationName,bit,1,1,0,1,0,0,NULL
adc,ReportWritingForwardingLetterTemplate,29,RptWrtFrdLetterSubject,varchar,-1,0,0,1,0,0,NULL
adc,ReportWritingForwardingLetterTemplate,30,RptWrtFrdLetterBody,varchar,-1,0,0,1,0,0,NULL
adc,ReportWritingForwardingLetterTemplate,31,RptWrtFrdLetterSignatureText,varchar,-1,0,0,1,0,0,NULL
adc,ReportWritingForwardingLetterTemplate,32,RptWrtFrdLetterSignatureImage,varchar,-1,0,0,1,0,0,NULL
adc,ReportWritingForwardingLetterTemplate,33,RptWrtFrdLetterSignature,varchar,-1,0,0,1,0,0,NULL
adc,ReportWritingForwardingLetterTemplate,34,ShowPopulationSample,bit,1,1,0,1,0,0,NULL
adc,ReportWritingForwardingLetterTemplate,35,RptWrtFrdLetterEmailAddressCopy,varchar,-1,0,0,1,0,0,NULL
adc,ReportWritingForwardingLetterTemplate,36,IsActive,bit,1,1,0,0,0,0,NULL
adc,ReportWritingForwardingLetterTemplate,37,CreatedBy,int,4,10,0,1,0,0,NULL
adc,ReportWritingForwardingLetterTemplate,38,CreatedDate,datetime,8,23,3,1,0,0,NULL
adc,ReportWritingForwardingLetterTemplate,39,UpdatedBy,int,4,10,0,1,0,0,NULL
adc,ReportWritingForwardingLetterTemplate,40,UpdatedDate,datetime,8,23,3,1,0,0,NULL
adc,ReportWritingForwardingLetterTemplate,41,IsDeleted,bit,1,1,0,1,0,0,NULL
adc,ReportWritingForwardingLetterTemplate,42,DeletedBy,int,4,10,0,1,0,0,NULL
adc,ReportWritingForwardingLetterTemplate,43,DeletedDate,datetime,8,23,3,1,0,0,NULL
adc,ReportWritingForwardingLetterTemplate,44,DeleteReason,varchar,250,0,0,1,0,0,NULL
adc,ReportWritingForwardingLetterTemplate,45,SubProgrammeId,int,4,10,0,1,0,0,NULL
adc,ReportWritingForwardingLetterTemplate,46,ProgrammeId,int,4,10,0,1,0,0,NULL
adc,ReportWritingForwardingLetterTemplate,47,ProgrammeGroupId,int,4,10,0,1,0,0,NULL
adc,ReportWritingForwardingLetterTemplate,48,ProjectId,int,4,10,0,1,0,0,NULL
adc,ReportWritingForwardingLetterTemplate,49,RiskTypeId,int,4,10,0,1,0,0,NULL
adc,ReportWritingGenerateReport,1,ReportWritingGenerateReportId,int,4,10,0,0,1,0,NULL
adc,ReportWritingGenerateReport,2,AuditScheduleId,int,4,10,0,1,0,0,NULL
adc,ReportWritingGenerateReport,3,AuditConductionId,int,4,10,0,1,0,0,NULL
adc,ReportWritingGenerateReport,4,GeneratedReport,varbinary,-1,0,0,1,0,0,NULL
adc,ReportWritingGenerateReport,5,FileName,nvarchar,500,0,0,1,0,0,NULL
adc,ReportWritingGenerateReport,6,FileType,nvarchar,100,0,0,1,0,0,NULL
adc,ReportWritingGenerateReport,7,Status,int,4,10,0,1,0,0,NULL
adc,ReportWritingGenerateReport,8,IsActive,bit,1,1,0,0,0,0,NULL
adc,ReportWritingGenerateReport,9,CreatedBy,int,4,10,0,1,0,0,NULL
adc,ReportWritingGenerateReport,10,CreatedDate,datetime,8,23,3,1,0,0,NULL
adc,ReportWritingGenerateReport,11,UpdatedBy,int,4,10,0,1,0,0,NULL
adc,ReportWritingGenerateReport,12,UpdatedDate,datetime,8,23,3,1,0,0,NULL
adc,ReportWritingGenerateReport,13,IsDeleted,bit,1,1,0,1,0,0,NULL
adc,ReportWritingGenerateReport,14,DeletedBy,int,4,10,0,1,0,0,NULL
adc,ReportWritingGenerateReport,15,DeletedDate,datetime,8,23,3,1,0,0,NULL
adc,ReportWritingGenerateReport,16,DeleteReason,nvarchar,1000,0,0,1,0,0,NULL
adc,ReportWritingIAD,1,ReportWritingIADId,int,4,10,0,0,1,0,NULL
adc,ReportWritingIAD,2,AuditScheduleId,int,4,10,0,1,0,0,NULL
adc,ReportWritingIAD,3,AuditConductionId,int,4,10,0,1,0,0,NULL
adc,ReportWritingIAD,4,AuditTypeId,int,4,10,0,1,0,0,NULL
adc,ReportWritingIAD,5,ReportTypeId,int,4,10,0,1,0,0,NULL
adc,ReportWritingIAD,6,ReportTypeDescription,varchar,100,0,0,1,0,0,NULL
adc,ReportWritingIAD,7,AuditComplianceTitle,varchar,200,0,0,1,0,0,NULL
adc,ReportWritingIAD,8,ShowAuditComplianceTitle,bit,1,1,0,1,0,0,NULL
adc,ReportWritingIAD,9,ProjectName,nvarchar,240,0,0,1,0,0,NULL
adc,ReportWritingIAD,10,AuditPeriodFrom,date,3,10,0,1,0,0,NULL
adc,ReportWritingIAD,11,AuditPeriodTo,date,3,10,0,1,0,0,NULL
adc,ReportWritingIAD,12,AuditConductionFrom,date,3,10,0,1,0,0,NULL
adc,ReportWritingIAD,13,AuditConductionTo,date,3,10,0,1,0,0,NULL
adc,ReportWritingIAD,14,RiskDate,date,3,10,0,1,0,0,NULL
adc,ReportWritingIAD,15,RiskTypeId,int,4,10,0,1,0,0,NULL
adc,ReportWritingIAD,16,RiskTypeName,varchar,100,0,0,1,0,0,NULL
adc,ReportWritingIAD,17,ShowRiskType,bit,1,1,0,1,0,0,NULL
adc,ReportWritingIAD,18,RiskMonthYear,date,3,10,0,1,0,0,NULL
adc,ReportWritingIAD,19,LastMonitoringMonth,date,3,10,0,1,0,0,NULL
adc,ReportWritingIAD,20,ShowMonitoringMonth,bit,1,1,0,1,0,0,NULL
adc,ReportWritingIAD,21,OrgUpazilaName,varchar,100,0,0,1,0,0,NULL
adc,ReportWritingIAD,22,OrgAreaName,varchar,100,0,0,1,0,0,NULL
adc,ReportWritingIAD,23,OrgDistrictName,varchar,100,0,0,1,0,0,NULL
adc,ReportWritingIAD,24,OrgDivisionName,varchar,100,0,0,1,0,0,NULL
adc,ReportWritingIAD,25,ShowOrgLocation,bit,1,1,0,1,0,0,NULL
adc,ReportWritingIAD,26,BranchManagerPIN,varchar,10,0,0,1,0,0,NULL
adc,ReportWritingIAD,27,BranchManagerName,varchar,150,0,0,1,0,0,NULL
adc,ReportWritingIAD,28,JoiningDateInBranch,date,3,10,0,1,0,0,NULL
adc,ReportWritingIAD,29,BranchManagerDesignation,varchar,150,0,0,1,0,0,NULL
adc,ReportWritingIAD,30,BranchName,varchar,150,0,0,1,0,0,NULL
adc,ReportWritingIAD,31,BranchCode,varchar,10,0,0,1,0,0,NULL
adc,ReportWritingIAD,32,ManagementResponseDate,date,3,10,0,1,0,0,NULL
adc,ReportWritingIAD,33,ShowManagementResponseDate,bit,1,1,0,1,0,0,NULL
adc,ReportWritingIAD,34,PostAuditFollowupDate,date,3,10,0,1,0,0,NULL
adc,ReportWritingIAD,35,ShowPostAuditFollowupDate,bit,1,1,0,1,0,0,NULL
adc,ReportWritingIAD,36,SelfAssessmentDateRange,varchar,100,0,0,1,0,0,NULL
adc,ReportWritingIAD,37,ShowSelfAssessmentDateRange,bit,1,1,0,1,0,0,NULL
adc,ReportWritingIAD,38,DurationBetweenInternalAndPostAudit,int,4,10,0,1,0,0,NULL
adc,ReportWritingIAD,39,ShowDurationBetweenInternalAndPostAudit,bit,1,1,0,1,0,0,NULL
adc,ReportWritingIAD,40,DurationBetweenResponsetoIARandPA,int,4,10,0,1,0,0,NULL
adc,ReportWritingIAD,41,ShowDurationBetweenResponsetoIARandPA,bit,1,1,0,1,0,0,NULL
adc,ReportWritingIAD,42,Others,nvarchar,-1,0,0,1,0,0,NULL
adc,ReportWritingIAD,43,ShowOthers,bit,1,1,0,1,0,0,NULL
adc,ReportWritingIAD,44,IsActive,bit,1,1,0,1,0,0,NULL
adc,ReportWritingIAD,45,CreatedBy,int,4,10,0,1,0,0,NULL
adc,ReportWritingIAD,46,CreatedDate,datetime,8,23,3,1,0,0,NULL
adc,ReportWritingIAD,47,UpdatedBy,int,4,10,0,1,0,0,NULL
adc,ReportWritingIAD,48,UpdatedDate,datetime,8,23,3,1,0,0,NULL
adc,ReportWritingIAD,49,IsDeleted,bit,1,1,0,1,0,0,NULL
adc,ReportWritingIAD,50,DeletedBy,int,4,10,0,1,0,0,NULL
adc,ReportWritingIAD,51,DeletedDate,datetime,8,23,3,1,0,0,NULL
adc,ReportWritingIAD,52,DeleteReason,varchar,250,0,0,1,0,0,NULL
adc,ReportWritingIcqCategory,1,ReportWritingIcqCategoryId,int,4,10,0,0,1,0,NULL
adc,ReportWritingIcqCategory,2,CategoryCode,nvarchar,30,0,0,1,0,0,NULL
adc,ReportWritingIcqCategory,3,CategoryName,nvarchar,100,0,0,1,0,0,NULL
adc,ReportWritingIcqCategory,4,IsActive,bit,1,1,0,1,0,0,NULL
adc,ReportWritingIcqCategory,5,CreatedBy,int,4,10,0,1,0,0,NULL
adc,ReportWritingIcqCategory,6,CreatedDate,datetime,8,23,3,1,0,0,NULL
adc,ReportWritingIcqCategory,7,UpdatedBy,int,4,10,0,1,0,0,NULL
adc,ReportWritingIcqCategory,8,UpdatedDate,datetime,8,23,3,1,0,0,NULL
adc,ReportWritingIcqCategory,9,IsDeleted,bit,1,1,0,1,0,0,NULL
adc,ReportWritingIcqCategory,10,DeletedBy,int,4,10,0,1,0,0,NULL
adc,ReportWritingIcqCategory,11,DeletedDate,datetime,8,23,3,1,0,0,NULL
adc,ReportWritingIcqCategory,12,DeleteReason,nchar,20,0,0,1,0,0,NULL
adc,ReportWritingIcqParticular,1,ReportWritingIcqParticularId,int,4,10,0,0,1,0,NULL
adc,ReportWritingIcqParticular,2,ProjectId,int,4,10,0,1,0,0,NULL
adc,ReportWritingIcqParticular,3,ReportWritingIcqCategoryId,int,4,10,0,1,0,0,NULL
adc,ReportWritingIcqParticular,4,Particulars,nvarchar,-1,0,0,1,0,0,NULL
adc,ReportWritingIcqParticular,5,IsActive,bit,1,1,0,1,0,0,NULL
adc,ReportWritingIcqParticular,6,CreatedBy,int,4,10,0,1,0,0,NULL
adc,ReportWritingIcqParticular,7,CreatedDate,datetime,8,23,3,1,0,0,NULL
adc,ReportWritingIcqParticular,8,UpdatedBy,int,4,10,0,1,0,0,NULL
adc,ReportWritingIcqParticular,9,UpdatedDate,datetime,8,23,3,1,0,0,NULL
adc,ReportWritingIcqParticular,10,IsDeleted,bit,1,1,0,1,0,0,NULL
adc,ReportWritingIcqParticular,11,DeletedBy,int,4,10,0,1,0,0,NULL
adc,ReportWritingIcqParticular,12,DeletedDate,datetime,8,23,3,1,0,0,NULL
adc,ReportWritingIcqParticular,13,DeleteReason,nchar,20,0,0,1,0,0,NULL
adc,ReportWritingMisInformation,1,RptWrtMisInfoId,bigint,8,19,0,0,1,0,NULL
adc,ReportWritingMisInformation,2,AuditScheduleId,int,4,10,0,0,0,0,NULL
adc,ReportWritingMisInformation,3,AuditConductionId,int,4,10,0,0,0,0,NULL
adc,ReportWritingMisInformation,4,HeaderText,varchar,-1,0,0,1,0,0,NULL
adc,ReportWritingMisInformation,5,DetailText,varchar,-1,0,0,1,0,0,NULL
adc,ReportWritingMisInformation,6,IsActive,bit,1,1,0,0,0,0,((1))
adc,ReportWritingMisInformation,7,CreatedBy,int,4,10,0,1,0,0,NULL
adc,ReportWritingMisInformation,8,CreatedDate,datetime,8,23,3,1,0,0,(getdate())
adc,ReportWritingMisInformation,9,UpdatedBy,int,4,10,0,1,0,0,NULL
adc,ReportWritingMisInformation,10,UpdatedDate,datetime,8,23,3,1,0,0,NULL
adc,ReportWritingMisInformation,11,IsDeleted,bit,1,1,0,1,0,0,NULL
adc,ReportWritingMisInformation,12,DeletedBy,int,4,10,0,1,0,0,NULL
adc,ReportWritingMisInformation,13,DeletedDate,datetime,8,23,3,1,0,0,NULL
adc,ReportWritingMisInformation,14,DeleteReason,nvarchar,1000,0,0,1,0,0,NULL
adc,ReportWritingMisSection,1,MisSectionId,int,4,10,0,0,1,0,NULL
adc,ReportWritingMisSection,2,AuditScheduleId,int,4,10,0,1,0,0,NULL
adc,ReportWritingMisSection,3,AuditConductionId,int,4,10,0,1,0,0,NULL
adc,ReportWritingMisSection,4,ReportTypeId,int,4,10,0,1,0,0,NULL
adc,ReportWritingMisSection,5,MisSectionName,nvarchar,500,0,0,0,0,0,NULL
adc,ReportWritingMisSection,6,MisSectionKey,nvarchar,500,0,0,1,0,0,NULL
adc,ReportWritingMisSection,7,SectionDescription,nvarchar,-1,0,0,1,0,0,NULL
adc,ReportWritingMisSection,8,ShowSection,bit,1,1,0,1,0,0,NULL
adc,ReportWritingMisSection,9,SectionIndex,int,4,10,0,1,0,0,NULL
adc,ReportWritingMisSection,10,IsActive,bit,1,1,0,1,0,0,NULL
adc,ReportWritingMisSection,11,CreatedBy,int,4,10,0,1,0,0,NULL
adc,ReportWritingMisSection,12,CreatedDate,datetime,8,23,3,1,0,0,NULL
adc,ReportWritingMisSection,13,UpdatedBy,int,4,10,0,1,0,0,NULL
adc,ReportWritingMisSection,14,UpdatedDate,datetime,8,23,3,1,0,0,NULL
adc,ReportWritingMisSection,15,IsDeleted,bit,1,1,0,1,0,0,NULL
adc,ReportWritingMisSection,16,DeletedBy,int,4,10,0,1,0,0,NULL
adc,ReportWritingMisSection,17,DeletedDate,datetime,8,23,3,1,0,0,NULL
adc,ReportWritingMisSection,18,DeleteReason,varchar,250,0,0,1,0,0,NULL
adc,ReportWritingMisSectionDetail,1,MisSectionDetailId,int,4,10,0,0,1,0,NULL
adc,ReportWritingMisSectionDetail,2,AuditScheduleId,int,4,10,0,0,0,0,NULL
adc,ReportWritingMisSectionDetail,3,AuditConductionId,int,4,10,0,0,0,0,NULL
adc,ReportWritingMisSectionDetail,4,MisSectionId,int,4,10,0,1,0,0,NULL
adc,ReportWritingMisSectionDetail,5,ReportTypeId,int,4,10,0,1,0,0,NULL
adc,ReportWritingMisSectionDetail,6,SectionDetailHeader,varchar,-1,0,0,1,0,0,NULL
adc,ReportWritingMisSectionDetail,7,SectionDetail,varchar,-1,0,0,1,0,0,NULL
adc,ReportWritingMisSectionDetail,8,ShowSectionDetail,bit,1,1,0,1,0,0,NULL
adc,ReportWritingMisSectionDetail,9,SectionDetailIndex,int,4,10,0,1,0,0,NULL
adc,ReportWritingMisSectionDetail,10,IsActive,bit,1,1,0,0,0,0,NULL
adc,ReportWritingMisSectionDetail,11,CreatedBy,int,4,10,0,1,0,0,NULL
adc,ReportWritingMisSectionDetail,12,CreatedDate,datetime,8,23,3,1,0,0,NULL
adc,ReportWritingMisSectionDetail,13,UpdatedBy,int,4,10,0,1,0,0,NULL
adc,ReportWritingMisSectionDetail,14,UpdatedDate,datetime,8,23,3,1,0,0,NULL
adc,ReportWritingMisSectionDetail,15,IsDeleted,bit,1,1,0,1,0,0,NULL
adc,ReportWritingMisSectionDetail,16,DeletedBy,int,4,10,0,1,0,0,NULL
adc,ReportWritingMisSectionDetail,17,DeletedDate,datetime,8,23,3,1,0,0,NULL
adc,ReportWritingMisSectionDetail,18,DeleteReason,varchar,250,0,0,1,0,0,NULL
adc,ReportWritingPageIndex,1,PageIndexId,int,4,10,0,0,1,0,NULL
adc,ReportWritingPageIndex,2,AuditTypeId,int,4,10,0,1,0,0,NULL
adc,ReportWritingPageIndex,3,ReportTypeId,int,4,10,0,1,0,0,NULL
adc,ReportWritingPageIndex,4,ScheduleTypeId,int,4,10,0,1,0,0,NULL
adc,ReportWritingPageIndex,5,PageIndexParentId,int,4,10,0,1,0,0,NULL
adc,ReportWritingPageIndex,6,DisplaySlNo,varchar,20,0,0,1,0,0,NULL
adc,ReportWritingPageIndex,7,AuditConductionId,int,4,10,0,1,0,0,NULL
adc,ReportWritingPageIndex,8,AuditScheduleId,int,4,10,0,1,0,0,NULL
adc,ReportWritingPageIndex,9,Title,nvarchar,2000,0,0,1,0,0,NULL
adc,ReportWritingPageIndex,10,SortDescription,nvarchar,4000,0,0,1,0,0,NULL
adc,ReportWritingPageIndex,11,Amount,int,4,10,0,1,0,0,NULL
adc,ReportWritingPageIndex,12,Grade,nvarchar,100,0,0,1,0,0,NULL
adc,ReportWritingPageIndex,13,PageNoFrom,int,4,10,0,1,0,0,NULL
adc,ReportWritingPageIndex,14,PageNoTo,int,4,10,0,1,0,0,NULL
adc,ReportWritingPageIndex,15,CssStyle,varchar,500,0,0,1,0,0,NULL
adc,ReportWritingPageIndex,16,DisplayOrder,int,4,10,0,1,0,0,NULL
adc,ReportWritingPageIndex,17,IsActive,bit,1,1,0,0,0,0,NULL
adc,ReportWritingPageIndex,18,CreatedBy,int,4,10,0,1,0,0,NULL
adc,ReportWritingPageIndex,19,CreatedDate,datetime,8,23,3,1,0,0,NULL
adc,ReportWritingPageIndex,20,UpdatedBy,int,4,10,0,1,0,0,NULL
adc,ReportWritingPageIndex,21,UpdatedDate,datetime,8,23,3,1,0,0,NULL
adc,ReportWritingPageIndex,22,IsDeleted,bit,1,1,0,1,0,0,NULL
adc,ReportWritingPageIndex,23,DeletedBy,int,4,10,0,1,0,0,NULL
adc,ReportWritingPageIndex,24,DeletedDate,datetime,8,23,3,1,0,0,NULL
adc,ReportWritingPageIndex,25,DeleteReason,nvarchar,1000,0,0,1,0,0,NULL
adc,ReportWritingPageIndexSection,1,TemplateSectionId,int,4,10,0,0,0,0,NULL
adc,ReportWritingPageIndexSection,2,TemplateSectionName,nvarchar,500,0,0,0,0,0,NULL
adc,ReportWritingPageIndexSection,3,DisplayOrder,int,4,10,0,1,0,0,NULL
adc,ReportWritingPageIndexSection,4,IsActive,bit,1,1,0,1,0,0,NULL
adc,ReportWritingPageIndexSection,5,CreatedBy,int,4,10,0,1,0,0,NULL
adc,ReportWritingPageIndexSection,6,CreatedDate,datetime,8,23,3,1,0,0,NULL
adc,ReportWritingPageIndexSection,7,UpdatedBy,int,4,10,0,1,0,0,NULL
adc,ReportWritingPageIndexSection,8,UpdatedDate,datetime,8,23,3,1,0,0,NULL
adc,ReportWritingPageIndexSection,9,IsDeleted,bit,1,1,0,1,0,0,NULL
adc,ReportWritingPageIndexSection,10,DeletedBy,int,4,10,0,1,0,0,NULL
adc,ReportWritingPageIndexSection,11,DeletedDate,datetime,8,23,3,1,0,0,NULL
adc,ReportWritingPageIndexSection,12,DeleteReason,nvarchar,1000,0,0,1,0,0,NULL
adc,ReportWritingPageIndexTemplate,1,PageIndexId,int,4,10,0,0,1,0,NULL
adc,ReportWritingPageIndexTemplate,2,PageIndexParentId,int,4,10,0,1,0,0,NULL
adc,ReportWritingPageIndexTemplate,3,TemplateSectionId,int,4,10,0,1,0,0,NULL
adc,ReportWritingPageIndexTemplate,4,SerialNo,varchar,20,0,0,1,0,0,NULL
adc,ReportWritingPageIndexTemplate,5,AuditConductionId,int,4,10,0,1,0,0,NULL
adc,ReportWritingPageIndexTemplate,6,AuditScheduleId,int,4,10,0,1,0,0,NULL
adc,ReportWritingPageIndexTemplate,7,Title,nvarchar,1000,0,0,1,0,0,NULL
adc,ReportWritingPageIndexTemplate,8,Description,nvarchar,2000,0,0,1,0,0,NULL
adc,ReportWritingPageIndexTemplate,9,Amount,int,4,10,0,1,0,0,NULL
adc,ReportWritingPageIndexTemplate,10,Grade,nvarchar,100,0,0,1,0,0,NULL
adc,ReportWritingPageIndexTemplate,11,PageNoFrom,int,4,10,0,1,0,0,NULL
adc,ReportWritingPageIndexTemplate,12,PageNoTo,int,4,10,0,1,0,0,NULL
adc,ReportWritingPageIndexTemplate,13,CssStyle,varchar,500,0,0,1,0,0,NULL
adc,ReportWritingPageIndexTemplate,14,DisplayOrder,int,4,10,0,1,0,0,NULL
adc,ReportWritingPageIndexTemplate,15,IsActive,bit,1,1,0,0,0,0,NULL
adc,ReportWritingPageIndexTemplate,16,CreatedBy,int,4,10,0,1,0,0,NULL
adc,ReportWritingPageIndexTemplate,17,CreatedDate,datetime,8,23,3,1,0,0,NULL
adc,ReportWritingPageIndexTemplate,18,UpdatedBy,int,4,10,0,1,0,0,NULL
adc,ReportWritingPageIndexTemplate,19,UpdatedDate,datetime,8,23,3,1,0,0,NULL
adc,ReportWritingPageIndexTemplate,20,IsDeleted,bit,1,1,0,1,0,0,NULL
adc,ReportWritingPageIndexTemplate,21,DeletedBy,int,4,10,0,1,0,0,NULL
adc,ReportWritingPageIndexTemplate,22,DeletedDate,datetime,8,23,3,1,0,0,NULL
adc,ReportWritingPageIndexTemplate,23,DeleteReason,nvarchar,1000,0,0,1,0,0,NULL
adc,ReportWritingPermSetting,1,ReportWritingPermSettingId,int,4,10,0,0,1,0,NULL
adc,ReportWritingPermSetting,2,CountryId,int,4,10,0,1,0,0,NULL
adc,ReportWritingPermSetting,3,ProgrammeGroupId,int,4,10,0,1,0,0,NULL
adc,ReportWritingPermSetting,4,AuditTypeId,int,4,10,0,1,0,0,NULL
adc,ReportWritingPermSetting,5,ReportTypeId,int,4,10,0,1,0,0,NULL
adc,ReportWritingPermSetting,6,ShowInternalCompliance,bit,1,1,0,1,0,0,NULL
adc,ReportWritingPermSetting,7,ShowExternalCompliance,bit,1,1,0,1,0,0,NULL
adc,ReportWritingPermSetting,8,ShowICQCompliance,bit,1,1,0,1,0,0,NULL
adc,ReportWritingPermSetting,9,ShowReportingCategory,bit,1,1,0,1,0,0,NULL
adc,ReportWritingPermSetting,10,ShowPRIndex,bit,1,1,0,1,0,0,NULL
adc,ReportWritingPermSetting,11,ShowObservationActionPlan,bit,1,1,0,1,0,0,NULL
adc,ReportWritingPermSetting,12,ShowMAPC,bit,1,1,0,1,0,0,NULL
adc,ReportWritingPermSetting,13,IsActive,bit,1,1,0,0,0,0,NULL
adc,ReportWritingPermSetting,14,CreatedBy,int,4,10,0,1,0,0,NULL
adc,ReportWritingPermSetting,15,CreatedDate,datetime,8,23,3,1,0,0,NULL
adc,ReportWritingPermSetting,16,UpdatedBy,int,4,10,0,1,0,0,NULL
adc,ReportWritingPermSetting,17,UpdatedDate,datetime,8,23,3,1,0,0,NULL
adc,ReportWritingPermSetting,18,IsDeleted,bit,1,1,0,1,0,0,NULL
adc,ReportWritingPermSetting,19,DeletedBy,int,4,10,0,1,0,0,NULL
adc,ReportWritingPermSetting,20,DeletedDate,datetime,8,23,3,1,0,0,NULL
adc,ReportWritingPermSetting,21,DeleteReason,nvarchar,1000,0,0,1,0,0,NULL
adc,ReportWritingPermSettingAuditType,1,ReportWritingPermSettingAuditTypeId,int,4,10,0,0,1,0,NULL
adc,ReportWritingPermSettingAuditType,2,ReportWritingPermSettingId,int,4,10,0,1,0,0,NULL
adc,ReportWritingPermSettingAuditType,3,AuditTypeId,int,4,10,0,1,0,0,NULL
adc,ReportWritingPermSettingAuditType,4,IsActive,bit,1,1,0,0,0,0,NULL
adc,ReportWritingPermSettingAuditType,5,CreatedBy,int,4,10,0,1,0,0,NULL
adc,ReportWritingPermSettingAuditType,6,CreatedDate,datetime,8,23,3,1,0,0,NULL
adc,ReportWritingPermSettingAuditType,7,UpdatedBy,int,4,10,0,1,0,0,NULL
adc,ReportWritingPermSettingAuditType,8,UpdatedDate,datetime,8,23,3,1,0,0,NULL
adc,ReportWritingPermSettingAuditType,9,IsDeleted,bit,1,1,0,1,0,0,NULL
adc,ReportWritingPermSettingAuditType,10,DeletedBy,int,4,10,0,1,0,0,NULL
adc,ReportWritingPermSettingAuditType,11,DeletedDate,datetime,8,23,3,1,0,0,NULL
adc,ReportWritingPermSettingAuditType,12,DeleteReason,nvarchar,1000,0,0,1,0,0,NULL
adc,ReportWritingPermSettingProgrammeGroup,1,ReportWritingPermSettingProgrammeGroupId,int,4,10,0,0,1,0,NULL
adc,ReportWritingPermSettingProgrammeGroup,2,ReportWritingPermSettingId,int,4,10,0,1,0,0,NULL
adc,ReportWritingPermSettingProgrammeGroup,3,ProgrammeGroupId,int,4,10,0,1,0,0,NULL
adc,ReportWritingPermSettingProgrammeGroup,4,IsActive,bit,1,1,0,0,0,0,NULL
adc,ReportWritingPermSettingProgrammeGroup,5,CreatedBy,int,4,10,0,1,0,0,NULL
adc,ReportWritingPermSettingProgrammeGroup,6,CreatedDate,datetime,8,23,3,1,0,0,NULL
adc,ReportWritingPermSettingProgrammeGroup,7,UpdatedBy,int,4,10,0,1,0,0,NULL
adc,ReportWritingPermSettingProgrammeGroup,8,UpdatedDate,datetime,8,23,3,1,0,0,NULL
adc,ReportWritingPermSettingProgrammeGroup,9,IsDeleted,bit,1,1,0,1,0,0,NULL
adc,ReportWritingPermSettingProgrammeGroup,10,DeletedBy,int,4,10,0,1,0,0,NULL
adc,ReportWritingPermSettingProgrammeGroup,11,DeletedDate,datetime,8,23,3,1,0,0,NULL
adc,ReportWritingPermSettingProgrammeGroup,12,DeleteReason,nvarchar,1000,0,0,1,0,0,NULL
adc,ReportWritingPermSettingReportType,1,ReportWritingPermSettingReportTypeId,int,4,10,0,0,1,0,NULL
adc,ReportWritingPermSettingReportType,2,ReportWritingPermSettingId,int,4,10,0,1,0,0,NULL
adc,ReportWritingPermSettingReportType,3,ReportTypeId,int,4,10,0,1,0,0,NULL
adc,ReportWritingPermSettingReportType,4,IsActive,bit,1,1,0,0,0,0,NULL
adc,ReportWritingPermSettingReportType,5,CreatedBy,int,4,10,0,1,0,0,NULL
adc,ReportWritingPermSettingReportType,6,CreatedDate,datetime,8,23,3,1,0,0,NULL
adc,ReportWritingPermSettingReportType,7,UpdatedBy,int,4,10,0,1,0,0,NULL
adc,ReportWritingPermSettingReportType,8,UpdatedDate,datetime,8,23,3,1,0,0,NULL
adc,ReportWritingPermSettingReportType,9,IsDeleted,bit,1,1,0,1,0,0,NULL
adc,ReportWritingPermSettingReportType,10,DeletedBy,int,4,10,0,1,0,0,NULL
adc,ReportWritingPermSettingReportType,11,DeletedDate,datetime,8,23,3,1,0,0,NULL
adc,ReportWritingPermSettingReportType,12,DeleteReason,nvarchar,1000,0,0,1,0,0,NULL
adc,ReportWritingReport,1,ReportWritingReportId,int,4,10,0,0,1,0,NULL
adc,ReportWritingReport,2,AuditConductionId,int,4,10,0,0,0,0,NULL
adc,ReportWritingReport,3,AuditScheduleId,int,4,10,0,0,0,0,NULL
adc,ReportWritingReport,4,ZoneId,int,4,10,0,0,0,0,NULL
adc,ReportWritingReport,5,BranchId,int,4,10,0,0,0,0,NULL
adc,ReportWritingReport,6,ProjectId,int,4,10,0,0,0,0,NULL
adc,ReportWritingReport,7,ProgrammeId,int,4,10,0,0,0,0,NULL
adc,ReportWritingReport,8,ProgrammeGroupId,int,4,10,0,0,0,0,NULL
adc,ReportWritingReport,9,AuditTypeId,int,4,10,0,0,0,0,NULL
adc,ReportWritingReport,10,ReportTypeId,int,4,10,0,0,0,0,NULL
adc,ReportWritingReport,11,RiskTypeId,int,4,10,0,1,0,0,NULL
adc,ReportWritingReport,12,OrgDivisionId,int,4,10,0,0,0,0,NULL
adc,ReportWritingReport,13,OrgDistrictId,int,4,10,0,0,0,0,NULL
adc,ReportWritingReport,14,OrgUpazilaId,int,4,10,0,0,0,0,NULL
adc,ReportWritingReport,15,OrgAreaId,int,4,10,0,0,0,0,NULL
adc,ReportWritingReport,16,ReportWritingStatusId,int,4,10,0,1,0,0,NULL
adc,ReportWritingReport,17,CurrentVersion,varchar,10,0,0,1,0,0,NULL
adc,ReportWritingReport,18,CurrentVersionNumber,int,4,10,0,1,0,0,NULL
adc,ReportWritingReport,19,WorkflowProcessDetailId,int,4,10,0,1,0,0,NULL
adc,ReportWritingReport,20,ExpectedActionPlanCollectedStartDate,date,3,10,0,1,0,0,NULL
adc,ReportWritingReport,21,ActualExpectedActionPlanCollectedStartDate,date,3,10,0,1,0,0,NULL
adc,ReportWritingReport,22,ExpectedActionPlanReplyDate,date,3,10,0,1,0,0,NULL
adc,ReportWritingReport,23,ActualExpectedActionPlanReplyDate,date,3,10,0,1,0,0,NULL
adc,ReportWritingReport,24,ExpectedDispatchDate,date,3,10,0,1,0,0,NULL
adc,ReportWritingReport,25,ActualExpectedDispatchDate,date,3,10,0,1,0,0,NULL
adc,ReportWritingReport,26,IsDispatchCompleted,bit,1,1,0,1,0,0,((0))
adc,ReportWritingReport,27,DispatchCompletedDate,date,3,10,0,1,0,0,NULL
adc,ReportWritingReport,28,HasObservation,bit,1,1,0,1,0,0,NULL
adc,ReportWritingReport,29,IsActive,bit,1,1,0,0,0,0,NULL
adc,ReportWritingReport,30,CreatedBy,int,4,10,0,1,0,0,NULL
adc,ReportWritingReport,31,CreatedDate,datetime,8,23,3,1,0,0,NULL
adc,ReportWritingReport,32,UpdatedBy,int,4,10,0,1,0,0,NULL
adc,ReportWritingReport,33,UpdatedDate,datetime,8,23,3,1,0,0,NULL
adc,ReportWritingReport,34,IsDeleted,bit,1,1,0,1,0,0,NULL
adc,ReportWritingReport,35,DeletedBy,int,4,10,0,1,0,0,NULL
adc,ReportWritingReport,36,DeletedDate,datetime,8,23,3,1,0,0,NULL
adc,ReportWritingReport,37,DeleteReason,varchar,500,0,0,1,0,0,NULL
adc,ReportWritingReport,38,IsApprovalInProgress,bit,1,1,0,1,0,0,NULL
adc,ReportWritingReport,39,ReportWritingReportNotificationId,int,4,10,0,1,0,0,NULL
adc,ReportWritingReport,40,ReportWritingActionPlanStatusId,int,4,10,0,1,0,0,NULL
adc,ReportWritingReport,41,AssigneeDate,datetime,8,23,3,1,0,0,NULL
adc,ReportWritingReport,42,IsSpecialReport,bit,1,1,0,1,0,0,NULL
adc,ReportWritingReport,43,ZoneManagerPIN,nvarchar,300,0,0,1,0,0,NULL
adc,ReportWritingReport,44,AuditorsPIN,nvarchar,300,0,0,1,0,0,NULL
adc,ReportWritingReport,45,AuditorsName,nvarchar,-1,0,0,1,0,0,NULL
adc,ReportWritingReport,46,ReportWritingReportDocCount,int,4,10,0,1,0,0,NULL
adc,ReportWritingReport,47,AuditChangeRequestTypeId,int,4,10,0,1,0,0,NULL
adc,ReportWritingReport,48,AuditChangeRequestStatusId,int,4,10,0,1,0,0,NULL
adc,ReportWritingReport,49,RequestedBy,int,4,10,0,1,0,0,NULL
adc,ReportWritingReport,50,RequestedDate,datetime,8,23,3,1,0,0,NULL
adc,ReportWritingReport,51,RequesterName,varchar,250,0,0,1,0,0,NULL
adc,ReportWritingReport,52,AcceptedRejectedBy,int,4,10,0,1,0,0,NULL
adc,ReportWritingReport,53,AcceptedRejectedDate,datetime,8,23,3,1,0,0,NULL
adc,ReportWritingReport,54,AcceptedRejectedName,varchar,250,0,0,1,0,0,NULL
adc,ReportWritingReport,55,AuditChangeRequestId,int,4,10,0,1,0,0,NULL
adc,ReportWritingReport,56,RequestedAssigneeWPDId,int,4,10,0,1,0,0,NULL
adc,ReportWritingReport,57,RequestedAssignee,varchar,250,0,0,1,0,0,NULL
adc,ReportWritingReport,58,AlternateRequestedAssigneeWPDId,int,4,10,0,1,0,0,NULL
adc,ReportWritingReport,59,AlternateRequestedAssignee,varchar,250,0,0,1,0,0,NULL
adc,ReportWritingReport,60,PreviousReportAssigneePIN,varchar,250,0,0,1,0,0,NULL
adc,ReportWritingReport,61,PreviousReportAssigneeName,varchar,250,0,0,1,0,0,NULL
adc,ReportWritingReport,62,ReportChangedAssigneePIN,varchar,250,0,0,1,0,0,NULL
adc,ReportWritingReport,63,ReportChangedAssigneeName,varchar,250,0,0,1,0,0,NULL
adc,ReportWritingReport,64,ReportChangedAssigneeDate,datetime,8,23,3,1,0,0,NULL
adc,ReportWritingReportCategory,1,ReportWritingReportCategoryId,int,4,10,0,0,1,0,NULL
adc,ReportWritingReportCategory,2,SeriousnessFindings,nvarchar,100,0,0,1,0,0,NULL
adc,ReportWritingReportCategory,3,Grade,nchar,20,0,0,1,0,0,NULL
adc,ReportWritingReportCategory,4,ColorCode,nvarchar,20,0,0,1,0,0,NULL
adc,ReportWritingReportCategory,5,Description,nvarchar,-1,0,0,1,0,0,NULL
adc,ReportWritingReportCategory,6,IsActive,bit,1,1,0,1,0,0,NULL
adc,ReportWritingReportCategory,7,CreatedBy,int,4,10,0,1,0,0,NULL
adc,ReportWritingReportCategory,8,CreatedDate,datetime,8,23,3,1,0,0,NULL
adc,ReportWritingReportCategory,9,UpdatedBy,int,4,10,0,1,0,0,NULL
adc,ReportWritingReportCategory,10,UpdatedDate,datetime,8,23,3,1,0,0,NULL
adc,ReportWritingReportCategory,11,IsDeleted,bit,1,1,0,1,0,0,NULL
adc,ReportWritingReportCategory,12,DeletedBy,int,4,10,0,1,0,0,NULL
adc,ReportWritingReportCategory,13,DeletedDate,datetime,8,23,3,1,0,0,NULL
adc,ReportWritingReportCategory,14,DeleteReason,nchar,20,0,0,1,0,0,NULL
adc,ReportWritingReportDoc,1,ReportWritingReportDocId,int,4,10,0,0,1,0,NULL
adc,ReportWritingReportDoc,2,ReportWritingReportDocName,nvarchar,500,0,0,1,0,0,NULL
adc,ReportWritingReportDoc,3,ReportWritingReportId,int,4,10,0,0,0,0,NULL
adc,ReportWritingReportDoc,4,ContentType,nvarchar,510,0,0,1,0,0,NULL
adc,ReportWritingReportDoc,5,FileExtension,nvarchar,100,0,0,1,0,0,NULL
adc,ReportWritingReportDoc,6,FileSizeMb,decimal,9,18,2,1,0,0,NULL
adc,ReportWritingReportDoc,7,SourcePath,nvarchar,510,0,0,1,0,0,NULL
adc,ReportWritingReportDoc,8,SourceFile,varbinary,-1,0,0,1,0,0,NULL
adc,ReportWritingReportDoc,9,FileName,nvarchar,510,0,0,1,0,0,NULL
adc,ReportWritingReportDoc,10,FileStorageHistoryId,int,4,10,0,1,0,0,NULL
adc,ReportWritingReportDoc,11,FileStorageTypeId,int,4,10,0,1,0,0,NULL
adc,ReportWritingReportDoc,12,IsActive,bit,1,1,0,1,0,0,NULL
adc,ReportWritingReportDoc,13,CreatedBy,int,4,10,0,1,0,0,NULL
adc,ReportWritingReportDoc,14,CreatedDate,datetime,8,23,3,1,0,0,NULL
adc,ReportWritingReportDoc,15,UpdatedBy,int,4,10,0,1,0,0,NULL
adc,ReportWritingReportDoc,16,UpdatedDate,datetime,8,23,3,1,0,0,NULL
adc,ReportWritingReportDoc,17,IsDeleted,bit,1,1,0,1,0,0,NULL
adc,ReportWritingReportDoc,18,DeletedBy,int,4,10,0,1,0,0,NULL
adc,ReportWritingReportDoc,19,DeletedDate,datetime,8,23,3,1,0,0,NULL
adc,ReportWritingReportDoc,20,DeleteReason,nchar,20,0,0,1,0,0,NULL
adc,ReportWritingReportGenerateDoc,1,ReportWritingReportGenerateDocId,int,4,10,0,0,1,0,NULL
adc,ReportWritingReportGenerateDoc,2,ReportWritingReportGenerateDocName,nvarchar,500,0,0,1,0,0,NULL
adc,ReportWritingReportGenerateDoc,3,AuditConductionId,int,4,10,0,0,0,0,NULL
adc,ReportWritingReportGenerateDoc,4,AuditScheduleId,int,4,10,0,0,0,0,NULL
adc,ReportWritingReportGenerateDoc,5,ReportWritingReportId,int,4,10,0,0,0,0,NULL
adc,ReportWritingReportGenerateDoc,6,ReportTypeId,int,4,10,0,0,0,0,NULL
adc,ReportWritingReportGenerateDoc,7,ReportWritingStatusId,int,4,10,0,0,0,0,NULL
adc,ReportWritingReportGenerateDoc,8,ContentType,nvarchar,510,0,0,1,0,0,NULL
adc,ReportWritingReportGenerateDoc,9,FileExtension,nvarchar,100,0,0,1,0,0,NULL
adc,ReportWritingReportGenerateDoc,10,FileSizeMb,decimal,9,18,2,1,0,0,NULL
adc,ReportWritingReportGenerateDoc,11,SourcePath,nvarchar,510,0,0,1,0,0,NULL
adc,ReportWritingReportGenerateDoc,12,SourceFile,varbinary,-1,0,0,1,0,0,NULL
adc,ReportWritingReportGenerateDoc,13,FileName,nvarchar,510,0,0,1,0,0,NULL
adc,ReportWritingReportGenerateDoc,14,FileStorageHistoryId,int,4,10,0,1,0,0,NULL
adc,ReportWritingReportGenerateDoc,15,FileStorageTypeId,int,4,10,0,1,0,0,NULL
adc,ReportWritingReportGenerateDoc,16,IsActive,bit,1,1,0,1,0,0,NULL
adc,ReportWritingReportGenerateDoc,17,CreatedBy,int,4,10,0,1,0,0,NULL
adc,ReportWritingReportGenerateDoc,18,CreatedDate,datetime,8,23,3,1,0,0,NULL
adc,ReportWritingReportGenerateDoc,19,UpdatedBy,int,4,10,0,1,0,0,NULL
adc,ReportWritingReportGenerateDoc,20,UpdatedDate,datetime,8,23,3,1,0,0,NULL
adc,ReportWritingReportGenerateDoc,21,IsDeleted,bit,1,1,0,1,0,0,NULL
adc,ReportWritingReportGenerateDoc,22,DeletedBy,int,4,10,0,1,0,0,NULL
adc,ReportWritingReportGenerateDoc,23,DeletedDate,datetime,8,23,3,1,0,0,NULL
adc,ReportWritingReportGenerateDoc,24,DeleteReason,nchar,20,0,0,1,0,0,NULL
adc,ReportWritingReportHistory,1,ReportWritingReportHistoryId,int,4,10,0,0,1,0,NULL
adc,ReportWritingReportHistory,2,ReportWritingReportId,int,4,10,0,0,0,0,NULL
adc,ReportWritingReportHistory,3,AuditConductionId,int,4,10,0,0,0,0,NULL
adc,ReportWritingReportHistory,4,AuditScheduleId,int,4,10,0,0,0,0,NULL
adc,ReportWritingReportHistory,5,ZoneId,int,4,10,0,0,0,0,NULL
adc,ReportWritingReportHistory,6,BranchId,int,4,10,0,0,0,0,NULL
adc,ReportWritingReportHistory,7,ProjectId,int,4,10,0,0,0,0,NULL
adc,ReportWritingReportHistory,8,ProgrammeId,int,4,10,0,0,0,0,NULL
adc,ReportWritingReportHistory,9,ProgrammeGroupId,int,4,10,0,0,0,0,NULL
adc,ReportWritingReportHistory,10,AuditTypeId,int,4,10,0,0,0,0,NULL
adc,ReportWritingReportHistory,11,ReportTypeId,int,4,10,0,0,0,0,NULL
adc,ReportWritingReportHistory,12,RiskTypeId,int,4,10,0,1,0,0,NULL
adc,ReportWritingReportHistory,13,OrgDivisionId,int,4,10,0,0,0,0,NULL
adc,ReportWritingReportHistory,14,OrgDistrictId,int,4,10,0,0,0,0,NULL
adc,ReportWritingReportHistory,15,OrgUpazilaId,int,4,10,0,0,0,0,NULL
adc,ReportWritingReportHistory,16,OrgAreaId,int,4,10,0,0,0,0,NULL
adc,ReportWritingReportHistory,17,ReportWritingStatusId,int,4,10,0,1,0,0,NULL
adc,ReportWritingReportHistory,18,CurrentVersion,varchar,10,0,0,1,0,0,NULL
adc,ReportWritingReportHistory,19,CurrentVersionNumber,int,4,10,0,1,0,0,NULL
adc,ReportWritingReportHistory,20,WorkflowProcessDetailId,int,4,10,0,1,0,0,NULL
adc,ReportWritingReportHistory,21,ExpectedActionPlanCollectedStartDate,date,3,10,0,1,0,0,NULL
adc,ReportWritingReportHistory,22,ActualExpectedActionPlanCollectedStartDate,date,3,10,0,1,0,0,NULL
adc,ReportWritingReportHistory,23,ExpectedActionPlanReplyDate,date,3,10,0,1,0,0,NULL
adc,ReportWritingReportHistory,24,ActualExpectedActionPlanReplyDate,date,3,10,0,1,0,0,NULL
adc,ReportWritingReportHistory,25,ExpectedDispatchDate,date,3,10,0,1,0,0,NULL
adc,ReportWritingReportHistory,26,ActualExpectedDispatchDate,date,3,10,0,1,0,0,NULL
adc,ReportWritingReportHistory,27,IsDispatchCompleted,bit,1,1,0,1,0,0,((0))
adc,ReportWritingReportHistory,28,DispatchCompletedDate,date,3,10,0,1,0,0,NULL
adc,ReportWritingReportHistory,29,HasObservation,bit,1,1,0,1,0,0,NULL
adc,ReportWritingReportHistory,30,IsActive,bit,1,1,0,0,0,0,NULL
adc,ReportWritingReportHistory,31,CreatedBy,int,4,10,0,1,0,0,NULL
adc,ReportWritingReportHistory,32,CreatedDate,datetime,8,23,3,1,0,0,NULL
adc,ReportWritingReportHistory,33,UpdatedBy,int,4,10,0,1,0,0,NULL
adc,ReportWritingReportHistory,34,UpdatedDate,datetime,8,23,3,1,0,0,NULL
adc,ReportWritingReportHistory,35,IsDeleted,bit,1,1,0,1,0,0,NULL
adc,ReportWritingReportHistory,36,DeletedBy,int,4,10,0,1,0,0,NULL
adc,ReportWritingReportHistory,37,DeletedDate,datetime,8,23,3,1,0,0,NULL
adc,ReportWritingReportHistory,38,DeleteReason,varchar,500,0,0,1,0,0,NULL
adc,ReportWritingReportNotification,1,ReportWritingReportNotificationId,int,4,10,0,0,1,0,NULL
adc,ReportWritingReportNotification,2,ReportWritingReportId,int,4,10,0,0,0,0,NULL
adc,ReportWritingReportNotification,3,ReportWritingStatusId,int,4,10,0,0,0,0,NULL
adc,ReportWritingReportNotification,4,ReportTypeId,int,4,10,0,0,0,0,NULL
adc,ReportWritingReportNotification,5,SenderUserId,int,4,10,0,1,0,0,NULL
adc,ReportWritingReportNotification,6,SenderPin,varchar,50,0,0,1,0,0,NULL
adc,ReportWritingReportNotification,7,SenderName,varchar,250,0,0,1,0,0,NULL
adc,ReportWritingReportNotification,8,SenderEmail,varchar,250,0,0,1,0,0,NULL
adc,ReportWritingReportNotification,9,SenderMobile,varchar,250,0,0,1,0,0,NULL
adc,ReportWritingReportNotification,10,SenderDesignation,varchar,250,0,0,1,0,0,NULL
adc,ReportWritingReportNotification,11,SenderFunctionalDesignation,varchar,250,0,0,1,0,0,NULL
adc,ReportWritingReportNotification,12,RecipientUserId,int,4,10,0,1,0,0,NULL
adc,ReportWritingReportNotification,13,RecipientPin,varchar,50,0,0,1,0,0,NULL
adc,ReportWritingReportNotification,14,RecipientName,varchar,250,0,0,1,0,0,NULL
adc,ReportWritingReportNotification,15,RecipientEmail,varchar,250,0,0,1,0,0,NULL
adc,ReportWritingReportNotification,16,RecipientMobile,varchar,250,0,0,1,0,0,NULL
adc,ReportWritingReportNotification,17,RecipientDesignation,varchar,250,0,0,1,0,0,NULL
adc,ReportWritingReportNotification,18,RecipientFunctionalDesignation,varchar,250,0,0,1,0,0,NULL
adc,ReportWritingReportNotification,19,IsActual,bit,1,1,0,1,0,0,NULL
adc,ReportWritingReportNotification,20,ActualUserId,int,4,10,0,1,0,0,NULL
adc,ReportWritingReportNotification,21,ActualPin,varchar,50,0,0,1,0,0,NULL
adc,ReportWritingReportNotification,22,ActualName,varchar,250,0,0,1,0,0,NULL
adc,ReportWritingReportNotification,23,ActualEmail,varchar,250,0,0,1,0,0,NULL
adc,ReportWritingReportNotification,24,ActualMobile,varchar,250,0,0,1,0,0,NULL
adc,ReportWritingReportNotification,25,ActualDesignation,varchar,250,0,0,1,0,0,NULL
adc,ReportWritingReportNotification,26,ActualFunctionalDesignation,varchar,250,0,0,1,0,0,NULL
adc,ReportWritingReportNotification,27,IsActive,bit,1,1,0,0,0,0,NULL
adc,ReportWritingReportNotification,28,CreatedBy,int,4,10,0,1,0,0,NULL
adc,ReportWritingReportNotification,29,CreatedDate,datetime,8,23,3,1,0,0,NULL
adc,ReportWritingReportNotification,30,UpdatedBy,int,4,10,0,1,0,0,NULL
adc,ReportWritingReportNotification,31,UpdatedDate,datetime,8,23,3,1,0,0,NULL
adc,ReportWritingReportNotification,32,IsDeleted,bit,1,1,0,1,0,0,NULL
adc,ReportWritingReportNotification,33,DeletedBy,int,4,10,0,1,0,0,NULL
adc,ReportWritingReportNotification,34,DeletedDate,datetime,8,23,3,1,0,0,NULL
adc,ReportWritingReportNotification,35,DeleteReason,nvarchar,1000,0,0,1,0,0,NULL
adc,ReportWritingReportSignature,1,ReportSignatureId,int,4,10,0,0,1,0,NULL
adc,ReportWritingReportSignature,2,AuditScheduleId,int,4,10,0,1,0,0,NULL
adc,ReportWritingReportSignature,3,AuditConductionId,int,4,10,0,1,0,0,NULL
adc,ReportWritingReportSignature,4,ReportSignatureType,int,4,10,0,1,0,0,NULL
adc,ReportWritingReportSignature,5,PrintOrder,int,4,10,0,1,0,0,NULL
adc,ReportWritingReportSignature,6,Pin,varchar,20,0,0,1,0,0,NULL
adc,ReportWritingReportSignature,7,Name,nvarchar,400,0,0,1,0,0,NULL
adc,ReportWritingReportSignature,8,DesignationName,nvarchar,400,0,0,1,0,0,NULL
adc,ReportWritingReportSignature,9,SignatureImage,varchar,-1,0,0,1,0,0,NULL
adc,ReportWritingReportSignature,10,SignaturePlacement,nvarchar,-1,0,0,1,0,0,NULL
adc,ReportWritingReportSignature,11,IsSignatureFor,bit,1,1,0,1,0,0,NULL
adc,ReportWritingReportSignature,12,PinFor,varchar,20,0,0,1,0,0,NULL
adc,ReportWritingReportSignature,13,NameFor,varchar,200,0,0,1,0,0,NULL
adc,ReportWritingReportSignature,14,DesignationNameFor,varchar,200,0,0,1,0,0,NULL
adc,ReportWritingReportSignature,15,SignatureImageFor,varchar,-1,0,0,1,0,0,NULL
adc,ReportWritingReportSignature,16,IsActive,bit,1,1,0,1,0,0,NULL
adc,ReportWritingReportSignature,17,CreatedBy,int,4,10,0,1,0,0,NULL
adc,ReportWritingReportSignature,18,CreatedDate,datetime,8,23,3,1,0,0,NULL
adc,ReportWritingReportSignature,19,UpdatedBy,int,4,10,0,1,0,0,NULL
adc,ReportWritingReportSignature,20,UpdatedDate,datetime,8,23,3,1,0,0,NULL
adc,ReportWritingReportSignature,21,IsDeleted,bit,1,1,0,1,0,0,NULL
adc,ReportWritingReportSignature,22,DeletedBy,int,4,10,0,1,0,0,NULL
adc,ReportWritingReportSignature,23,DeletedDate,datetime,8,23,3,1,0,0,NULL
adc,ReportWritingReportSignature,24,DeleteReason,nchar,20,0,0,1,0,0,NULL
adc,ReportWritingReportSignature,25,FunctionalDesignationName,nvarchar,400,0,0,1,0,0,NULL
adc,ReportWritingReportSignature,26,FunctionalDesignationNameFor,nvarchar,400,0,0,1,0,0,NULL
adc,ReportWritingReportSignature,27,ReportTypeId,int,4,10,0,1,0,0,NULL
adc,ReportWritingReportType,1,ReportWritingReportTypeId,int,4,10,0,0,1,0,NULL
adc,ReportWritingReportType,2,ReportWritingReportTypeName,nvarchar,500,0,0,0,0,0,NULL
adc,ReportWritingReportType,3,IsActive,bit,1,1,0,0,0,0,NULL
adc,ReportWritingReportType,4,CreatedBy,int,4,10,0,1,0,0,NULL
adc,ReportWritingReportType,5,CreatedDate,datetime,8,23,3,1,0,0,NULL
adc,ReportWritingReportType,6,UpdatedBy,int,4,10,0,1,0,0,NULL
adc,ReportWritingReportType,7,UpdatedDate,datetime,8,23,3,1,0,0,NULL
adc,ReportWritingReportType,8,IsDeleted,bit,1,1,0,1,0,0,NULL
adc,ReportWritingReportType,9,DeletedBy,int,4,10,0,1,0,0,NULL
adc,ReportWritingReportType,10,DeletedDate,datetime,8,23,3,1,0,0,NULL
adc,ReportWritingReportType,11,DeleteReason,nvarchar,1000,0,0,1,0,0,NULL
adc,ReportWritingReportVersionDoc,1,ReportWritingReportVersionDocId,int,4,10,0,0,1,0,NULL
adc,ReportWritingReportVersionDoc,2,ReportWritingReportVersionDocName,nvarchar,500,0,0,1,0,0,NULL
adc,ReportWritingReportVersionDoc,3,ReportWritingReportId,int,4,10,0,0,0,0,NULL
adc,ReportWritingReportVersionDoc,4,ReportWritingReportHistoryId,int,4,10,0,0,0,0,NULL
adc,ReportWritingReportVersionDoc,5,AuditConductionId,int,4,10,0,1,0,0,NULL
adc,ReportWritingReportVersionDoc,6,AuditScheduleId,int,4,10,0,1,0,0,NULL
adc,ReportWritingReportVersionDoc,7,ContentType,nvarchar,510,0,0,1,0,0,NULL
adc,ReportWritingReportVersionDoc,8,FileExtension,nvarchar,100,0,0,1,0,0,NULL
adc,ReportWritingReportVersionDoc,9,FileSizeMb,decimal,9,18,2,1,0,0,NULL
adc,ReportWritingReportVersionDoc,10,SourcePath,nvarchar,510,0,0,1,0,0,NULL
adc,ReportWritingReportVersionDoc,11,SourceFile,varbinary,-1,0,0,1,0,0,NULL
adc,ReportWritingReportVersionDoc,12,FileName,nvarchar,510,0,0,1,0,0,NULL
adc,ReportWritingReportVersionDoc,13,FileStorageHistoryId,int,4,10,0,1,0,0,NULL
adc,ReportWritingReportVersionDoc,14,FileStorageTypeId,int,4,10,0,1,0,0,NULL
adc,ReportWritingReportVersionDoc,15,IsActive,bit,1,1,0,1,0,0,NULL
adc,ReportWritingReportVersionDoc,16,CreatedBy,int,4,10,0,1,0,0,NULL
adc,ReportWritingReportVersionDoc,17,CreatedDate,datetime,8,23,3,1,0,0,NULL
adc,ReportWritingReportVersionDoc,18,UpdatedBy,int,4,10,0,1,0,0,NULL
adc,ReportWritingReportVersionDoc,19,UpdatedDate,datetime,8,23,3,1,0,0,NULL
adc,ReportWritingReportVersionDoc,20,IsDeleted,bit,1,1,0,1,0,0,NULL
adc,ReportWritingReportVersionDoc,21,DeletedBy,int,4,10,0,1,0,0,NULL
adc,ReportWritingReportVersionDoc,22,DeletedDate,datetime,8,23,3,1,0,0,NULL
adc,ReportWritingReportVersionDoc,23,DeleteReason,nchar,20,0,0,1,0,0,NULL
adc,ReportWritingRulesSetting,1,ReportRulesSettingsId,int,4,10,0,0,1,0,NULL
adc,ReportWritingRulesSetting,2,ReportTypeId,int,4,10,0,1,0,0,NULL
adc,ReportWritingRulesSetting,3,ShowInternalCompliance,bit,1,1,0,1,0,0,((0))
adc,ReportWritingRulesSetting,4,ShowExternalCompliance,bit,1,1,0,1,0,0,((0))
adc,ReportWritingRulesSetting,5,ShowICQCompliance,bit,1,1,0,1,0,0,((0))
adc,ReportWritingRulesSetting,6,ShowReportingCategory,bit,1,1,0,1,0,0,NULL
adc,ReportWritingRulesSetting,7,ShowPRIndex,bit,1,1,0,1,0,0,((0))
adc,ReportWritingRulesSetting,8,IsActive,bit,1,1,0,1,0,0,((1))
adc,ReportWritingRulesSetting,9,CreatedBy,int,4,10,0,1,0,0,NULL
adc,ReportWritingRulesSetting,10,CreatedDate,datetime,8,23,3,1,0,0,NULL
adc,ReportWritingRulesSetting,11,UpdatedBy,int,4,10,0,1,0,0,NULL
adc,ReportWritingRulesSetting,12,UpdatedDate,datetime,8,23,3,1,0,0,NULL
adc,ReportWritingRulesSetting,13,IsDeleted,bit,1,1,0,1,0,0,NULL
adc,ReportWritingRulesSetting,14,DeletedBy,int,4,10,0,1,0,0,NULL
adc,ReportWritingRulesSetting,15,DeletedDate,datetime,8,23,3,1,0,0,NULL
adc,ReportWritingRulesSetting,16,DeleteReason,varchar,250,0,0,1,0,0,NULL
adc,ReportWritingRulesSetting,17,ShowObservationActionPlan,bit,1,1,0,1,0,0,NULL
adc,ReportWritingRulesSetting,18,ShowMAPC,bit,1,1,0,1,0,0,NULL
adc,ReportWritingSection,1,ReportSectionId,int,4,10,0,0,0,0,NULL
adc,ReportWritingSection,2,ReportSectionName,nvarchar,500,0,0,0,0,0,NULL
adc,ReportWritingSection,3,ReportSectionKey,nvarchar,500,0,0,1,0,0,NULL
adc,ReportWritingSection,4,DisplayOrder,int,4,10,0,1,0,0,NULL
adc,ReportWritingSection,5,IsActive,bit,1,1,0,1,0,0,NULL
adc,ReportWritingSection,6,CreatedBy,int,4,10,0,1,0,0,NULL
adc,ReportWritingSection,7,CreatedDate,datetime,8,23,3,1,0,0,NULL
adc,ReportWritingSection,8,UpdatedBy,int,4,10,0,1,0,0,NULL
adc,ReportWritingSection,9,UpdatedDate,datetime,8,23,3,1,0,0,NULL
adc,ReportWritingSection,10,IsDeleted,bit,1,1,0,1,0,0,NULL
adc,ReportWritingSection,11,DeletedBy,int,4,10,0,1,0,0,NULL
adc,ReportWritingSection,12,DeletedDate,datetime,8,23,3,1,0,0,NULL
adc,ReportWritingSection,13,DeleteReason,nvarchar,1000,0,0,1,0,0,NULL
adc,ReportWritingSectionDetail,1,SectionDetailId,int,4,10,0,0,1,0,NULL
adc,ReportWritingSectionDetail,2,AuditTypeId,int,4,10,0,1,0,0,NULL
adc,ReportWritingSectionDetail,3,ReportTypeId,int,4,10,0,1,0,0,NULL
adc,ReportWritingSectionDetail,4,ScheduleTypeId,int,4,10,0,1,0,0,NULL
adc,ReportWritingSectionDetail,5,SlNumber,varchar,10,0,0,1,0,0,NULL
adc,ReportWritingSectionDetail,6,SectionId,int,4,10,0,1,0,0,NULL
adc,ReportWritingSectionDetail,7,Amount,varchar,10,0,0,1,0,0,NULL
adc,ReportWritingSectionDetail,8,Grade,varchar,10,0,0,1,0,0,NULL
adc,ReportWritingSectionDetail,9,HtmlContent,varchar,-1,0,0,1,0,0,NULL
adc,ReportWritingSectionDetail,10,StartPageIndex,int,4,10,0,1,0,0,NULL
adc,ReportWritingSectionDetail,11,EndPageIndex,int,4,10,0,1,0,0,NULL
adc,ReportWritingSectionDetail,12,PageNumber,varchar,50,0,0,1,0,0,NULL
adc,ReportWritingSectionDetail,13,DisplayInIndex,bit,1,1,0,1,0,0,NULL
adc,ReportWritingSectionDetail,14,DisplayPageNumber,bit,1,1,0,1,0,0,((1))
adc,ReportWritingSectionDetail,15,DisplayOrder,int,4,10,0,1,0,0,NULL
adc,ReportWritingSectionDetail,16,IsActive,bit,1,1,0,0,0,0,NULL
adc,ReportWritingSectionDetail,17,CreatedBy,int,4,10,0,1,0,0,NULL
adc,ReportWritingSectionDetail,18,CreatedDate,datetime,8,23,3,1,0,0,NULL
adc,ReportWritingSectionDetail,19,UpdatedBy,int,4,10,0,1,0,0,NULL
adc,ReportWritingSectionDetail,20,UpdatedDate,datetime,8,23,3,1,0,0,NULL
adc,ReportWritingSectionDetail,21,IsDeleted,bit,1,1,0,1,0,0,NULL
adc,ReportWritingSectionDetail,22,DeletedBy,int,4,10,0,1,0,0,NULL
adc,ReportWritingSectionDetail,23,DeletedDate,datetime,8,23,3,1,0,0,NULL
adc,ReportWritingSectionDetail,24,DeleteReason,nvarchar,1000,0,0,1,0,0,NULL
adc,ReportWritingStatus,1,ReportWritingStatusId,int,4,10,0,0,0,0,NULL
adc,ReportWritingStatus,2,StatusName,varchar,100,0,0,1,0,0,NULL
adc,ReportWritingStatus,3,DisplayName,varchar,100,0,0,1,0,0,NULL
adc,ReportWritingStatus,4,IsActive,bit,1,1,0,1,0,0,NULL
adc,ReportWritingStatus,5,IsDeleted,bit,1,1,0,1,0,0,NULL
adc,ReportWritingStatus,6,DeletedBy,int,4,10,0,1,0,0,NULL
adc,ReportWritingStatus,7,DeletedDate,datetime,8,23,3,1,0,0,NULL
biams,BIAMSArchive,1,BIAMSArchiveId,int,4,10,0,0,1,0,NULL
biams,BIAMSArchive,2,ItemTreeId,bigint,8,19,0,0,0,0,NULL
biams,BIAMSArchive,3,IADReportCode,nvarchar,400,0,0,0,0,0,NULL
biams,BIAMSArchive,4,ReportYear,smallint,2,5,0,1,0,0,NULL
biams,BIAMSArchive,5,ReportMonth,smallint,2,5,0,1,0,0,NULL
biams,BIAMSArchive,6,Remarks,nvarchar,-1,0,0,1,0,0,NULL
biams,BIAMSArchive,7,AuditType,nvarchar,600,0,0,1,0,0,NULL
biams,BIAMSArchive,8,Extension,nvarchar,100,0,0,1,0,0,NULL
biams,BIAMSArchive,9,FileName,nvarchar,1000,0,0,1,0,0,NULL
biams,BIAMSArchive,10,FolderPath,nvarchar,2000,0,0,1,0,0,NULL
biams,BIAMSArchive,11,FilePath,nvarchar,2400,0,0,1,0,0,NULL
biams,BIAMSArchive,12,Trace,nvarchar,2400,0,0,0,0,0,NULL
biams,BIAMSArchive,13,PathSegmentsJson,nvarchar,-1,0,0,1,0,0,NULL
biams,BIAMSArchive,14,Downloaded,bit,1,1,0,0,0,0,((0))
biams,BIAMSArchive,15,CreatedUtc,datetime2,8,27,7,0,0,0,(sysutcdatetime())
biams,BIAMSArchive,16,DownloadedUtc,datetime2,8,27,7,1,0,0,NULL
biams,BIAMSArchive_Copy,1,BIAMSArchiveId,int,4,10,0,0,1,0,NULL
biams,BIAMSArchive_Copy,2,ItemTreeId,bigint,8,19,0,0,0,0,NULL
biams,BIAMSArchive_Copy,3,IADReportCode,nvarchar,400,0,0,0,0,0,NULL
biams,BIAMSArchive_Copy,4,ReportYear,smallint,2,5,0,1,0,0,NULL
biams,BIAMSArchive_Copy,5,ReportMonth,smallint,2,5,0,1,0,0,NULL
biams,BIAMSArchive_Copy,6,Remarks,nvarchar,-1,0,0,1,0,0,NULL
biams,BIAMSArchive_Copy,7,AuditType,nvarchar,600,0,0,1,0,0,NULL
biams,BIAMSArchive_Copy,8,Extension,nvarchar,100,0,0,1,0,0,NULL
biams,BIAMSArchive_Copy,9,FileName,nvarchar,1000,0,0,1,0,0,NULL
biams,BIAMSArchive_Copy,10,FolderPath,nvarchar,2000,0,0,1,0,0,NULL
biams,BIAMSArchive_Copy,11,FilePath,nvarchar,2400,0,0,1,0,0,NULL
biams,BIAMSArchive_Copy,12,Trace,nvarchar,2400,0,0,0,0,0,NULL
biams,BIAMSArchive_Copy,13,PathSegmentsJson,nvarchar,-1,0,0,1,0,0,NULL
biams,BIAMSArchive_Copy,14,Downloaded,bit,1,1,0,0,0,0,NULL
biams,BIAMSArchive_Copy,15,CreatedUtc,datetime2,8,27,7,0,0,0,NULL
biams,BIAMSArchive_Copy,16,DownloadedUtc,datetime2,8,27,7,1,0,0,NULL
biams,BIAMSAuditArchive,1,BIAMSAuditArchiveId,int,4,10,0,0,1,0,NULL
biams,BIAMSAuditArchive,2,AuditReportCode,nvarchar,46,0,0,0,0,0,NULL
biams,BIAMSAuditArchive,3,Step1,int,4,10,0,0,0,0,NULL
biams,BIAMSAuditArchive,4,Step2,int,4,10,0,0,0,0,NULL
biams,BIAMSAuditArchive,5,Step3,int,4,10,0,0,0,0,NULL
biams,BIAMSAuditArchive,6,Step4,int,4,10,0,0,0,0,NULL
biams,BIAMSAuditArchive,7,ReportYear,int,4,10,0,0,0,0,NULL
biams,BIAMSAuditArchive,8,ReportMonth,int,4,10,0,0,0,0,NULL
biams,BIAMSAuditArchive,9,Remarks,nvarchar,500,0,0,1,0,0,NULL
biams,BIAMSAuditArchive,10,AuditType,nvarchar,200,0,0,1,0,0,NULL
biams,BIAMSAuditArchive,11,FileCode,nvarchar,8,0,0,1,0,0,NULL
biams,BIAMSAuditArchive,12,FileName,nvarchar,200,0,0,1,0,0,NULL
biams,BIAMSAuditArchive,13,Extension,nvarchar,10,0,0,1,0,0,NULL
biams,BIAMSAuditArchive,14,FolderPath,nvarchar,2000,0,0,1,0,0,NULL
biams,BIAMSAuditArchive,15,FilePath,nvarchar,2400,0,0,1,0,0,NULL
biams,BIAMSAuditArchive,16,Trace,nvarchar,2400,0,0,0,0,0,NULL
biams,BIAMSAuditArchive,17,PathSegmentsJson,nvarchar,-1,0,0,1,0,0,NULL
biams,BIAMSAuditArchive,18,Downloaded,bit,1,1,0,0,0,0,((0))
biams,BIAMSAuditArchive,19,CreatedUtc,datetime2,8,27,7,0,0,0,(sysutcdatetime())
biams,BIAMSAuditArchive,20,DownloadedUtc,datetime2,8,27,7,1,0,0,NULL
biams,BIAMSAuditBranchProject,1,BIAMSAuditBranchProjectId,int,4,10,0,0,1,0,NULL
biams,BIAMSAuditBranchProject,2,ProjectId,int,4,10,0,1,0,0,NULL
biams,BIAMSAuditBranchProject,3,ProjectName,nvarchar,-1,0,0,1,0,0,NULL
biams,BIAMSAuditBranchProject,4,BranchId,int,4,10,0,1,0,0,NULL
biams,BIAMSAuditBranchProject,5,BranchName,nvarchar,-1,0,0,1,0,0,NULL
biams,BIAMSAuditBranchProject,6,BranchCode,nvarchar,-1,0,0,1,0,0,NULL
biams,BIAMSAuditBranchProject,7,BIAMSAuditReportId,int,4,10,0,0,0,0,NULL
biams,BIAMSAuditBranchProject,8,EntryPathId,int,4,10,0,1,0,0,NULL
biams,BIAMSAuditReport,1,BIAMSAuditReportId,int,4,10,0,0,1,0,NULL
biams,BIAMSAuditReport,2,ZoneId,int,4,10,0,1,0,0,NULL
biams,BIAMSAuditReport,3,ZoneName,nvarchar,-1,0,0,1,0,0,NULL
biams,BIAMSAuditReport,4,ProgrammeGroupId,int,4,10,0,1,0,0,NULL
biams,BIAMSAuditReport,5,ProgrammeGroupName,nvarchar,-1,0,0,1,0,0,NULL
biams,BIAMSAuditReport,6,UpazillaId,int,4,10,0,1,0,0,NULL
biams,BIAMSAuditReport,7,UpazillaName,nvarchar,-1,0,0,1,0,0,NULL
biams,BIAMSAuditReport,8,AuditTypeId,int,4,10,0,1,0,0,NULL
biams,BIAMSAuditReport,9,AuditType,nvarchar,-1,0,0,1,0,0,NULL
biams,BIAMSAuditReport,10,ReportTypeId,int,4,10,0,1,0,0,NULL
biams,BIAMSAuditReport,11,ReportType,nvarchar,-1,0,0,1,0,0,NULL
biams,BIAMSAuditReport,12,AuditPeriodStart,datetime2,8,27,7,1,0,0,NULL
biams,BIAMSAuditReport,13,AuditPeriodEnd,datetime2,8,27,7,1,0,0,NULL
biams,BIAMSAuditReport,14,AuditScheduleStart,datetime2,8,27,7,1,0,0,NULL
biams,BIAMSAuditReport,15,AuditScheduleEnd,datetime2,8,27,7,1,0,0,NULL
biams,BIAMSAuditReport,16,AuditConductionStart,datetime2,8,27,7,1,0,0,NULL
biams,BIAMSAuditReport,17,AuditConductionEnd,datetime2,8,27,7,1,0,0,NULL
biams,BIAMSAuditReport,18,DispatchStart,datetime2,8,27,7,1,0,0,NULL
biams,BIAMSAuditReport,19,DispatchEnd,datetime2,8,27,7,1,0,0,NULL
biams,BIAMSAuditReport,20,AuditedByName,nvarchar,-1,0,0,1,0,0,NULL
biams,BIAMSAuditReport,21,AuditedByPIN,int,4,10,0,1,0,0,NULL
biams,BIAMSAuditReport,22,ReportWrittenByName,nvarchar,-1,0,0,1,0,0,NULL
biams,BIAMSAuditReport,23,ReportWrittenByPIN,int,4,10,0,1,0,0,NULL
biams,BIAMSAuditReport,24,EntryPathId,int,4,10,0,1,0,0,NULL
biams,BIAMSAuditReport,25,ConductionYear,int,4,10,0,1,0,0,NULL
biams,BIAMSAuditReport,26,ConductionMonth,int,4,10,0,1,0,0,NULL
biams,BIAMSAuditReport,27,BaseLocation,nvarchar,400,0,0,1,0,0,NULL
biams,BIAMSAuditReport,28,BaseLocationCode,nvarchar,400,0,0,1,0,0,NULL
biams,BIAMSAuditReport,29,LocationType,nvarchar,200,0,0,1,0,0,NULL
biams,BIAMSAuditReport,30,ComponentOrProject,nvarchar,-1,0,0,1,0,0,NULL
biams,BIAMSAuditReport,31,MovementRegisterIds,varchar,-1,0,0,1,0,0,NULL
biams,BIAMSAuditReport_24_12_2025,1,BIAMSAuditReportId,int,4,10,0,0,1,0,NULL
biams,BIAMSAuditReport_24_12_2025,2,ZoneId,int,4,10,0,1,0,0,NULL
biams,BIAMSAuditReport_24_12_2025,3,ZoneName,nvarchar,-1,0,0,1,0,0,NULL
biams,BIAMSAuditReport_24_12_2025,4,ProgrammeGroupId,int,4,10,0,1,0,0,NULL
biams,BIAMSAuditReport_24_12_2025,5,ProgrammeGroupName,nvarchar,-1,0,0,1,0,0,NULL
biams,BIAMSAuditReport_24_12_2025,6,UpazillaId,int,4,10,0,1,0,0,NULL
biams,BIAMSAuditReport_24_12_2025,7,UpazillaName,nvarchar,-1,0,0,1,0,0,NULL
biams,BIAMSAuditReport_24_12_2025,8,AuditTypeId,int,4,10,0,1,0,0,NULL
biams,BIAMSAuditReport_24_12_2025,9,AuditType,nvarchar,-1,0,0,1,0,0,NULL
biams,BIAMSAuditReport_24_12_2025,10,ReportTypeId,int,4,10,0,1,0,0,NULL
biams,BIAMSAuditReport_24_12_2025,11,ReportType,nvarchar,-1,0,0,1,0,0,NULL
biams,BIAMSAuditReport_24_12_2025,12,AuditPeriodStart,datetime2,8,27,7,1,0,0,NULL
biams,BIAMSAuditReport_24_12_2025,13,AuditPeriodEnd,datetime2,8,27,7,1,0,0,NULL
biams,BIAMSAuditReport_24_12_2025,14,AuditScheduleStart,datetime2,8,27,7,1,0,0,NULL
biams,BIAMSAuditReport_24_12_2025,15,AuditScheduleEnd,datetime2,8,27,7,1,0,0,NULL
biams,BIAMSAuditReport_24_12_2025,16,AuditConductionStart,datetime2,8,27,7,1,0,0,NULL
biams,BIAMSAuditReport_24_12_2025,17,AuditConductionEnd,datetime2,8,27,7,1,0,0,NULL
biams,BIAMSAuditReport_24_12_2025,18,DispatchStart,datetime2,8,27,7,1,0,0,NULL
biams,BIAMSAuditReport_24_12_2025,19,DispatchEnd,datetime2,8,27,7,1,0,0,NULL
biams,BIAMSAuditReport_24_12_2025,20,AuditedByName,nvarchar,-1,0,0,1,0,0,NULL
biams,BIAMSAuditReport_24_12_2025,21,AuditedByPIN,int,4,10,0,1,0,0,NULL
biams,BIAMSAuditReport_24_12_2025,22,ReportWrittenByName,nvarchar,-1,0,0,1,0,0,NULL
biams,BIAMSAuditReport_24_12_2025,23,ReportWrittenByPIN,int,4,10,0,1,0,0,NULL
biams,BIAMSAuditReport_24_12_2025,24,EntryPathId,int,4,10,0,1,0,0,NULL
biams,BIAMSAuditReport_24_12_2025,25,ConductionYear,int,4,10,0,1,0,0,NULL
biams,BIAMSAuditReport_24_12_2025,26,ConductionMonth,int,4,10,0,1,0,0,NULL
biams,BIAMSAuditReport_24_12_2025,27,BaseLocation,nvarchar,400,0,0,1,0,0,NULL
biams,BIAMSAuditReport_24_12_2025,28,BaseLocationCode,nvarchar,400,0,0,1,0,0,NULL
biams,BIAMSAuditReport_24_12_2025,29,LocationType,nvarchar,200,0,0,1,0,0,NULL
biams,BIAMSAuditReport_24_12_2025,30,ComponentOrProject,nvarchar,-1,0,0,1,0,0,NULL
biams,BIAMSAuditReport_24_12_2025,31,MovementRegisterIds,varchar,-1,0,0,1,0,0,NULL
biams,BIAMSAuditReport_UnplannedData,1,BIAMSAuditReportId,int,4,10,0,0,1,0,NULL
biams,BIAMSAuditReport_UnplannedData,2,ZoneId,int,4,10,0,1,0,0,NULL
biams,BIAMSAuditReport_UnplannedData,3,ZoneName,nvarchar,-1,0,0,1,0,0,NULL
biams,BIAMSAuditReport_UnplannedData,4,ProgrammeGroupId,int,4,10,0,1,0,0,NULL
biams,BIAMSAuditReport_UnplannedData,5,ProgrammeGroupName,nvarchar,-1,0,0,1,0,0,NULL
biams,BIAMSAuditReport_UnplannedData,6,UpazillaId,int,4,10,0,1,0,0,NULL
biams,BIAMSAuditReport_UnplannedData,7,UpazillaName,nvarchar,-1,0,0,1,0,0,NULL
biams,BIAMSAuditReport_UnplannedData,8,AuditTypeId,int,4,10,0,1,0,0,NULL
biams,BIAMSAuditReport_UnplannedData,9,AuditType,nvarchar,-1,0,0,1,0,0,NULL
biams,BIAMSAuditReport_UnplannedData,10,ReportTypeId,int,4,10,0,1,0,0,NULL
biams,BIAMSAuditReport_UnplannedData,11,ReportType,nvarchar,-1,0,0,1,0,0,NULL
biams,BIAMSAuditReport_UnplannedData,12,AuditPeriodStart,datetime2,8,27,7,1,0,0,NULL
biams,BIAMSAuditReport_UnplannedData,13,AuditPeriodEnd,datetime2,8,27,7,1,0,0,NULL
biams,BIAMSAuditReport_UnplannedData,14,AuditScheduleStart,datetime2,8,27,7,1,0,0,NULL
biams,BIAMSAuditReport_UnplannedData,15,AuditScheduleEnd,datetime2,8,27,7,1,0,0,NULL
biams,BIAMSAuditReport_UnplannedData,16,AuditConductionStart,datetime2,8,27,7,1,0,0,NULL
biams,BIAMSAuditReport_UnplannedData,17,AuditConductionEnd,datetime2,8,27,7,1,0,0,NULL
biams,BIAMSAuditReport_UnplannedData,18,DispatchStart,datetime2,8,27,7,1,0,0,NULL
biams,BIAMSAuditReport_UnplannedData,19,DispatchEnd,datetime2,8,27,7,1,0,0,NULL
biams,BIAMSAuditReport_UnplannedData,20,AuditedByName,nvarchar,-1,0,0,1,0,0,NULL
biams,BIAMSAuditReport_UnplannedData,21,AuditedByPIN,int,4,10,0,1,0,0,NULL
biams,BIAMSAuditReport_UnplannedData,22,ReportWrittenByName,nvarchar,-1,0,0,1,0,0,NULL
biams,BIAMSAuditReport_UnplannedData,23,ReportWrittenByPIN,int,4,10,0,1,0,0,NULL
biams,BIAMSAuditReport_UnplannedData,24,EntryPathId,int,4,10,0,1,0,0,NULL
biams,BIAMSAuditReport_UnplannedData,25,ConductionYear,int,4,10,0,1,0,0,NULL
biams,BIAMSAuditReport_UnplannedData,26,ConductionMonth,int,4,10,0,1,0,0,NULL
biams,BIAMSAuditReport_UnplannedData,27,BaseLocation,nvarchar,400,0,0,1,0,0,NULL
biams,BIAMSAuditReport_UnplannedData,28,BaseLocationCode,nvarchar,400,0,0,1,0,0,NULL
biams,BIAMSAuditReport_UnplannedData,29,LocationType,nvarchar,200,0,0,1,0,0,NULL
biams,BIAMSAuditReport_UnplannedData,30,ComponentOrProject,nvarchar,-1,0,0,1,0,0,NULL
biams,BIAMSAuditReport_UnplannedData,31,MovementRegisterIds,varchar,-1,0,0,1,0,0,NULL
biams,BIAMSAuditReportCategoryDetail_UnplannedData,1,BIAMSReportCategoryDetailId,int,4,10,0,0,0,0,NULL
biams,BIAMSAuditReportCategoryDetail_UnplannedData,2,ProjectName,nvarchar,-1,0,0,1,0,0,NULL
biams,BIAMSAuditReportCategoryDetail_UnplannedData,3,ProjectId,int,4,10,0,1,0,0,NULL
biams,BIAMSAuditReportCategoryDetail_UnplannedData,4,AuditStartDate,datetime2,8,27,7,1,0,0,NULL
biams,BIAMSAuditReportCategoryDetail_UnplannedData,5,AuditEndDate,datetime2,8,27,7,1,0,0,NULL
biams,BIAMSAuditReportCategoryDetail_UnplannedData,6,AuditType,nvarchar,-1,0,0,1,0,0,NULL
biams,BIAMSAuditReportCategoryDetail_UnplannedData,7,ReportType,nvarchar,-1,0,0,1,0,0,NULL
biams,BIAMSAuditReportCategoryDetail_UnplannedData,8,DocumentName,nvarchar,-1,0,0,1,0,0,NULL
biams,BIAMSAuditReportCategoryDetail_UnplannedData,9,DocumentId,uniqueidentifier,16,0,0,1,0,0,NULL
biams,BIAMSAuditReportCategoryDetail_UnplannedData,10,ReportCategory,nvarchar,-1,0,0,1,0,0,NULL
biams,BIAMSAuditReportCategoryDetail_UnplannedData,11,BIAMSAuditReportId,int,4,10,0,0,0,0,NULL
biams,BIAMSAuditReportCategoryDetail_UnplannedData,12,EntryPathId,int,4,10,0,1,0,0,NULL
biams,BIAMSAuditReportCategoryDetail_UnplannedData,13,MovementRegisterId,int,4,10,0,1,0,0,NULL
biams,BIAMSReportCategoryDetail,1,BIAMSReportCategoryDetailId,int,4,10,0,0,1,0,NULL
biams,BIAMSReportCategoryDetail,2,ProjectName,nvarchar,-1,0,0,1,0,0,NULL
biams,BIAMSReportCategoryDetail,3,ProjectId,int,4,10,0,1,0,0,NULL
biams,BIAMSReportCategoryDetail,4,AuditStartDate,datetime2,8,27,7,1,0,0,NULL
biams,BIAMSReportCategoryDetail,5,AuditEndDate,datetime2,8,27,7,1,0,0,NULL
biams,BIAMSReportCategoryDetail,6,AuditType,nvarchar,-1,0,0,1,0,0,NULL
biams,BIAMSReportCategoryDetail,7,ReportType,nvarchar,-1,0,0,1,0,0,NULL
biams,BIAMSReportCategoryDetail,8,DocumentName,nvarchar,-1,0,0,1,0,0,NULL
biams,BIAMSReportCategoryDetail,9,DocumentId,uniqueidentifier,16,0,0,1,0,0,NULL
biams,BIAMSReportCategoryDetail,10,ReportCategory,nvarchar,-1,0,0,1,0,0,NULL
biams,BIAMSReportCategoryDetail,11,BIAMSAuditReportId,int,4,10,0,0,0,0,NULL
biams,BIAMSReportCategoryDetail,12,EntryPathId,int,4,10,0,1,0,0,NULL
biams,BIAMSReportCategoryDetail,13,MovementRegisterId,int,4,10,0,1,0,0,NULL
biams,BIAMSReportCategoryDetail_Copy,1,BIAMSReportCategoryDetailId,int,4,10,0,0,1,0,NULL
biams,BIAMSReportCategoryDetail_Copy,2,ProjectName,nvarchar,-1,0,0,1,0,0,NULL
biams,BIAMSReportCategoryDetail_Copy,3,ProjectId,int,4,10,0,1,0,0,NULL
biams,BIAMSReportCategoryDetail_Copy,4,AuditStartDate,datetime2,8,27,7,1,0,0,NULL
biams,BIAMSReportCategoryDetail_Copy,5,AuditEndDate,datetime2,8,27,7,1,0,0,NULL
biams,BIAMSReportCategoryDetail_Copy,6,AuditType,nvarchar,-1,0,0,1,0,0,NULL
biams,BIAMSReportCategoryDetail_Copy,7,ReportType,nvarchar,-1,0,0,1,0,0,NULL
biams,BIAMSReportCategoryDetail_Copy,8,DocumentName,nvarchar,-1,0,0,1,0,0,NULL
biams,BIAMSReportCategoryDetail_Copy,9,DocumentId,uniqueidentifier,16,0,0,1,0,0,NULL
biams,BIAMSReportCategoryDetail_Copy,10,ReportCategory,nvarchar,-1,0,0,1,0,0,NULL
biams,BIAMSReportCategoryDetail_Copy,11,BIAMSAuditReportId,int,4,10,0,0,0,0,NULL
biams,BIAMSReportCategoryDetail_Copy,12,EntryPathId,int,4,10,0,1,0,0,NULL
biams,BIAMSReportCategoryDetail_Copy,13,MovementRegisterId,int,4,10,0,1,0,0,NULL
biams,ProcessedItem,1,ProcessedItemId,nvarchar,900,0,0,0,0,0,NULL
biams,ProcessedItem,2,DocumentType,nvarchar,510,0,0,0,0,0,NULL
biams,ProcessedItem,3,EntryPathId,int,4,10,0,1,0,0,NULL
biams,ProcessedItem,4,DocumentId,int,4,10,0,1,0,0,NULL
biams,ProcessedItem,5,ObjectName,nvarchar,510,0,0,0,0,0,('')
biams,ProcessedItem,6,ProcessedAtUtc,datetime2,8,27,7,0,0,0,NULL
bis,HeadingDataType,1,HeadingDataTypeId,int,4,10,0,0,0,0,NULL
bis,HeadingDataType,2,DataTypeName,nvarchar,500,0,0,0,0,0,NULL
bis,HeadingDataType,3,Description,nvarchar,5000,0,0,0,0,0,NULL
bis,HeadingDataType,4,IsNumeric,bit,1,1,0,0,0,0,NULL
bis,HeadingDataType,5,IsRequireDecimalPlace,bit,1,1,0,0,0,0,NULL
bis,HeadingDataType,6,IsDeleted,bit,1,1,0,1,0,0,NULL
bis,HeadingDataType,7,DeletedBy,int,4,10,0,1,0,0,NULL
bis,HeadingDataType,8,DeletedDate,datetime,8,23,3,1,0,0,NULL
dbo,__EFMigrationsHistory,1,MigrationId,nvarchar,300,0,0,0,0,0,NULL
dbo,__EFMigrationsHistory,2,ProductVersion,nvarchar,64,0,0,0,0,0,NULL
dbo,ApplicationInfo,1,AppId,varchar,50,0,0,0,0,0,NULL
dbo,ApplicationInfo,2,AppTitle,varchar,200,0,0,1,0,0,NULL
dbo,ApplicationInfo,3,AppDescription,varchar,500,0,0,1,0,0,NULL
dbo,ApplicationInfo,4,CurrentVersion,varchar,50,0,0,1,0,0,NULL
dbo,ApplicationInfo,5,LastReleaseDate,datetime,8,23,3,1,0,0,NULL
dbo,ApplicationInfo,6,DatabaseName,varchar,150,0,0,1,0,0,NULL
dbo,ApplicationInfo,7,DatabaseVersion,varchar,150,0,0,1,0,0,NULL
dbo,ApplicationInfo,8,ServerType,varchar,50,0,0,1,0,0,NULL
dbo,ApplicationInfo,9,AppUrl,varchar,150,0,0,1,0,0,NULL
dbo,Area_DP,1,AreaID,char,4,0,0,0,0,0,NULL
dbo,Area_DP,2,AreaName,varchar,35,0,0,0,0,0,NULL
dbo,Area_DP,3,AreaDistrictID,char,2,0,0,1,0,0,NULL
dbo,Area_DP,4,AreaThanaID,char,2,0,0,1,0,0,NULL
dbo,Area_DP,5,AreaMetro,bit,1,1,0,0,0,0,NULL
dbo,Area_DP,6,IsHROffice,bit,1,1,0,1,0,0,NULL
dbo,Area_DP,7,IsUpazilaAccountsOffice,bit,1,1,0,1,0,0,NULL
dbo,Area_DP,8,AscendBranchID,char,4,0,0,1,0,0,NULL
dbo,Area_DP,9,AscendBranchName,varchar,50,0,0,1,0,0,NULL
dbo,Area_DP,10,AreaIsActive,bit,1,1,0,1,0,0,NULL
dbo,Area_DP,11,IsDeleted,bit,1,1,0,1,0,0,NULL
dbo,Area_DP,12,DeletedBy,int,4,10,0,1,0,0,NULL
dbo,Area_DP,13,DeletedDate,datetime,8,23,3,1,0,0,NULL
dbo,AssessmentQuestion,1,AssesmentQuestionId,int,4,10,0,0,1,0,NULL
dbo,AssessmentQuestion,2,Question,nvarchar,200,0,0,0,0,0,NULL
dbo,AssessmentQuestion,3,ParameterName,nvarchar,100,0,0,0,0,0,NULL
dbo,AssessmentQuestion,4,ParameterValue,nvarchar,100,0,0,0,0,0,NULL
dbo,AssessmentQuestion,5,IsActive,bit,1,1,0,0,0,0,NULL
dbo,AssessmentQuestion,6,IsDeleted,bit,1,1,0,1,0,0,NULL
dbo,AssessmentQuestion,7,CreatedBy,int,4,10,0,1,0,0,NULL
dbo,AssessmentQuestion,8,CreatedOn,datetime,8,23,3,1,0,0,NULL
dbo,AssessmentQuestion,9,ModifiedBy,int,4,10,0,1,0,0,NULL
dbo,AssessmentQuestion,10,ModifiedOn,datetime,8,23,3,1,0,0,NULL
dbo,AssignManager,1,AssignManagerId,int,4,10,0,0,1,0,NULL
dbo,AssignManager,2,AppUserId,int,4,10,0,0,0,0,NULL
dbo,AssignManager,3,ZoneId,int,4,10,0,0,0,0,NULL
dbo,AssignManager,4,StartDate,datetime,8,23,3,1,0,0,NULL
dbo,AssignManager,5,EndDate,datetime,8,23,3,1,0,0,NULL
dbo,AssignManager,6,IsActive,bit,1,1,0,0,0,0,NULL
dbo,AssignManager,7,CreatedBy,int,4,10,0,1,0,0,NULL
dbo,AssignManager,8,CreatedDate,datetime,8,23,3,1,0,0,NULL
dbo,AssignManager,9,UpdatedBy,int,4,10,0,1,0,0,NULL
dbo,AssignManager,10,UpdatedDate,datetime,8,23,3,1,0,0,NULL
dbo,AssignManager,11,IsDeleted,bit,1,1,0,1,0,0,NULL
dbo,AssignManager,12,DeletedBy,int,4,10,0,1,0,0,NULL
dbo,AssignManager,13,DeletedDate,datetime,8,23,3,1,0,0,NULL
dbo,AssignManager,14,DeleteReason,nvarchar,1000,0,0,1,0,0,NULL
dbo,AuditLog,1,AuditLogId,int,4,10,0,0,1,0,NULL
dbo,AuditLog,2,ObjectTypeId,int,4,10,0,1,0,0,NULL
dbo,AuditLog,3,PrimaryKey,int,4,10,0,1,0,0,NULL
dbo,AuditLog,4,AuditLogOperationId,int,4,10,0,1,0,0,NULL
dbo,AuditLog,5,PrimaryKeyName,nvarchar,500,0,0,1,0,0,NULL
dbo,AuditLog,6,EntityNameSchema,nvarchar,500,0,0,1,0,0,NULL
dbo,AuditLog,7,EntityName,nvarchar,500,0,0,1,0,0,NULL
dbo,AuditLog,8,OperationType,nvarchar,500,0,0,1,0,0,NULL
dbo,AuditLog,9,RowDataOne,nvarchar,8000,0,0,1,0,0,NULL
dbo,AuditLog,10,RowDataTwo,nvarchar,8000,0,0,1,0,0,NULL
dbo,AuditLog,11,CreatedBy,int,4,10,0,1,0,0,NULL
dbo,AuditLog,12,CreatedDate,datetime,8,23,3,1,0,0,NULL
dbo,AuditLog,13,IsDeleted,bit,1,1,0,1,0,0,NULL
dbo,AuditLog,14,DeletedBy,int,4,10,0,1,0,0,NULL
dbo,AuditLog,15,DeletedDate,datetime,8,23,3,1,0,0,NULL
dbo,AuditLogOperation,1,AuditLogOperationId,int,4,10,0,0,0,0,NULL
dbo,AuditLogOperation,2,Name,nvarchar,100,0,0,0,0,0,NULL
dbo,AuditLogOperation,3,Remarks,nvarchar,1000,0,0,1,0,0,NULL
dbo,AuditLogOperation,4,IsActive,bit,1,1,0,0,0,0,NULL
dbo,AuditLogOperation,5,CreatedBy,int,4,10,0,1,0,0,NULL
dbo,AuditLogOperation,6,CreatedTime,datetime,8,23,3,1,0,0,NULL
dbo,AuditLogOperation,7,UpdatedBy,int,4,10,0,1,0,0,NULL
dbo,AuditLogOperation,8,UpdatedTime,datetime,8,23,3,1,0,0,NULL
dbo,AuditLogOperation,9,IsDeleted,bit,1,1,0,1,0,0,NULL
dbo,BracStaff,1,BracStaffId,int,4,10,0,0,1,0,NULL
dbo,BracStaff,2,StaffPin,nvarchar,40,0,0,1,0,0,NULL
dbo,BracStaff,3,StaffName,varchar,500,0,0,0,0,0,NULL
dbo,BracStaff,4,UserId,int,4,10,0,1,0,0,NULL
dbo,BracStaff,5,CoreProgramName,varchar,150,0,0,1,0,0,NULL
dbo,BracStaff,6,CoreProgramId,varchar,50,0,0,1,0,0,NULL
dbo,BracStaff,7,DateOfBirth,datetime2,8,27,7,1,0,0,NULL
dbo,BracStaff,8,Age,int,4,10,0,1,0,0,NULL
dbo,BracStaff,9,Sex,varchar,50,0,0,1,0,0,NULL
dbo,BracStaff,10,MobileNo,varchar,25,0,0,1,0,0,NULL
dbo,BracStaff,11,EmailAddress,varchar,400,0,0,1,0,0,NULL
dbo,BracStaff,12,Religion,varchar,400,0,0,1,0,0,NULL
dbo,BracStaff,13,EducationId,varchar,50,0,0,1,0,0,NULL
dbo,BracStaff,14,LastEducation,varchar,400,0,0,1,0,0,NULL
dbo,BracStaff,15,EducationGroupName,varchar,400,0,0,1,0,0,NULL
dbo,BracStaff,16,JoiningDate,datetime2,8,27,7,1,0,0,NULL
dbo,BracStaff,17,DesignationId,varchar,50,0,0,1,0,0,NULL
dbo,BracStaff,18,DesignationName,varchar,400,0,0,1,0,0,NULL
dbo,BracStaff,19,DesignationGroupId,varchar,50,0,0,1,0,0,NULL
dbo,BracStaff,20,DesignationGroupName,varchar,400,0,0,1,0,0,NULL
dbo,BracStaff,21,LastPromotionDate,datetime2,8,27,7,1,0,0,NULL
dbo,BracStaff,22,JobLevel,varchar,400,0,0,1,0,0,NULL
dbo,BracStaff,23,LevelDate,datetime2,8,27,7,1,0,0,NULL
dbo,BracStaff,24,TransferDate,datetime2,8,27,7,1,0,0,NULL
dbo,BracStaff,25,JobBase,varchar,400,0,0,1,0,0,NULL
dbo,BracStaff,26,Status,varchar,400,0,0,1,0,0,NULL
dbo,BracStaff,27,StatusName,varchar,50,0,0,1,0,0,NULL
dbo,BracStaff,28,StatusDate,datetime2,8,27,7,1,0,0,NULL
dbo,BracStaff,29,BloodGroup,varchar,400,0,0,1,0,0,NULL
dbo,BracStaff,30,ProgramId,int,4,10,0,1,0,0,NULL
dbo,BracStaff,31,HrProgramId,varchar,50,0,0,1,0,0,NULL
dbo,BracStaff,32,ProgramName,varchar,400,0,0,1,0,0,NULL
dbo,BracStaff,33,ProjectId,int,4,10,0,1,0,0,NULL
dbo,BracStaff,34,HrProjectId,varchar,50,0,0,1,0,0,NULL
dbo,BracStaff,35,ProjectName,varchar,400,0,0,1,0,0,NULL
dbo,BracStaff,36,DivisionId,int,4,10,0,1,0,0,NULL
dbo,BracStaff,37,HrDivisionId,varchar,50,0,0,1,0,0,NULL
dbo,BracStaff,38,DivisionName,varchar,400,0,0,1,0,0,NULL
dbo,BracStaff,39,DistrictId,int,4,10,0,1,0,0,NULL
dbo,BracStaff,40,HrDistrictId,varchar,50,0,0,1,0,0,NULL
dbo,BracStaff,41,DistrictName,varchar,400,0,0,1,0,0,NULL
dbo,BracStaff,42,UpazilaId,int,4,10,0,1,0,0,NULL
dbo,BracStaff,43,HrUpazilaId,varchar,50,0,0,1,0,0,NULL
dbo,BracStaff,44,UpazilaName,varchar,400,0,0,1,0,0,NULL
dbo,BracStaff,45,BranchId,int,4,10,0,1,0,0,NULL
dbo,BracStaff,46,HrBranchId,varchar,50,0,0,1,0,0,NULL
dbo,BracStaff,47,BranchName,varchar,400,0,0,1,0,0,NULL
dbo,BracStaff,48,RegionId,varchar,50,0,0,1,0,0,NULL
dbo,BracStaff,49,RegionName,varchar,400,0,0,1,0,0,NULL
dbo,BracStaff,50,IsActive,bit,1,1,0,1,0,0,NULL
dbo,BracStaff,51,CreatedDate,datetime,8,23,3,1,0,0,NULL
dbo,BracStaff,52,CreatedBy,int,4,10,0,1,0,0,NULL
dbo,BracStaff,53,UpdatedDate,datetime,8,23,3,1,0,0,NULL
dbo,BracStaff,54,UpdatedBy,int,4,10,0,1,0,0,NULL
dbo,BracStaff,55,IsDeleted,bit,1,1,0,1,0,0,NULL
dbo,BracStaff,56,DeletedBy,int,4,10,0,1,0,0,NULL
dbo,BracStaff,57,DeletedDate,datetime,8,23,3,1,0,0,NULL
dbo,BracStaff,58,IsSync,bit,1,1,0,1,0,0,NULL
dbo,BracStaff,59,SupervisorPIN,varchar,20,0,0,1,0,0,NULL
dbo,BracStaff,60,SupervisorName,varchar,500,0,0,1,0,0,NULL
dbo,BracStaff,61,SupervisorDesignation,varchar,400,0,0,1,0,0,NULL
dbo,BracStaff,62,SupervisorEmailID,varchar,250,0,0,1,0,0,NULL
dbo,BracStaff,63,SupervisorMobileNo,varchar,20,0,0,1,0,0,NULL
dbo,BracStaff,64,SupervisorDate,datetime2,8,27,7,1,0,0,NULL
dbo,BracStaff,65,IsManual,bit,1,1,0,1,0,0,NULL
dbo,CommentAreaType,1,CommentAreaTypeId,int,4,10,0,0,1,0,NULL
dbo,CommentAreaType,2,CommentAreaTypeName,nvarchar,300,0,0,0,0,0,NULL
dbo,CommentAreaType,3,IsDropdown,bit,1,1,0,0,0,0,NULL
dbo,CommentAreaType,4,IsActive,bit,1,1,0,0,0,0,NULL
dbo,CommentAreaType,5,CreatedBy,int,4,10,0,1,0,0,NULL
dbo,CommentAreaType,6,CreatedDate,datetime,8,23,3,1,0,0,NULL
dbo,CommentAreaType,7,UpdatedBy,int,4,10,0,1,0,0,NULL
dbo,CommentAreaType,8,UpdatedDate,datetime,8,23,3,1,0,0,NULL
dbo,CommentAreaType,9,IsDeleted,bit,1,1,0,1,0,0,NULL
dbo,CommentAreaType,10,DeletedBy,int,4,10,0,1,0,0,NULL
dbo,CommentAreaType,11,DeletedDate,datetime,8,23,3,1,0,0,NULL
dbo,CommentAreaType,12,DeleteReason,nvarchar,1000,0,0,1,0,0,NULL
dbo,CoreProgramme,1,CoreProgrammeId,int,4,10,0,0,1,0,NULL
dbo,CoreProgramme,2,RefId,nvarchar,100,0,0,1,0,0,NULL
dbo,CoreProgramme,3,HrCoreProgrammeId,varchar,20,0,0,1,0,0,NULL
dbo,CoreProgramme,4,CoreProgramName,nvarchar,300,0,0,0,0,0,NULL
dbo,CoreProgramme,5,CoreProgrammeCode,nvarchar,20,0,0,1,0,0,NULL
dbo,CoreProgramme,6,IsActive,bit,1,1,0,0,0,0,NULL
dbo,CoreProgramme,7,CreatedBy,int,4,10,0,1,0,0,NULL
dbo,CoreProgramme,8,CreatedOn,datetime,8,23,3,1,0,0,NULL
dbo,CoreProgramme,9,ModifiedBy,int,4,10,0,1,0,0,NULL
dbo,CoreProgramme,10,ModifiedOn,datetime,8,23,3,1,0,0,NULL
dbo,CoreProgramme,11,IsDeleted,bit,1,1,0,1,0,0,NULL
dbo,CoreProgramme,12,DeletedBy,int,4,10,0,1,0,0,NULL
dbo,CoreProgramme,13,DeletedOn,datetime,8,23,3,1,0,0,NULL
dbo,DashboardSnapshot,1,DashboardSnapshotId,bigint,8,19,0,0,1,0,NULL
dbo,DashboardSnapshot,2,ScopeHash,varchar,64,0,0,0,0,0,NULL
dbo,DashboardSnapshot,3,ScopeType,varchar,50,0,0,0,0,0,NULL
dbo,DashboardSnapshot,4,PlanYear,int,4,10,0,0,0,0,NULL
dbo,DashboardSnapshot,5,PeriodKey,varchar,50,0,0,0,0,0,NULL
dbo,DashboardSnapshot,6,SnapshotVersion,int,4,10,0,0,0,0,NULL
dbo,DashboardSnapshot,7,Status,varchar,20,0,0,0,0,0,NULL
dbo,DashboardSnapshot,8,GeneratedAt,datetime2,6,19,0,1,0,0,NULL
dbo,DashboardSnapshot,9,PublishedAt,datetime2,6,19,0,1,0,0,NULL
dbo,DashboardSnapshot,10,SnapshotRowCount,int,4,10,0,0,0,0,((0))
dbo,DashboardSnapshot,11,ErrorMessage,nvarchar,4000,0,0,1,0,0,NULL
dbo,DashboardSnapshot,12,CreatedDate,datetime2,6,19,0,0,0,0,(sysutcdatetime())
dbo,DashboardSnapshotDivision,1,DashboardSnapshotId,bigint,8,19,0,0,0,0,NULL
dbo,DashboardSnapshotDivision,2,DivisionName,nvarchar,400,0,0,0,0,0,NULL
dbo,DashboardSnapshotDivision,3,ItemCount,int,4,10,0,0,0,0,((0))
dbo,DashboardSnapshotMapf,1,DashboardSnapshotId,bigint,8,19,0,0,0,0,NULL
dbo,DashboardSnapshotMapf,2,AuditReports,int,4,10,0,0,0,0,((0))
dbo,DashboardSnapshotMapf,3,WorkingInProgress,int,4,10,0,0,0,0,((0))
dbo,DashboardSnapshotMapf,4,IssueContinued,int,4,10,0,0,0,0,((0))
dbo,DashboardSnapshotMapf,5,Resolved,int,4,10,0,0,0,0,((0))
dbo,DashboardSnapshotPendingStatus,1,DashboardSnapshotId,bigint,8,19,0,0,0,0,NULL
dbo,DashboardSnapshotPendingStatus,2,StatusKey,varchar,100,0,0,0,0,0,NULL
dbo,DashboardSnapshotPendingStatus,3,StatusName,nvarchar,400,0,0,0,0,0,NULL
dbo,DashboardSnapshotPendingStatus,4,ItemCount,int,4,10,0,0,0,0,((0))
dbo,DashboardSnapshotPortfolio,1,DashboardSnapshotId,bigint,8,19,0,0,0,0,NULL
dbo,DashboardSnapshotPortfolio,2,TabKey,varchar,50,0,0,0,0,0,NULL
dbo,DashboardSnapshotPortfolio,3,ProgrammeGroupId,int,4,10,0,1,0,0,NULL
dbo,DashboardSnapshotPortfolio,4,ProgrammeGroupName,nvarchar,400,0,0,1,0,0,NULL
dbo,DashboardSnapshotPortfolio,5,HiaName,nvarchar,400,0,0,1,0,0,NULL
dbo,DashboardSnapshotPortfolio,6,SeniorManagerName,nvarchar,400,0,0,1,0,0,NULL
dbo,DashboardSnapshotPortfolio,7,ZoneId,int,4,10,0,1,0,0,NULL
dbo,DashboardSnapshotPortfolio,8,ZoneName,nvarchar,400,0,0,1,0,0,NULL
dbo,DashboardSnapshotPortfolio,9,SortOrder,int,4,10,0,0,0,0,((0))
dbo,DashboardSnapshotPortfolio,10,IsSubtotal,bit,1,1,0,0,0,0,((0))
dbo,DashboardSnapshotPortfolio,11,RbaTarget,decimal,9,18,2,0,0,0,((0))
dbo,DashboardSnapshotPortfolio,12,OtherAssuranceTarget,decimal,9,18,2,0,0,0,((0))
dbo,DashboardSnapshotPortfolio,13,RbaAchievement,decimal,9,18,2,0,0,0,((0))
dbo,DashboardSnapshotPortfolio,14,OtherAssuranceAchievement,decimal,9,18,2,0,0,0,((0))
dbo,DashboardSnapshotPortfolio,15,RbaAchievementPercentage,decimal,5,9,2,0,0,0,((0))
dbo,DashboardSnapshotPortfolio,16,OtherAssuranceAchievementPercentage,decimal,5,9,2,0,0,0,((0))
dbo,DashboardSnapshotPortfolio,17,SpecialAudit,int,4,10,0,0,0,0,((0))
dbo,DashboardSnapshotPortfolio,18,SpecialAssignment,int,4,10,0,0,0,0,((0))
dbo,DashboardSnapshotPortfolio,19,SurpriseAudit,int,4,10,0,0,0,0,((0))
dbo,DashboardSnapshotPortfolio,20,FraudAudit,int,4,10,0,0,0,0,((0))
dbo,DashboardSnapshotPortfolio,21,Advisory,int,4,10,0,0,0,0,((0))
dbo,DashboardSnapshotPortfolio,22,Advocacy,int,4,10,0,0,0,0,((0))
dbo,DashboardSnapshotPortfolio,23,PdApprovePending,int,4,10,0,0,0,0,((0))
dbo,DashboardSnapshotPortfolio,24,MovementStartPending,int,4,10,0,0,0,0,((0))
dbo,DashboardSnapshotPortfolio,25,MovementClosePending,int,4,10,0,0,0,0,((0))
dbo,DashboardSnapshotPortfolio,26,ReportReviewPending,int,4,10,0,0,0,0,((0))
dbo,DashboardSnapshotPortfolio,27,MapcPending,int,4,10,0,0,0,0,((0))
dbo,DashboardSnapshotPortfolio,28,DispatchPending,int,4,10,0,0,0,0,((0))
dbo,DashboardSnapshotPortfolio,29,MapfPending,int,4,10,0,0,0,0,((0))
dbo,DashboardSnapshotPortfolio,30,AuditReports,int,4,10,0,0,0,0,((0))
dbo,DashboardSnapshotPortfolio,31,WorkingInProgress,int,4,10,0,0,0,0,((0))
dbo,DashboardSnapshotPortfolio,32,IssueContinued,int,4,10,0,0,0,0,((0))
dbo,DashboardSnapshotPortfolio,33,Resolved,int,4,10,0,0,0,0,((0))
dbo,DashboardSnapshotRegion,1,DashboardSnapshotId,bigint,8,19,0,0,0,0,NULL
dbo,DashboardSnapshotRegion,2,RegionName,nvarchar,400,0,0,0,0,0,NULL
dbo,DashboardSnapshotRegion,3,ItemCount,int,4,10,0,0,0,0,((0))
dbo,DashboardSnapshotRisk,1,DashboardSnapshotId,bigint,8,19,0,0,0,0,NULL
dbo,DashboardSnapshotRisk,2,RiskCode,varchar,20,0,0,0,0,0,NULL
dbo,DashboardSnapshotRisk,3,RiskName,nvarchar,200,0,0,0,0,0,NULL
dbo,DashboardSnapshotRisk,4,TargetCount,decimal,9,18,2,0,0,0,((0))
dbo,DashboardSnapshotRisk,5,AchievementCount,decimal,9,18,2,0,0,0,((0))
dbo,DashboardSnapshotRisk,6,RemainingCount,decimal,9,18,2,0,0,0,((0))
dbo,DashboardSnapshotRisk,7,AchievementPercentage,decimal,5,9,2,0,0,0,((0))
dbo,DashboardSnapshotSummary,1,DashboardSnapshotId,bigint,8,19,0,0,0,0,NULL
dbo,DashboardSnapshotSummary,2,CardKey,varchar,100,0,0,0,0,0,NULL
dbo,DashboardSnapshotSummary,3,TotalValue,decimal,9,18,2,0,0,0,((0))
dbo,DashboardSnapshotSummary,4,DoneValue,decimal,9,18,2,0,0,0,((0))
dbo,DashboardSnapshotSummary,5,LeftValue,decimal,9,18,2,0,0,0,((0))
dbo,DashboardSnapshotSummary,6,PercentageValue,decimal,5,9,2,0,0,0,((0))
dbo,DashboardSnapshotSummary,7,RbaTarget,decimal,9,18,2,0,0,0,((0))
dbo,DashboardSnapshotSummary,8,OtherAssuranceTarget,decimal,9,18,2,0,0,0,((0))
dbo,DashboardSnapshotSummary,9,RbaAchievement,decimal,9,18,2,0,0,0,((0))
dbo,DashboardSnapshotSummary,10,OtherAssuranceAchievement,decimal,9,18,2,0,0,0,((0))
dbo,DashboardSnapshotSummary,11,RbaAchievementPercentage,decimal,5,9,2,1,0,0,NULL
dbo,DashboardSnapshotSummary,12,OtherAssuranceAchievementPercentage,decimal,5,9,2,1,0,0,NULL
dbo,DB_Errors,1,ErrorID,int,4,10,0,0,1,0,NULL
dbo,DB_Errors,2,UserName,varchar,100,0,0,1,0,0,NULL
dbo,DB_Errors,3,ErrorNumber,int,4,10,0,1,0,0,NULL
dbo,DB_Errors,4,ErrorState,int,4,10,0,1,0,0,NULL
dbo,DB_Errors,5,ErrorSeverity,int,4,10,0,1,0,0,NULL
dbo,DB_Errors,6,ErrorLine,int,4,10,0,1,0,0,NULL
dbo,DB_Errors,7,ErrorProcedure,varchar,-1,0,0,1,0,0,NULL
dbo,DB_Errors,8,ErrorMessage,varchar,-1,0,0,1,0,0,NULL
dbo,DB_Errors,9,ErrorDateTime,datetime,8,23,3,1,0,0,NULL
dbo,DigitalSignature,1,DigitalSignatureId,int,4,10,0,0,1,0,NULL
dbo,DigitalSignature,2,AppUserId,int,4,10,0,0,0,0,NULL
dbo,DigitalSignature,3,SignatureMain,nvarchar,-1,0,0,1,0,0,NULL
dbo,DigitalSignature,4,SignatureMainMineType,varchar,5,0,0,1,0,0,NULL
dbo,DigitalSignature,5,SignatureFor,nvarchar,-1,0,0,1,0,0,NULL
dbo,DigitalSignature,6,SignatureForMineType,varchar,5,0,0,1,0,0,NULL
dbo,DigitalSignature,7,Description,nvarchar,500,0,0,1,0,0,NULL
dbo,DigitalSignature,8,IsActive,bit,1,1,0,1,0,0,NULL
dbo,DigitalSignature,9,CreatedBy,int,4,10,0,1,0,0,NULL
dbo,DigitalSignature,10,CreateDate,datetime,8,23,3,0,0,0,NULL
dbo,DigitalSignature,11,ModifyBy,int,4,10,0,1,0,0,NULL
dbo,DigitalSignature,12,ModifyDate,datetime,8,23,3,1,0,0,NULL
dbo,DigitalSignature,13,IsDeleted,bit,1,1,0,1,0,0,NULL
dbo,DigitalSignature,14,DeletedBy,int,4,10,0,1,0,0,NULL
dbo,DigitalSignature,15,DeletedOn,datetime,8,23,3,1,0,0,NULL
dbo,DocumentRootPathConfig,1,ID,int,4,10,0,0,1,0,NULL
dbo,DocumentRootPathConfig,2,ServerName,varchar,150,0,0,1,0,0,NULL
dbo,DocumentRootPathConfig,3,PhysicalRootPath,varchar,150,0,0,1,0,0,NULL
dbo,DocumentRootPathConfig,4,AbsoluteRootPath,varchar,150,0,0,1,0,0,NULL
dbo,DocumentRootPathConfig,5,GoogleBucketRootPath,varchar,150,0,0,1,0,0,NULL
dbo,DocumentRootPathConfig,6,IsActive,bit,1,1,0,1,0,0,NULL
dbo,DocumentRootPathConfig,7,CreatedBy,int,4,10,0,1,0,0,NULL
dbo,DocumentRootPathConfig,8,CreatedDate,datetime,8,23,3,1,0,0,NULL
dbo,DocumentRootPathConfig,9,UpdatedBy,int,4,10,0,1,0,0,NULL
dbo,DocumentRootPathConfig,10,UpdatedDate,datetime,8,23,3,1,0,0,NULL
dbo,DocumentRootPathConfig,11,IsDeleted,bit,1,1,0,1,0,0,NULL
dbo,DocumentRootPathConfig,12,DeletedBy,int,4,10,0,1,0,0,NULL
dbo,DocumentRootPathConfig,13,DeletedDate,datetime,8,23,3,1,0,0,NULL
dbo,DocumentRootPathConfig,14,DeleteReason,nvarchar,1000,0,0,1,0,0,NULL
dbo,EmailConfiguration,1,EmailConfigurationId,int,4,10,0,0,1,0,NULL
dbo,EmailConfiguration,2,ConfigurationName,varchar,500,0,0,1,0,0,NULL
dbo,EmailConfiguration,3,PerAttachmentSize,int,4,10,0,0,0,0,NULL
dbo,EmailConfiguration,4,TotalAttachmentSize,int,4,10,0,0,0,0,NULL
dbo,EmailConfiguration,5,AttachmentLimit,int,4,10,0,0,0,0,NULL
dbo,EmailConfiguration,6,IsMultipleAttachment,bit,1,1,0,0,0,0,NULL
dbo,EmailConfiguration,7,PerDayLimit,int,4,10,0,0,0,0,NULL
dbo,EmailConfiguration,8,IsActive,bit,1,1,0,0,0,0,((1))
dbo,EmailConfiguration,9,CreatedBy,int,4,10,0,1,0,0,NULL
dbo,EmailConfiguration,10,CreatedDate,datetime,8,23,3,1,0,0,(getdate())
dbo,EmailConfiguration,11,UpdatedBy,int,4,10,0,1,0,0,NULL
dbo,EmailConfiguration,12,UpdatedDate,datetime,8,23,3,1,0,0,NULL
dbo,EmailConfiguration,13,IsDeleted,bit,1,1,0,1,0,0,((0))
dbo,EmailConfiguration,14,DeletedBy,int,4,10,0,1,0,0,NULL
dbo,EmailConfiguration,15,DeletedDate,datetime,8,23,3,1,0,0,NULL
dbo,EmailConfiguration,16,DeleteReason,varchar,500,0,0,1,0,0,NULL
dbo,EmailConfiguration,17,FromEmailAddress,varchar,100,0,0,1,0,0,NULL
dbo,EmailConfiguration,18,FromEmailAddressDisplayName,varchar,100,0,0,1,0,0,NULL
dbo,EmailConfiguration,19,Password,varchar,250,0,0,1,0,0,NULL
dbo,EmailConfiguration,20,Host,varchar,50,0,0,1,0,0,NULL
dbo,EmailConfiguration,21,Port,varchar,10,0,0,1,0,0,NULL
dbo,EmailConfiguration,22,AllowSsl,bit,1,1,0,1,0,0,NULL
dbo,EmailConfiguration,23,SendGridFromEmailAddress,varchar,100,0,0,1,0,0,NULL
dbo,EmailConfiguration,24,SendGridFromEmailAddressDisplayName,varchar,100,0,0,1,0,0,NULL
dbo,EmailConfiguration,25,SendGridApiKey,varchar,250,0,0,1,0,0,NULL
dbo,EmailConfiguration,26,TestEmailAddress,varchar,250,0,0,1,0,0,NULL
dbo,EmailConfiguration,27,AllowEmail,bit,1,1,0,1,0,0,NULL
dbo,EmailNotificationHistory,1,Id,uniqueidentifier,16,0,0,0,0,0,NULL
dbo,EmailNotificationHistory,2,NotificationId,uniqueidentifier,16,0,0,0,0,0,NULL
dbo,EmailNotificationHistory,3,CorrelationId,uniqueidentifier,16,0,0,0,0,0,NULL
dbo,EmailNotificationHistory,4,NotificationType,nvarchar,200,0,0,1,0,0,NULL
dbo,EmailNotificationHistory,5,NotificaitonTemplateId,nvarchar,200,0,0,1,0,0,NULL
dbo,EmailNotificationHistory,6,NotificaitonSubject,nvarchar,1000,0,0,1,0,0,NULL
dbo,EmailNotificationHistory,7,NotificaitonBody,nvarchar,-1,0,0,1,0,0,NULL
dbo,EmailNotificationHistory,8,RecipientEmail,nvarchar,510,0,0,1,0,0,NULL
dbo,EmailNotificationHistory,9,RecipientPin,nvarchar,200,0,0,1,0,0,NULL
dbo,EmailNotificationHistory,10,NotificationEvent,nvarchar,400,0,0,1,0,0,NULL
dbo,EmailNotificationHistory,11,NotificationData,nvarchar,-1,0,0,1,0,0,NULL
dbo,EmailNotificationHistory,12,RecipientType,nvarchar,100,0,0,1,0,0,NULL
dbo,EmailNotificationHistory,13,ErrorMessage,nvarchar,1000,0,0,1,0,0,NULL
dbo,EmailNotificationHistory,14,SentAt,datetime,8,23,3,1,0,0,NULL
dbo,EmailNotificationHistory,15,CreatedAt,datetime,8,23,3,0,0,0,(getutcdate())
dbo,EmailNotificationHistory,16,CreatedBy,nvarchar,200,0,0,1,0,0,NULL
dbo,EmailNotificationHistory,17,IsSentSuccessfully,bit,1,1,0,0,0,0,((0))
dbo,EmailSendGridEvent,1,EmailSendGridEventId,int,4,10,0,0,1,0,NULL
dbo,EmailSendGridEvent,2,EmailSendLogId,int,4,10,0,1,0,0,NULL
dbo,EmailSendGridEvent,3,CorrelationId,nvarchar,200,0,0,1,0,0,NULL
dbo,EmailSendGridEvent,4,RecipientEmail,nvarchar,640,0,0,1,0,0,NULL
dbo,EmailSendGridEvent,5,EventName,nvarchar,100,0,0,1,0,0,NULL
dbo,EmailSendGridEvent,6,EventTimestamp,datetime,8,23,3,1,0,0,NULL
dbo,EmailSendGridEvent,7,SgEventId,nvarchar,510,0,0,1,0,0,NULL
dbo,EmailSendGridEvent,8,SgMessageId,nvarchar,510,0,0,1,0,0,NULL
dbo,EmailSendGridEvent,9,SmtpId,nvarchar,510,0,0,1,0,0,NULL
dbo,EmailSendGridEvent,10,Status,nvarchar,200,0,0,1,0,0,NULL
dbo,EmailSendGridEvent,11,Response,nvarchar,-1,0,0,1,0,0,NULL
dbo,EmailSendGridEvent,12,Reason,nvarchar,-1,0,0,1,0,0,NULL
dbo,EmailSendGridEvent,13,Type,nvarchar,200,0,0,1,0,0,NULL
dbo,EmailSendGridEvent,14,BounceClassification,nvarchar,200,0,0,1,0,0,NULL
dbo,EmailSendGridEvent,15,RawPayloadJson,nvarchar,-1,0,0,1,0,0,NULL
dbo,EmailSendGridEvent,16,ReceivedAt,datetime,8,23,3,1,0,0,(getdate())
dbo,EmailSendGridEvent,17,IsSignatureValid,bit,1,1,0,1,0,0,NULL
dbo,EmailSendLog,1,EmailSendLogId,int,4,10,0,0,1,0,NULL
dbo,EmailSendLog,2,CorrelationId,nvarchar,200,0,0,0,0,0,NULL
dbo,EmailSendLog,3,ReferenceId,nvarchar,-1,0,0,1,0,0,NULL
dbo,EmailSendLog,4,Provider,nvarchar,100,0,0,0,0,0,NULL
dbo,EmailSendLog,5,Transport,nvarchar,100,0,0,0,0,0,NULL
dbo,EmailSendLog,6,SourceSystem,nvarchar,200,0,0,1,0,0,NULL
dbo,EmailSendLog,7,SourceController,nvarchar,200,0,0,1,0,0,NULL
dbo,EmailSendLog,8,SourceAction,nvarchar,200,0,0,1,0,0,NULL
dbo,EmailSendLog,9,SentByAppUserId,int,4,10,0,1,0,0,NULL
dbo,EmailSendLog,10,SentByUserPin,nvarchar,100,0,0,1,0,0,NULL
dbo,EmailSendLog,11,RecipientEmail,nvarchar,640,0,0,0,0,0,NULL
dbo,EmailSendLog,12,RecipientName,nvarchar,1000,0,0,1,0,0,NULL
dbo,EmailSendLog,13,RecipientType,nvarchar,40,0,0,1,0,0,NULL
dbo,EmailSendLog,14,Subject,nvarchar,1000,0,0,1,0,0,NULL
dbo,EmailSendLog,15,BodySnapshot,nvarchar,-1,0,0,1,0,0,NULL
dbo,EmailSendLog,16,TemplateId,nvarchar,200,0,0,1,0,0,NULL
dbo,EmailSendLog,17,TemplateTypeId,nvarchar,200,0,0,1,0,0,NULL
dbo,EmailSendLog,18,TemplateName,nvarchar,1000,0,0,1,0,0,NULL
dbo,EmailSendLog,19,AttachmentCount,int,4,10,0,1,0,0,NULL
dbo,EmailSendLog,20,AppSendStatus,nvarchar,100,0,0,0,0,0,NULL
dbo,EmailSendLog,21,AttemptedAt,datetime,8,23,3,0,0,0,(getdate())
dbo,EmailSendLog,22,AcceptedAt,datetime,8,23,3,1,0,0,NULL
dbo,EmailSendLog,23,SmtpFailureMessage,nvarchar,-1,0,0,1,0,0,NULL
dbo,EmailSendLog,24,ProviderStatus,nvarchar,100,0,0,1,0,0,NULL
dbo,EmailSendLog,25,ProviderMessageId,nvarchar,510,0,0,1,0,0,NULL
dbo,EmailSendLog,26,ProviderEventId,nvarchar,510,0,0,1,0,0,NULL
dbo,EmailSendLog,27,ProviderEventAt,datetime,8,23,3,1,0,0,NULL
dbo,EmailSendLog,28,ProviderResponse,nvarchar,-1,0,0,1,0,0,NULL
dbo,EmailSendLog,29,ProviderReason,nvarchar,-1,0,0,1,0,0,NULL
dbo,EmailSendLog,30,BounceClassification,nvarchar,200,0,0,1,0,0,NULL
dbo,EmailSendLog,31,CreatedBy,int,4,10,0,1,0,0,NULL
dbo,EmailSendLog,32,CreatedDate,datetime,8,23,3,1,0,0,(getdate())
dbo,EmailSendLog,33,UpdatedBy,int,4,10,0,1,0,0,NULL
dbo,EmailSendLog,34,UpdatedDate,datetime,8,23,3,1,0,0,NULL
dbo,EmailSendLog,35,IsDeleted,bit,1,1,0,1,0,0,((0))
dbo,EmailSmsHistory,1,EmailSmsHistoryId,int,4,10,0,0,1,0,NULL
dbo,EmailSmsHistory,2,ReciverName,nvarchar,1000,0,0,1,0,0,NULL
dbo,EmailSmsHistory,3,ReceiverEmailAddress,nvarchar,200,0,0,1,0,0,NULL
dbo,EmailSmsHistory,4,EmailTemplateId,nvarchar,100,0,0,1,0,0,NULL
dbo,EmailSmsHistory,5,EmailTemplateTypeId,nvarchar,100,0,0,1,0,0,NULL
dbo,EmailSmsHistory,6,EmailTemplateTitle,text,16,0,0,1,0,0,NULL
dbo,EmailSmsHistory,7,EmailTemplateDetail,text,16,0,0,1,0,0,NULL
dbo,EmailSmsHistory,8,EmailSentStatus,int,4,10,0,1,0,0,NULL
dbo,EmailSmsHistory,9,EmailSentFailedCount,int,4,10,0,1,0,0,NULL
dbo,EmailSmsHistory,10,EmailSentMessage,text,16,0,0,1,0,0,NULL
dbo,EmailSmsHistory,11,EmailResentCount,int,4,10,0,1,0,0,NULL
dbo,EmailSmsHistory,12,EmailSentBy,int,4,10,0,1,0,0,NULL
dbo,EmailSmsHistory,13,ReceiverPhoneNumber,nvarchar,40,0,0,1,0,0,NULL
dbo,EmailSmsHistory,14,SmsTemplateId,nvarchar,100,0,0,1,0,0,NULL
dbo,EmailSmsHistory,15,SmsTemplateTypeId,nvarchar,100,0,0,1,0,0,NULL
dbo,EmailSmsHistory,16,SmsTemplateTitle,text,16,0,0,1,0,0,NULL
dbo,EmailSmsHistory,17,SmsTemplateDetail,text,16,0,0,1,0,0,NULL
dbo,EmailSmsHistory,18,SmsSentStatus,int,4,10,0,1,0,0,NULL
dbo,EmailSmsHistory,19,SmsSentFailedCount,int,4,10,0,1,0,0,NULL
dbo,EmailSmsHistory,20,SmsSentMessage,text,16,0,0,1,0,0,NULL
dbo,EmailSmsHistory,21,SmsResentCount,int,4,10,0,1,0,0,NULL
dbo,EmailSmsHistory,22,SmsSentBy,int,4,10,0,1,0,0,NULL
dbo,EmailSmsHistory,23,CreatedBy,int,4,10,0,1,0,0,NULL
dbo,EmailSmsHistory,24,CreatedDate,datetime,8,23,3,1,0,0,NULL
dbo,EmailSmsHistory,25,UpdatedBy,int,4,10,0,1,0,0,NULL
dbo,EmailSmsHistory,26,UpdatedDate,datetime,8,23,3,1,0,0,NULL
dbo,EmailSmsHistory,27,IsDeleted,bit,1,1,0,1,0,0,NULL
dbo,EmailSmsHistory,28,DeletedBy,int,4,10,0,1,0,0,NULL
dbo,EmailSmsHistory,29,DeletedDate,datetime,8,23,3,1,0,0,NULL
dbo,EmailSmsHistory,30,DeleteReason,nvarchar,1000,0,0,1,0,0,NULL
dbo,FinancialUpazila,1,FinancialUpazilaId,int,4,10,0,0,1,0,NULL
dbo,FinancialUpazila,2,RefId,varchar,50,0,0,1,0,0,NULL
dbo,FinancialUpazila,3,FinancialUpazilaAccountCode,nvarchar,100,0,0,1,0,0,NULL
dbo,FinancialUpazila,4,FinancialUpazilaCode,nvarchar,100,0,0,1,0,0,NULL
dbo,FinancialUpazila,5,FinancialUpazilaName,nvarchar,100,0,0,0,0,0,NULL
dbo,FinancialUpazila,6,IsInception,bit,1,1,0,1,0,0,NULL
dbo,FinancialUpazila,7,InceptionLabel,nvarchar,100,0,0,1,0,0,NULL
dbo,FinancialUpazila,8,IsActive,bit,1,1,0,1,0,0,NULL
dbo,FinancialUpazila,9,InactivationNote,varchar,200,0,0,1,0,0,NULL
dbo,FinancialUpazila,10,IsThana,bit,1,1,0,1,0,0,NULL
dbo,FinancialUpazila,11,StartDate,datetime,8,23,3,1,0,0,NULL
dbo,FinancialUpazila,12,EndDate,datetime,8,23,3,1,0,0,NULL
dbo,FinancialUpazila,13,CreatedBy,int,4,10,0,1,0,0,NULL
dbo,FinancialUpazila,14,CreatedDate,datetime,8,23,3,1,0,0,NULL
dbo,FinancialUpazila,15,UpdatedBy,int,4,10,0,1,0,0,NULL
dbo,FinancialUpazila,16,UpdatedDate,datetime,8,23,3,1,0,0,NULL
dbo,FinancialUpazila,17,IsDeleted,bit,1,1,0,1,0,0,NULL
dbo,FinancialUpazila,18,DeletedBy,int,4,10,0,1,0,0,NULL
dbo,FinancialUpazila,19,DeletedDate,datetime,8,23,3,1,0,0,NULL
dbo,FinancialUpazila,20,DeleteReason,nvarchar,1000,0,0,1,0,0,NULL
dbo,ForwardingLetterTemplate,1,ForLetTempId,int,4,10,0,0,1,0,NULL
dbo,ForwardingLetterTemplate,2,ForLetTempName,nvarchar,500,0,0,0,0,0,NULL
dbo,ForwardingLetterTemplate,3,SubProgrammeId,int,4,10,0,1,0,0,NULL
dbo,ForwardingLetterTemplate,4,ProgrammeId,int,4,10,0,1,0,0,NULL
dbo,ForwardingLetterTemplate,5,ProgrammeGroupId,int,4,10,0,1,0,0,NULL
dbo,ForwardingLetterTemplate,6,ProjectId,int,4,10,0,1,0,0,NULL
dbo,ForwardingLetterTemplate,7,ReportTypeId,int,4,10,0,1,0,0,NULL
dbo,ForwardingLetterTemplate,8,AuditTypeId,int,4,10,0,1,0,0,NULL
dbo,ForwardingLetterTemplate,9,RiskTypeId,int,4,10,0,1,0,0,NULL
dbo,ForwardingLetterTemplate,10,ForLetTempDate,datetime,8,23,3,1,0,0,NULL
dbo,ForwardingLetterTemplate,11,RiskCategoryId,int,4,10,0,1,0,0,NULL
dbo,ForwardingLetterTemplate,12,ShowRiskCategory,bit,1,1,0,1,0,0,NULL
dbo,ForwardingLetterTemplate,13,OverallBranchRating,varchar,250,0,0,1,0,0,NULL
dbo,ForwardingLetterTemplate,14,ShowOverallBranchRating,bit,1,1,0,1,0,0,NULL
dbo,ForwardingLetterTemplate,15,ForLetTempEmailAddressTo,text,16,0,0,1,0,0,NULL
dbo,ForwardingLetterTemplate,16,ForLetTempEmailAddressText,text,16,0,0,1,0,0,NULL
dbo,ForwardingLetterTemplate,17,BranchId,int,4,10,0,1,0,0,NULL
dbo,ForwardingLetterTemplate,18,BranchName,varchar,250,0,0,1,0,0,NULL
dbo,ForwardingLetterTemplate,19,ShowBranch,bit,1,1,0,1,0,0,NULL
dbo,ForwardingLetterTemplate,20,OrgUpazilaId,int,4,10,0,1,0,0,NULL
dbo,ForwardingLetterTemplate,21,OrgUpazilaName,varchar,250,0,0,1,0,0,NULL
dbo,ForwardingLetterTemplate,22,ShowOrgUpazila,bit,1,1,0,1,0,0,NULL
dbo,ForwardingLetterTemplate,23,OrgAreaId,int,4,10,0,1,0,0,NULL
dbo,ForwardingLetterTemplate,24,OrgAreaName,varchar,250,0,0,1,0,0,NULL
dbo,ForwardingLetterTemplate,25,ShowOrgArea,bit,1,1,0,1,0,0,NULL
dbo,ForwardingLetterTemplate,26,OrgDistrictId,int,4,10,0,1,0,0,NULL
dbo,ForwardingLetterTemplate,27,OrgDistrictName,varchar,250,0,0,1,0,0,NULL
dbo,ForwardingLetterTemplate,28,ShowOrgDistrict,bit,1,1,0,1,0,0,NULL
dbo,ForwardingLetterTemplate,29,AuditPeriodStartDate,datetime,8,23,3,1,0,0,NULL
dbo,ForwardingLetterTemplate,30,AuditPeriodEndDate,datetime,8,23,3,1,0,0,NULL
dbo,ForwardingLetterTemplate,31,ShowAuditPeriod,bit,1,1,0,1,0,0,NULL
dbo,ForwardingLetterTemplate,32,ApplicationName,varchar,250,0,0,1,0,0,NULL
dbo,ForwardingLetterTemplate,33,ShowApplicationName,bit,1,1,0,1,0,0,NULL
dbo,ForwardingLetterTemplate,34,ForLetTempSubject,varchar,-1,0,0,1,0,0,NULL
dbo,ForwardingLetterTemplate,35,ForLetTempBody,varchar,-1,0,0,1,0,0,NULL
dbo,ForwardingLetterTemplate,36,ForLetTempSignatory,varchar,250,0,0,1,0,0,NULL
dbo,ForwardingLetterTemplate,37,ForLetTempSignatureText,varchar,-1,0,0,1,0,0,NULL
dbo,ForwardingLetterTemplate,38,ForLetTempSignatureImage,varchar,-1,0,0,1,0,0,NULL
dbo,ForwardingLetterTemplate,39,ForLetTempSignature,varchar,-1,0,0,1,0,0,NULL
dbo,ForwardingLetterTemplate,40,ShowPopulationSample,bit,1,1,0,1,0,0,NULL
dbo,ForwardingLetterTemplate,41,ForLetTempEmailAddressCopy,varchar,-1,0,0,1,0,0,NULL
dbo,ForwardingLetterTemplate,42,EmailAddressCc,varchar,1000,0,0,1,0,0,NULL
dbo,ForwardingLetterTemplate,43,EmailAddressCcDesignation,varchar,1000,0,0,1,0,0,NULL
dbo,ForwardingLetterTemplate,44,EmailAddressTo,varchar,1000,0,0,1,0,0,NULL
dbo,ForwardingLetterTemplate,45,EmailAddressToDesignation,varchar,1000,0,0,1,0,0,NULL
dbo,ForwardingLetterTemplate,46,ForwardingLetterTo,varchar,1000,0,0,1,0,0,NULL
dbo,ForwardingLetterTemplate,47,EmailAddressFrom,varchar,1000,0,0,1,0,0,NULL
dbo,ForwardingLetterTemplate,48,CommunicationAddress,varchar,-1,0,0,1,0,0,NULL
dbo,ForwardingLetterTemplate,49,FinalScore,decimal,9,18,2,1,0,0,NULL
dbo,ForwardingLetterTemplate,50,IsReplicate,bit,1,1,0,1,0,0,NULL
dbo,ForwardingLetterTemplate,51,ReplicatedForLetTempId,int,4,10,0,1,0,0,NULL
dbo,ForwardingLetterTemplate,52,ReplicatedBy,int,4,10,0,1,0,0,NULL
dbo,ForwardingLetterTemplate,53,ReplicatedDate,datetime,8,23,3,1,0,0,NULL
dbo,ForwardingLetterTemplate,54,IsActive,bit,1,1,0,0,0,0,NULL
dbo,ForwardingLetterTemplate,55,CreatedBy,int,4,10,0,1,0,0,NULL
dbo,ForwardingLetterTemplate,56,CreatedDate,datetime,8,23,3,1,0,0,NULL
dbo,ForwardingLetterTemplate,57,UpdatedBy,int,4,10,0,1,0,0,NULL
dbo,ForwardingLetterTemplate,58,UpdatedDate,datetime,8,23,3,1,0,0,NULL
dbo,ForwardingLetterTemplate,59,IsDeleted,bit,1,1,0,1,0,0,NULL
dbo,ForwardingLetterTemplate,60,DeletedBy,int,4,10,0,1,0,0,NULL
dbo,ForwardingLetterTemplate,61,DeletedDate,datetime,8,23,3,1,0,0,NULL
dbo,ForwardingLetterTemplate,62,DeleteReason,varchar,250,0,0,1,0,0,NULL
dbo,ForwardingLetterType,1,ForwardingLetterTypeId,int,4,10,0,0,1,0,NULL
dbo,ForwardingLetterType,2,ForwardingLetterTypeName,nvarchar,200,0,0,0,0,0,NULL
dbo,ForwardingLetterType,3,IsActive,bit,1,1,0,1,0,0,NULL
dbo,ForwardingLetterType,4,CreatedBy,int,4,10,0,1,0,0,NULL
dbo,ForwardingLetterType,5,CreatedDate,datetime,8,23,3,1,0,0,NULL
dbo,ForwardingLetterType,6,UpdatedBy,int,4,10,0,1,0,0,NULL
dbo,ForwardingLetterType,7,UpdatedDate,datetime,8,23,3,1,0,0,NULL
dbo,ForwardingLetterType,8,IsDeleted,bit,1,1,0,1,0,0,NULL
dbo,ForwardingLetterType,9,DeletedBy,int,4,10,0,1,0,0,NULL
dbo,ForwardingLetterType,10,DeletedDate,datetime,8,23,3,1,0,0,NULL
dbo,ForwardingLetterType,11,DeleteReason,nvarchar,1000,0,0,1,0,0,NULL
dbo,NotificationEventType,1,NotificationEventTypeId,int,4,10,0,0,1,0,NULL
dbo,NotificationEventType,2,NotificationEventTypeName,nvarchar,500,0,0,0,0,0,NULL
dbo,NotificationEventType,3,IsActive,bit,1,1,0,1,0,0,NULL
dbo,NotificationEventType,4,CreatedBy,int,4,10,0,1,0,0,NULL
dbo,NotificationEventType,5,CreatedDate,datetime,8,23,3,1,0,0,NULL
dbo,NotificationEventType,6,UpdatedBy,int,4,10,0,1,0,0,NULL
dbo,NotificationEventType,7,UpdatedDate,datetime,8,23,3,1,0,0,NULL
dbo,NotificationEventType,8,IsDeleted,bit,1,1,0,1,0,0,NULL
dbo,NotificationEventType,9,DeletedBy,int,4,10,0,1,0,0,NULL
dbo,NotificationEventType,10,DeletedDate,datetime,8,23,3,1,0,0,NULL
dbo,NotificationEventType,11,DeleteReason,nvarchar,1000,0,0,1,0,0,NULL
dbo,NotificationLog,1,NotificationLogId,int,4,10,0,0,1,0,NULL
dbo,NotificationLog,2,NotificationTypeId,int,4,10,0,0,0,0,NULL
dbo,NotificationLog,3,NotificationFrom,varchar,150,0,0,1,0,0,NULL
dbo,NotificationLog,4,NotificationTo,varchar,150,0,0,1,0,0,NULL
dbo,NotificationLog,5,Subject,varchar,150,0,0,1,0,0,NULL
dbo,NotificationLog,6,Body,varchar,250,0,0,1,0,0,NULL
dbo,NotificationLog,7,SentDate,datetime,8,23,3,1,0,0,NULL
dbo,NotificationLog,8,Status,int,4,10,0,1,0,0,NULL
dbo,NotificationLog,9,IsActive,bit,1,1,0,0,0,0,NULL
dbo,NotificationLog,10,CreatedBy,int,4,10,0,1,0,0,NULL
dbo,NotificationLog,11,CreatedOn,datetime,8,23,3,1,0,0,NULL
dbo,NotificationLog,12,ModifiedBy,int,4,10,0,1,0,0,NULL
dbo,NotificationLog,13,ModifiedOn,datetime,8,23,3,1,0,0,NULL
dbo,NotificationLog,14,IsDeleted,bit,1,1,0,1,0,0,NULL
dbo,NotificationLog,15,DeletedBy,int,4,10,0,1,0,0,NULL
dbo,NotificationLog,16,DeletedOn,datetime,8,23,3,1,0,0,NULL
dbo,NotificationPriority,1,NotificationPriorityId,int,4,10,0,0,1,0,NULL
dbo,NotificationPriority,2,NotificationPriorityName,nvarchar,300,0,0,0,0,0,NULL
dbo,NotificationPriority,3,IsActive,bit,1,1,0,0,0,0,NULL
dbo,NotificationPriority,4,CreatedBy,int,4,10,0,1,0,0,NULL
dbo,NotificationPriority,5,CreatedDate,datetime,8,23,3,1,0,0,NULL
dbo,NotificationPriority,6,UpdatedBy,int,4,10,0,1,0,0,NULL
dbo,NotificationPriority,7,UpdatedDate,datetime,8,23,3,1,0,0,NULL
dbo,NotificationPriority,8,IsDeleted,bit,1,1,0,1,0,0,NULL
dbo,NotificationPriority,9,DeletedBy,int,4,10,0,1,0,0,NULL
dbo,NotificationPriority,10,DeletedDate,datetime,8,23,3,1,0,0,NULL
dbo,NotificationPriority,11,DeleteReason,nvarchar,1000,0,0,1,0,0,NULL
dbo,NotificationQueueSystem,1,NotificationQueueSystemId,int,4,10,0,0,1,0,NULL
dbo,NotificationQueueSystem,2,ProjectId,int,4,10,0,1,0,0,NULL
dbo,NotificationQueueSystem,3,ModuleId,int,4,10,0,1,0,0,NULL
dbo,NotificationQueueSystem,4,SubModuleId,int,4,10,0,1,0,0,NULL
dbo,NotificationQueueSystem,5,ItemId,int,4,10,0,1,0,0,NULL
dbo,NotificationQueueSystem,6,NotificationTypeId,int,4,10,0,1,0,0,NULL
dbo,NotificationQueueSystem,7,NotificationFrom,nvarchar,500,0,0,1,0,0,NULL
dbo,NotificationQueueSystem,8,NotificationTo,nvarchar,500,0,0,1,0,0,NULL
dbo,NotificationQueueSystem,9,FromUserId,int,4,10,0,1,0,0,NULL
dbo,NotificationQueueSystem,10,ToUserId,int,4,10,0,1,0,0,NULL
dbo,NotificationQueueSystem,11,Subject,nvarchar,500,0,0,1,0,0,NULL
dbo,NotificationQueueSystem,12,Body,nvarchar,-1,0,0,1,0,0,NULL
dbo,NotificationQueueSystem,13,SentDate,datetime,8,23,3,1,0,0,NULL
dbo,NotificationQueueSystem,14,NotificationStatus,int,4,10,0,1,0,0,NULL
dbo,NotificationQueueSystem,15,PerSmsWiseCount,int,4,10,0,1,0,0,NULL
dbo,NotificationQueueSystem,16,IsMasking,bit,1,1,0,1,0,0,NULL
dbo,NotificationQueueSystem,17,MaskingName,nvarchar,300,0,0,1,0,0,NULL
dbo,NotificationQueueSystem,18,ResendCount,int,4,10,0,1,0,0,NULL
dbo,NotificationQueueSystem,19,IsActive,bit,1,1,0,0,0,0,NULL
dbo,NotificationQueueSystem,20,RequestRaw,nvarchar,-1,0,0,1,0,0,NULL
dbo,NotificationQueueSystem,21,ResponseRaw,nvarchar,-1,0,0,1,0,0,NULL
dbo,NotificationQueueSystem,22,CreatedBy,int,4,10,0,1,0,0,NULL
dbo,NotificationQueueSystem,23,CreatedDate,datetime,8,23,3,1,0,0,NULL
dbo,NotificationQueueSystem,24,UpdatedBy,int,4,10,0,1,0,0,NULL
dbo,NotificationQueueSystem,25,UpdatedDate,datetime,8,23,3,1,0,0,NULL
dbo,NotificationQueueSystem,26,IsDeleted,bit,1,1,0,1,0,0,NULL
dbo,NotificationQueueSystem,27,DeletedBy,int,4,10,0,1,0,0,NULL
dbo,NotificationQueueSystem,28,DeletedDate,datetime,8,23,3,1,0,0,NULL
dbo,NotificationQueueSystem,29,DeleteReason,nvarchar,1000,0,0,1,0,0,NULL
dbo,NotificationQueueSystemDetail,1,NotificationQueueSystemDetailId,int,4,10,0,0,1,0,NULL
dbo,NotificationQueueSystemDetail,2,Attahment,varbinary,-1,0,0,1,0,0,NULL
dbo,NotificationQueueSystemDetail,3,IsActive,bit,1,1,0,0,0,0,NULL
dbo,NotificationQueueSystemDetail,4,CreatedBy,int,4,10,0,1,0,0,NULL
dbo,NotificationQueueSystemDetail,5,CreatedDate,datetime,8,23,3,1,0,0,NULL
dbo,NotificationQueueSystemDetail,6,UpdatedBy,int,4,10,0,1,0,0,NULL
dbo,NotificationQueueSystemDetail,7,UpdatedDate,datetime,8,23,3,1,0,0,NULL
dbo,NotificationQueueSystemDetail,8,IsDeleted,bit,1,1,0,1,0,0,NULL
dbo,NotificationQueueSystemDetail,9,DeletedBy,int,4,10,0,1,0,0,NULL
dbo,NotificationQueueSystemDetail,10,DeletedDate,datetime,8,23,3,1,0,0,NULL
dbo,NotificationQueueSystemDetail,11,DeleteReason,nvarchar,1000,0,0,1,0,0,NULL
dbo,NotificationQueueSystemDetail,12,NotificationQueueSystemId,int,4,10,0,1,0,0,NULL
dbo,NotificationStatus,1,NotificationStatusId,int,4,10,0,0,1,0,NULL
dbo,NotificationStatus,2,NotificationStatusName,nvarchar,300,0,0,0,0,0,NULL
dbo,NotificationStatus,3,IsActive,bit,1,1,0,0,0,0,NULL
dbo,NotificationStatus,4,CreatedBy,int,4,10,0,1,0,0,NULL
dbo,NotificationStatus,5,CreatedDate,datetime,8,23,3,1,0,0,NULL
dbo,NotificationStatus,6,UpdatedBy,int,4,10,0,1,0,0,NULL
dbo,NotificationStatus,7,UpdatedDate,datetime,8,23,3,1,0,0,NULL
dbo,NotificationStatus,8,IsDeleted,bit,1,1,0,1,0,0,NULL
dbo,NotificationStatus,9,DeletedBy,int,4,10,0,1,0,0,NULL
dbo,NotificationStatus,10,DeletedDate,datetime,8,23,3,1,0,0,NULL
dbo,NotificationStatus,11,DeleteReason,nvarchar,1000,0,0,1,0,0,NULL
dbo,NotificationTemplateTag,1,NotificationTemplateTagId,int,4,10,0,0,1,0,NULL
dbo,NotificationTemplateTag,2,NotificationTemplateTagName,nvarchar,500,0,0,0,0,0,NULL
dbo,NotificationTemplateTag,3,NotificationTemplateTagCode,nvarchar,500,0,0,0,0,0,NULL
dbo,NotificationTemplateTag,4,Description,nvarchar,5000,0,0,1,0,0,NULL
dbo,NotificationTemplateTag,5,IsActive,bit,1,1,0,1,0,0,NULL
dbo,NotificationTemplateTag,6,CreatedBy,int,4,10,0,1,0,0,NULL
dbo,NotificationTemplateTag,7,CreatedDate,datetime,8,23,3,1,0,0,NULL
dbo,NotificationTemplateTag,8,UpdatedBy,int,4,10,0,1,0,0,NULL
dbo,NotificationTemplateTag,9,UpdatedDate,datetime,8,23,3,1,0,0,NULL
dbo,NotificationTemplateTag,10,IsDeleted,bit,1,1,0,1,0,0,NULL
dbo,NotificationTemplateTag,11,DeletedBy,int,4,10,0,1,0,0,NULL
dbo,NotificationTemplateTag,12,DeletedDate,datetime,8,23,3,1,0,0,NULL
dbo,NotificationTemplateTag,13,DeleteReason,nvarchar,1000,0,0,1,0,0,NULL
dbo,NotificationTemplateTag,14,NotificationTemplateTagValue,nvarchar,500,0,0,1,0,0,NULL
dbo,NotificationTemplateTagDetail,1,NotificationTemplateTagDetailId,int,4,10,0,0,1,0,NULL
dbo,NotificationTemplateTagDetail,2,NotificationTemplateTagId,int,4,10,0,0,0,0,NULL
dbo,NotificationTemplateTagDetail,3,ComponentGroupId,int,4,10,0,0,0,0,NULL
dbo,NotificationTemplateTagDetail,4,ComponentId,int,4,10,0,0,0,0,NULL
dbo,NotificationTemplateTagDetail,5,IsActive,bit,1,1,0,1,0,0,NULL
dbo,NotificationTemplateTagDetail,6,CreatedBy,int,4,10,0,1,0,0,NULL
dbo,NotificationTemplateTagDetail,7,CreatedDate,datetime,8,23,3,1,0,0,NULL
dbo,NotificationTemplateTagDetail,8,UpdatedBy,int,4,10,0,1,0,0,NULL
dbo,NotificationTemplateTagDetail,9,UpdatedDate,datetime,8,23,3,1,0,0,NULL
dbo,NotificationTemplateTagDetail,10,IsDeleted,bit,1,1,0,1,0,0,NULL
dbo,NotificationTemplateTagDetail,11,DeletedBy,int,4,10,0,1,0,0,NULL
dbo,NotificationTemplateTagDetail,12,DeletedDate,datetime,8,23,3,1,0,0,NULL
dbo,NotificationTemplateTagDetail,13,DeleteReason,nvarchar,1000,0,0,1,0,0,NULL
dbo,NotificationType,1,NotificationTypeId,int,4,10,0,0,1,0,NULL
dbo,NotificationType,2,NotificationTypeName,nvarchar,300,0,0,0,0,0,NULL
dbo,NotificationType,3,NotificationTypeCode,nvarchar,300,0,0,1,0,0,NULL
dbo,NotificationType,4,IsActive,bit,1,1,0,0,0,0,NULL
dbo,NotificationType,5,CreatedBy,int,4,10,0,1,0,0,NULL
dbo,NotificationType,6,CreatedDate,datetime,8,23,3,1,0,0,NULL
dbo,NotificationType,7,UpdatedBy,int,4,10,0,1,0,0,NULL
dbo,NotificationType,8,UpdatedDate,datetime,8,23,3,1,0,0,NULL
dbo,NotificationType,9,IsDeleted,bit,1,1,0,1,0,0,NULL
dbo,NotificationType,10,DeletedBy,int,4,10,0,1,0,0,NULL
dbo,NotificationType,11,DeletedDate,datetime,8,23,3,1,0,0,NULL
dbo,NotificationType,12,DeleteReason,nvarchar,1000,0,0,1,0,0,NULL
dbo,ObjectType,1,ObjectTypeId,int,4,10,0,0,0,0,NULL
dbo,ObjectType,2,ObjectTypeName,nvarchar,100,0,0,0,0,0,NULL
dbo,ObjectType,3,TypeName,nvarchar,100,0,0,0,0,0,NULL
dbo,ObjectType,4,SchemaName,nvarchar,100,0,0,0,0,0,NULL
dbo,ObjectType,5,IsActive,bit,1,1,0,0,0,0,NULL
dbo,ObjectType,6,CreatedBy,int,4,10,0,1,0,0,NULL
dbo,ObjectType,7,CreatedTime,datetime,8,23,3,1,0,0,NULL
dbo,ObjectType,8,IsDeleted,bit,1,1,0,1,0,0,NULL
dbo,ObjectType,9,DeletedBy,int,4,10,0,1,0,0,NULL
dbo,ObjectType,10,DeletedDate,datetime,8,23,3,1,0,0,NULL
dbo,ObservationTemplateMaster,1,ID,int,4,10,0,0,1,0,NULL
dbo,ObservationTemplateMaster,2,ColumnName,varchar,250,0,0,1,0,0,NULL
dbo,ObservationTemplateMaster,3,DisplayLebel,varchar,250,0,0,1,0,0,NULL
dbo,ObservationTemplateMaster,4,DisplayLebelTwo,varchar,250,0,0,1,0,0,NULL
dbo,ObservationTemplateMaster,5,HasShowHideOption,nchar,20,0,0,1,0,0,NULL
dbo,ObservationTemplateMaster,6,DisplayOrder,int,4,10,0,1,0,0,NULL
dbo,ObservationTemplateMaster,7,InputType,varchar,250,0,0,1,0,0,NULL
dbo,ObservationTemplateMaster,8,IsRequired,bit,1,1,0,1,0,0,NULL
dbo,ObservationTemplateMaster,9,ShowColumn,bit,1,1,0,1,0,0,NULL
dbo,ReleaseNote,1,ReleaseNoteId,int,4,10,0,0,1,0,NULL
dbo,ReleaseNote,2,ReleaseNoteTitle,varchar,250,0,0,1,0,0,NULL
dbo,ReleaseNote,3,ModuleName,varchar,50,0,0,1,0,0,NULL
dbo,ReleaseNote,4,NoteDescription,varchar,250,0,0,1,0,0,NULL
dbo,ReleaseNote,5,ReleaseDate,datetime,8,23,3,1,0,0,NULL
dbo,ReleaseNote,6,VersionNumber,varchar,20,0,0,1,0,0,NULL
dbo,ReleaseNote,9,IsPublished,bit,1,1,0,1,0,0,NULL
dbo,ReleaseNoteDetail,1,ReleaseNoteDetailId,int,4,10,0,0,1,0,NULL
dbo,ReleaseNoteDetail,2,ReleaseNoteId,int,4,10,0,0,0,0,NULL
dbo,ReleaseNoteDetail,3,NoteTitle,varchar,500,0,0,1,0,0,NULL
dbo,ReleaseNoteDetail,4,NoteDescription,varchar,-1,0,0,1,0,0,NULL
dbo,ReleaseNoteDetail,5,JiraNumber,varchar,10,0,0,1,0,0,NULL
dbo,ReleaseNoteDetail,6,JiraUrl,varchar,250,0,0,1,0,0,NULL
dbo,ReleaseNoteDetail,7,IsPublished,bit,1,1,0,1,0,0,NULL
dbo,Role_Wise_Rule_Setup_Client,1,Sl,float,8,53,0,1,0,0,NULL
dbo,Role_Wise_Rule_Setup_Client,2,RoleID,float,8,53,0,1,0,0,NULL
dbo,Role_Wise_Rule_Setup_Client,3,Description (Exceptions),nvarchar,510,0,0,1,0,0,NULL
dbo,Role_Wise_Rule_Setup_Client,4,Value,float,8,53,0,1,0,0,NULL
dbo,Roles_List_Temp_Client,1,Id,float,8,53,0,1,0,0,NULL
dbo,Roles_List_Temp_Client,2,Name,nvarchar,510,0,0,1,0,0,NULL
dbo,Roles_List_Temp_Client,3,NormalizedName,nvarchar,510,0,0,1,0,0,NULL
dbo,Roles_List_Temp_Client,4,Description,float,8,53,0,1,0,0,NULL
dbo,Roles_List_Temp_Client,5,Status,float,8,53,0,1,0,0,NULL
dbo,Roles_List_Temp_Client,7,Role_Ref_Id,uniqueidentifier,16,0,0,0,0,0,(newid())
dbo,SecuredLink,1,Id,uniqueidentifier,16,0,0,0,0,0,(newid())
dbo,SecuredLink,2,UserEmail,nvarchar,-1,0,0,1,0,0,NULL
dbo,SecuredLink,3,UserPIN,nvarchar,-1,0,0,1,0,0,NULL
dbo,SecuredLink,4,GeneratedUrl,nvarchar,-1,0,0,0,0,0,NULL
dbo,SecuredLink,5,OriginalUrl,nvarchar,-1,0,0,0,0,0,NULL
dbo,SecuredLink,6,Payload,nvarchar,-1,0,0,1,0,0,NULL
dbo,SecuredLink,7,IsVisited,bit,1,1,0,0,0,0,((0))
dbo,SecuredLink,8,ExpirerdAt,datetime2,8,27,7,0,0,0,NULL
dbo,SecuredLink,9,SuccessMessage,nvarchar,-1,0,0,1,0,0,NULL
dbo,SecuredLink,10,CreatedAt,datetime2,8,27,7,0,0,0,(sysutcdatetime())
dbo,SecuredLink,11,VisitedAt,datetime2,8,27,7,1,0,0,NULL
dbo,SecuredLink,12,InternalSecurityToken,nvarchar,-1,0,0,1,0,0,NULL
dbo,SecuredLink,13,IsActive,bit,1,1,0,0,0,0,((1))
dbo,SecuredLink,14,CreatedBy,int,4,10,0,1,0,0,NULL
dbo,SecuredLink,15,CreatedDate,datetime,8,23,3,1,0,0,NULL
dbo,SecuredLink,16,UpdatedBy,int,4,10,0,1,0,0,NULL
dbo,SecuredLink,17,UpdatedDate,datetime,8,23,3,1,0,0,NULL
dbo,SecuredLink,18,IsDeleted,bit,1,1,0,1,0,0,((0))
dbo,SecuredLink,19,DeletedBy,int,4,10,0,1,0,0,NULL
dbo,SecuredLink,20,DeletedDate,datetime,8,23,3,1,0,0,NULL
dbo,SecuredLink,21,DeleteReason,nvarchar,1000,0,0,1,0,0,NULL
dbo,SecuredLink,22,CorrelationId,nvarchar,400,0,0,1,0,0,NULL
dbo,SecuredLink,23,ReportWritingReportId,int,4,10,0,1,0,0,NULL
dbo,SecuredLink,24,ProcessName,nvarchar,200,0,0,1,0,0,NULL
dbo,SecuredLink,25,ReferenceKey,nvarchar,1000,0,0,1,0,0,NULL
dbo,SecuredLink,26,ActionGroupKey,nvarchar,200,0,0,1,0,0,NULL
dbo,SmsConfiguration,1,SmsConfigurationId,int,4,10,0,0,1,0,NULL
dbo,SmsConfiguration,2,ConfigurationName,varchar,500,0,0,1,0,0,NULL
dbo,SmsConfiguration,3,SmsSize,int,4,10,0,0,0,0,NULL
dbo,SmsConfiguration,4,SmsPerDayLimit,int,4,10,0,0,0,0,NULL
dbo,SmsConfiguration,5,SmsMode,varchar,50,0,0,0,0,0,NULL
dbo,SmsConfiguration,6,IsMasking,bit,1,1,0,0,0,0,NULL
dbo,SmsConfiguration,7,IsActive,bit,1,1,0,0,0,0,NULL
dbo,SmsConfiguration,8,CreatedBy,int,4,10,0,1,0,0,NULL
dbo,SmsConfiguration,9,CreatedDate,datetime,8,23,3,1,0,0,NULL
dbo,SmsConfiguration,10,UpdatedBy,int,4,10,0,1,0,0,NULL
dbo,SmsConfiguration,11,UpdatedDate,datetime,8,23,3,1,0,0,NULL
dbo,SmsConfiguration,12,IsDeleted,bit,1,1,0,1,0,0,NULL
dbo,SmsConfiguration,13,DeletedBy,int,4,10,0,1,0,0,NULL
dbo,SmsConfiguration,14,DeletedDate,datetime,8,23,3,1,0,0,NULL
dbo,SmsConfiguration,15,DeleteReason,varchar,500,0,0,1,0,0,NULL
dbo,SmsConfiguration,16,SmsFromNumber,nvarchar,40,0,0,1,0,0,NULL
dbo,SmsConfiguration,17,SmsAccountSid,nvarchar,500,0,0,1,0,0,NULL
dbo,SmsConfiguration,18,SmsAuthToken,nvarchar,500,0,0,1,0,0,NULL
dbo,SmsConfiguration,19,AllowSms,bit,1,1,0,1,0,0,NULL
dbo,SyncHistory,1,SyncHistoryId,int,4,10,0,0,1,0,NULL
dbo,SyncHistory,2,SyncHistoryType,nvarchar,100,0,0,1,0,0,NULL
dbo,SyncHistory,3,SyncFor,nvarchar,300,0,0,1,0,0,NULL
dbo,SyncHistory,4,RowData,nvarchar,-1,0,0,1,0,0,NULL
dbo,SyncHistory,5,RowFile,varbinary,-1,0,0,1,0,0,NULL
dbo,SyncHistory,6,SyncDate,datetime,8,23,3,1,0,0,NULL
dbo,SyncHistory,7,ValidationKey,int,4,10,0,1,0,0,NULL
dbo,SyncHistory,8,ValidationYear,int,4,10,0,1,0,0,NULL
dbo,SyncHistory,10,CreatedBy,int,4,10,0,1,0,0,NULL
dbo,SyncHistory,11,CreatedDate,datetime,8,23,3,1,0,0,(getdate())
dbo,SyncHistory,12,UpdatedBy,int,4,10,0,1,0,0,NULL
dbo,SyncHistory,13,UpdatedDate,datetime,8,23,3,1,0,0,NULL
dbo,SyncHistory,14,IsDeleted,bit,1,1,0,1,0,0,((0))
dbo,SyncHistory,15,DeletedBy,int,4,10,0,1,0,0,NULL
dbo,SyncHistory,16,DeletedDate,datetime,8,23,3,1,0,0,NULL
dbo,SyncHistory,17,DeleteReason,nvarchar,1000,0,0,1,0,0,NULL
dbo,sysdiagrams,1,name,sysname,256,0,0,0,0,0,NULL
dbo,sysdiagrams,2,principal_id,int,4,10,0,0,0,0,NULL
dbo,sysdiagrams,3,diagram_id,int,4,10,0,0,1,0,NULL
dbo,sysdiagrams,4,version,int,4,10,0,1,0,0,NULL
dbo,sysdiagrams,5,definition,varbinary,-1,0,0,1,0,0,NULL
dbo,SystemNotificationDetail,1,SystemNotificationDetailId,uniqueidentifier,16,0,0,0,0,0,(newid())
dbo,SystemNotificationDetail,2,SystemNotificationId,uniqueidentifier,16,0,0,0,0,0,NULL
dbo,SystemNotificationDetail,3,ActionUrl,nvarchar,2000,0,0,0,0,0,NULL
dbo,SystemNotificationDetail,4,SenderUserId,int,4,10,0,1,0,0,NULL
dbo,SystemNotificationDetail,5,SenderPin,varchar,50,0,0,1,0,0,NULL
dbo,SystemNotificationDetail,6,SenderName,varchar,250,0,0,1,0,0,NULL
dbo,SystemNotificationDetail,7,SenderEmail,varchar,250,0,0,1,0,0,NULL
dbo,SystemNotificationDetail,8,SenderMobile,varchar,250,0,0,1,0,0,NULL
dbo,SystemNotificationDetail,9,SenderDesignation,varchar,250,0,0,1,0,0,NULL
dbo,SystemNotificationDetail,10,SenderFunctionalDesignation,varchar,250,0,0,1,0,0,NULL
dbo,SystemNotificationDetail,11,RecipientUserId,int,4,10,0,1,0,0,NULL
dbo,SystemNotificationDetail,12,RecipientPin,varchar,50,0,0,1,0,0,NULL
dbo,SystemNotificationDetail,13,RecipientName,varchar,250,0,0,1,0,0,NULL
dbo,SystemNotificationDetail,14,RecipientEmail,varchar,250,0,0,1,0,0,NULL
dbo,SystemNotificationDetail,15,RecipientMobile,varchar,250,0,0,1,0,0,NULL
dbo,SystemNotificationDetail,16,RecipientDesignation,varchar,250,0,0,1,0,0,NULL
dbo,SystemNotificationDetail,17,RecipientFunctionalDesignation,varchar,250,0,0,1,0,0,NULL
dbo,SystemNotificationDetail,18,IsActive,bit,1,1,0,0,0,0,NULL
dbo,SystemNotificationDetail,19,CreatedBy,int,4,10,0,1,0,0,NULL
dbo,SystemNotificationDetail,20,CreatedDate,datetime,8,23,3,1,0,0,NULL
dbo,SystemNotificationDetail,21,UpdatedBy,int,4,10,0,1,0,0,NULL
dbo,SystemNotificationDetail,22,UpdatedDate,datetime,8,23,3,1,0,0,NULL
dbo,SystemNotificationDetail,23,IsDeleted,bit,1,1,0,1,0,0,NULL
dbo,SystemNotificationDetail,24,DeletedBy,int,4,10,0,1,0,0,NULL
dbo,SystemNotificationDetail,25,DeletedDate,datetime,8,23,3,1,0,0,NULL
dbo,SystemNotificationDetail,26,DeleteReason,nvarchar,1000,0,0,1,0,0,NULL
dbo,SystemValidationInfo,1,SystemValidationInfoId,int,4,10,0,0,0,0,NULL
dbo,SystemValidationInfo,2,StartYear,int,4,10,0,0,0,0,NULL
dbo,SystemValidationInfo,3,EndYear,int,4,10,0,0,0,0,NULL
dbo,SystemValidationInfo,4,IsActive,bit,1,1,0,0,0,0,NULL
dbo,SystemValidationInfo,5,CreatedDate,datetime,8,23,3,1,0,0,NULL
dbo,SystemValidationInfo,6,UpdatedBy,int,4,10,0,1,0,0,NULL
dbo,SystemValidationInfo,7,UpdatedDate,datetime,8,23,3,1,0,0,NULL
dbo,SystemValidationInfo,8,IsDeleted,bit,1,1,0,1,0,0,NULL
dbo,SystemValidationInfo,9,DeletedBy,int,4,10,0,1,0,0,NULL
dbo,SystemValidationInfo,10,DeletedDate,datetime,8,23,3,1,0,0,NULL
dbo,SystemValidationInfo,11,DeleteReason,nvarchar,1000,0,0,1,0,0,NULL
dbo,UtilitySqlResult,1,ResultId,int,4,10,0,0,0,0,NULL
dbo,UtilitySqlResult,2,Success,bit,1,1,0,0,0,0,NULL
dbo,UtilitySqlResult,3,ResultCount,int,4,10,0,0,0,0,NULL
dbo,UtilitySqlResult,4,Message,varchar,500,0,0,1,0,0,NULL
di,LoanCollectionInformation,1,LoanCollectionInformationId,int,4,10,0,0,1,0,NULL
di,LoanCollectionInformation,2,BRiskProject,int,4,10,0,1,0,0,NULL
di,LoanCollectionInformation,3,Year,int,4,10,0,1,0,0,NULL
di,LoanCollectionInformation,4,Month,int,4,10,0,1,0,0,NULL
di,LoanCollectionInformation,5,division,nvarchar,510,0,0,1,0,0,NULL
di,LoanCollectionInformation,6,region,nvarchar,510,0,0,1,0,0,NULL
di,LoanCollectionInformation,7,area,nvarchar,510,0,0,1,0,0,NULL
di,LoanCollectionInformation,8,branch_name,nvarchar,510,0,0,1,0,0,NULL
di,LoanCollectionInformation,9,branch_code,nvarchar,510,0,0,1,0,0,NULL
di,LoanCollectionInformation,10,prg_no,nvarchar,510,0,0,1,0,0,NULL
di,LoanCollectionInformation,11,no_collection,nvarchar,510,0,0,1,0,0,NULL
di,LoanCollectionInformation,12,total_coll,nvarchar,510,0,0,1,0,0,NULL
di,LoanCollectionInformation,13,no_coll_latst_3_days,nvarchar,510,0,0,1,0,0,NULL
di,LoanCollectionInformation,14,amt_coll_latst_3_days,nvarchar,510,0,0,1,0,0,NULL
di,LoanCollectionInformation,15,no_savings_adjustment,nvarchar,510,0,0,1,0,0,NULL
di,LoanCollectionInformation,16,amt_savings_adjustment,nvarchar,510,0,0,1,0,0,NULL
di,LoanCollectionInformation,17,CreatedBy,int,4,10,0,1,0,0,NULL
di,LoanCollectionInformation,18,CreatedDate,datetime,8,23,3,1,0,0,NULL
di,LoanCollectionInformation,19,UpdatedBy,int,4,10,0,1,0,0,NULL
di,LoanCollectionInformation,20,UpdatedDate,datetime,8,23,3,1,0,0,NULL
di,LoanCollectionInformation,21,IsDeleted,bit,1,1,0,1,0,0,NULL
di,LoanCollectionInformation,22,DeletedBy,int,4,10,0,1,0,0,NULL
di,LoanCollectionInformation,23,DeletedDate,datetime,8,23,3,1,0,0,NULL
di,LoanCollectionInformation,24,DeleteReason,nvarchar,1000,0,0,1,0,0,NULL
di,LoanDisbursementInformation,1,LoanDisbursementInformationId,int,4,10,0,0,1,0,NULL
di,LoanDisbursementInformation,2,BRiskProject,int,4,10,0,1,0,0,NULL
di,LoanDisbursementInformation,3,Year,int,4,10,0,1,0,0,NULL
di,LoanDisbursementInformation,4,Month,int,4,10,0,1,0,0,NULL
di,LoanDisbursementInformation,5,division,nvarchar,510,0,0,1,0,0,NULL
di,LoanDisbursementInformation,6,region,nvarchar,510,0,0,1,0,0,NULL
di,LoanDisbursementInformation,7,area,nvarchar,510,0,0,1,0,0,NULL
di,LoanDisbursementInformation,8,branch_name,nvarchar,510,0,0,1,0,0,NULL
di,LoanDisbursementInformation,9,branch_code,nvarchar,510,0,0,1,0,0,NULL
di,LoanDisbursementInformation,10,prg_no,nvarchar,510,0,0,1,0,0,NULL
di,LoanDisbursementInformation,11,this_month_total_disb,nvarchar,510,0,0,1,0,0,NULL
di,LoanDisbursementInformation,12,cash_disb,nvarchar,510,0,0,1,0,0,NULL
di,LoanDisbursementInformation,13,rf_disbamt,nvarchar,510,0,0,1,0,0,NULL
di,LoanDisbursementInformation,14,rs_disbamt,nvarchar,510,0,0,1,0,0,NULL
di,LoanDisbursementInformation,15,rf_cash,nvarchar,510,0,0,1,0,0,NULL
di,LoanDisbursementInformation,16,last_3days_total_disb,nvarchar,510,0,0,1,0,0,NULL
di,LoanDisbursementInformation,17,last_3days_cashdisb,nvarchar,510,0,0,1,0,0,NULL
di,LoanDisbursementInformation,18,last_3day_rf_disbamt,nvarchar,510,0,0,1,0,0,NULL
di,LoanDisbursementInformation,19,last_3days_rs_disbamt,nvarchar,510,0,0,1,0,0,NULL
di,LoanDisbursementInformation,20,last_3days_rf_cash,nvarchar,510,0,0,1,0,0,NULL
di,LoanDisbursementInformation,21,last_5days_total_disb,nvarchar,510,0,0,1,0,0,NULL
di,LoanDisbursementInformation,22,last_5days_cashdisb,nvarchar,510,0,0,1,0,0,NULL
di,LoanDisbursementInformation,23,last_5day_rf_disbamt,nvarchar,510,0,0,1,0,0,NULL
di,LoanDisbursementInformation,24,last_5days_rs_disbamt,nvarchar,510,0,0,1,0,0,NULL
di,LoanDisbursementInformation,25,last_5days_rf_cash,nvarchar,510,0,0,1,0,0,NULL
di,LoanDisbursementInformation,26,CreatedBy,int,4,10,0,1,0,0,NULL
di,LoanDisbursementInformation,27,CreatedDate,datetime,8,23,3,1,0,0,NULL
di,LoanDisbursementInformation,28,UpdatedBy,int,4,10,0,1,0,0,NULL
di,LoanDisbursementInformation,29,UpdatedDate,datetime,8,23,3,1,0,0,NULL
di,LoanDisbursementInformation,30,IsDeleted,bit,1,1,0,1,0,0,NULL
di,LoanDisbursementInformation,31,DeletedBy,int,4,10,0,1,0,0,NULL
di,LoanDisbursementInformation,32,DeletedDate,datetime,8,23,3,1,0,0,NULL
di,LoanDisbursementInformation,33,DeleteReason,nvarchar,1000,0,0,1,0,0,NULL
di,LoanDisbursementOverdueInformation,1,LoanDisbursementOverdueInformationId,int,4,10,0,0,1,0,NULL
di,LoanDisbursementOverdueInformation,2,BRiskProject,int,4,10,0,1,0,0,NULL
di,LoanDisbursementOverdueInformation,3,Year,int,4,10,0,1,0,0,NULL
di,LoanDisbursementOverdueInformation,4,Month,int,4,10,0,1,0,0,NULL
di,LoanDisbursementOverdueInformation,5,division,nvarchar,510,0,0,1,0,0,NULL
di,LoanDisbursementOverdueInformation,6,region,nvarchar,510,0,0,1,0,0,NULL
di,LoanDisbursementOverdueInformation,7,area,nvarchar,510,0,0,1,0,0,NULL
di,LoanDisbursementOverdueInformation,8,branch_name,nvarchar,510,0,0,1,0,0,NULL
di,LoanDisbursementOverdueInformation,9,branch_code,nvarchar,510,0,0,1,0,0,NULL
di,LoanDisbursementOverdueInformation,10,prg_no,nvarchar,510,0,0,1,0,0,NULL
di,LoanDisbursementOverdueInformation,11,no_disb,nvarchar,510,0,0,1,0,0,NULL
di,LoanDisbursementOverdueInformation,12,disbamt,nvarchar,510,0,0,1,0,0,NULL
di,LoanDisbursementOverdueInformation,13,no_overdue,nvarchar,510,0,0,1,0,0,NULL
di,LoanDisbursementOverdueInformation,14,overdue_amt,nvarchar,510,0,0,1,0,0,NULL
di,LoanDisbursementOverdueInformation,15,CreatedBy,int,4,10,0,1,0,0,NULL
di,LoanDisbursementOverdueInformation,16,CreatedDate,datetime,8,23,3,1,0,0,NULL
di,LoanDisbursementOverdueInformation,17,UpdatedBy,int,4,10,0,1,0,0,NULL
di,LoanDisbursementOverdueInformation,18,UpdatedDate,datetime,8,23,3,1,0,0,NULL
di,LoanDisbursementOverdueInformation,19,IsDeleted,bit,1,1,0,1,0,0,NULL
di,LoanDisbursementOverdueInformation,20,DeletedBy,int,4,10,0,1,0,0,NULL
di,LoanDisbursementOverdueInformation,21,DeletedDate,datetime,8,23,3,1,0,0,NULL
di,LoanDisbursementOverdueInformation,22,DeleteReason,nvarchar,1000,0,0,1,0,0,NULL
di,Particular,1,ParticularId,int,4,10,0,0,1,0,NULL
di,Particular,2,Name,nvarchar,510,0,0,1,0,0,NULL
di,Particular,3,Code,nvarchar,510,0,0,1,0,0,NULL
di,Particular,4,ShortName,nvarchar,510,0,0,1,0,0,NULL
di,Particular,5,IsActive,bit,1,1,0,0,0,0,NULL
di,Particular,6,CreatedBy,int,4,10,0,0,0,0,NULL
di,Particular,7,CreatedDate,datetime,8,23,3,1,0,0,NULL
di,Particular,8,UpdatedBy,int,4,10,0,1,0,0,NULL
di,Particular,9,UpdatedDate,datetime,8,23,3,1,0,0,NULL
di,Particular,10,IsDeleted,bit,1,1,0,1,0,0,NULL
di,Particular,11,DeletedBy,int,4,10,0,1,0,0,NULL
di,Particular,12,DeletedDate,datetime,8,23,3,1,0,0,NULL
di,Particular,13,DeleteReason,nvarchar,1000,0,0,1,0,0,NULL
di,PeriodPerformanceGrowth,1,PeriodPerformanceGrowthId,int,4,10,0,0,1,0,NULL
di,PeriodPerformanceGrowth,2,ParticularId,int,4,10,0,1,0,0,NULL
di,PeriodPerformanceGrowth,3,BRiskProject,int,4,10,0,1,0,0,NULL
di,PeriodPerformanceGrowth,4,Year,int,4,10,0,1,0,0,NULL
di,PeriodPerformanceGrowth,5,Month,int,4,10,0,1,0,0,NULL
di,PeriodPerformanceGrowth,6,branch_name,nvarchar,510,0,0,1,0,0,NULL
di,PeriodPerformanceGrowth,7,branch_code,nvarchar,510,0,0,1,0,0,NULL
di,PeriodPerformanceGrowth,8,Amount,decimal,9,18,2,1,0,0,NULL
di,PeriodPerformanceGrowth,9,CreatedBy,int,4,10,0,1,0,0,NULL
di,PeriodPerformanceGrowth,10,CreatedDate,datetime,8,23,3,1,0,0,NULL
di,PeriodPerformanceGrowth,11,UpdatedBy,int,4,10,0,1,0,0,NULL
di,PeriodPerformanceGrowth,12,UpdatedDate,datetime,8,23,3,1,0,0,NULL
di,PeriodPerformanceGrowth,13,IsDeleted,bit,1,1,0,1,0,0,NULL
di,PeriodPerformanceGrowth,14,DeletedBy,int,4,10,0,1,0,0,NULL
di,PeriodPerformanceGrowth,15,DeletedDate,datetime,8,23,3,1,0,0,NULL
di,PeriodPerformanceGrowth,16,DeleteReason,nvarchar,1000,0,0,1,0,0,NULL
di,SlaveWiseDisbursmentInformation,1,SlaveWiseDisbursmentInformationId,int,4,10,0,0,1,0,NULL
di,SlaveWiseDisbursmentInformation,2,BRiskProject,int,4,10,0,1,0,0,NULL
di,SlaveWiseDisbursmentInformation,3,Year,int,4,10,0,1,0,0,NULL
di,SlaveWiseDisbursmentInformation,4,Month,int,4,10,0,1,0,0,NULL
di,SlaveWiseDisbursmentInformation,5,division,nvarchar,510,0,0,1,0,0,NULL
di,SlaveWiseDisbursmentInformation,6,region,nvarchar,510,0,0,1,0,0,NULL
di,SlaveWiseDisbursmentInformation,7,area,nvarchar,510,0,0,1,0,0,NULL
di,SlaveWiseDisbursmentInformation,8,branch_name,nvarchar,510,0,0,1,0,0,NULL
di,SlaveWiseDisbursmentInformation,9,ao_no,nvarchar,510,0,0,1,0,0,NULL
di,SlaveWiseDisbursmentInformation,10,prg_no,nvarchar,510,0,0,1,0,0,NULL
di,SlaveWiseDisbursmentInformation,11,no_disb,nvarchar,510,0,0,1,0,0,NULL
di,SlaveWiseDisbursmentInformation,12,disbamt,nvarchar,510,0,0,1,0,0,NULL
di,SlaveWiseDisbursmentInformation,13,no_overdue,nvarchar,510,0,0,1,0,0,NULL
di,SlaveWiseDisbursmentInformation,14,overdue_amt,nvarchar,510,0,0,1,0,0,NULL
di,SlaveWiseDisbursmentInformation,15,tot_out_amt,nvarchar,510,0,0,1,0,0,NULL
di,SlaveWiseDisbursmentInformation,16,no_repeat_loan,nvarchar,510,0,0,1,0,0,NULL
di,SlaveWiseDisbursmentInformation,17,repeat_loan_amt,nvarchar,510,0,0,1,0,0,NULL
di,SlaveWiseDisbursmentInformation,18,no_new_loan,nvarchar,510,0,0,1,0,0,NULL
di,SlaveWiseDisbursmentInformation,19,new_loan_amt,nvarchar,510,0,0,1,0,0,NULL
di,SlaveWiseDisbursmentInformation,20,no_disb_less_10k,nvarchar,510,0,0,1,0,0,NULL
di,SlaveWiseDisbursmentInformation,21,amt_disb_less_10k,nvarchar,510,0,0,1,0,0,NULL
di,SlaveWiseDisbursmentInformation,22,no_disb_10k_20k,nvarchar,510,0,0,1,0,0,NULL
di,SlaveWiseDisbursmentInformation,23,amt_disb_10k_20k,nvarchar,510,0,0,1,0,0,NULL
di,SlaveWiseDisbursmentInformation,24,no_disb_10_1k_30k,nvarchar,510,0,0,1,0,0,NULL
di,SlaveWiseDisbursmentInformation,25,amt_disb_10_1k_30k,nvarchar,510,0,0,1,0,0,NULL
di,SlaveWiseDisbursmentInformation,26,no_disb_20_1k_30k,nvarchar,510,0,0,1,0,0,NULL
di,SlaveWiseDisbursmentInformation,27,amt_disb_20_1k_30k,nvarchar,510,0,0,1,0,0,NULL
di,SlaveWiseDisbursmentInformation,28,no_disb_30_1k_50k,nvarchar,510,0,0,1,0,0,NULL
di,SlaveWiseDisbursmentInformation,29,amt_disb_30_1k_50k,nvarchar,510,0,0,1,0,0,NULL
di,SlaveWiseDisbursmentInformation,30,no_disb_50_1k_80k,nvarchar,510,0,0,1,0,0,NULL
di,SlaveWiseDisbursmentInformation,31,amt_disb_50_1k_80k,nvarchar,510,0,0,1,0,0,NULL
di,SlaveWiseDisbursmentInformation,32,no_disb_80_1k_100k,nvarchar,510,0,0,1,0,0,NULL
di,SlaveWiseDisbursmentInformation,33,amt_disb_80_1k_100k,nvarchar,510,0,0,1,0,0,NULL
di,SlaveWiseDisbursmentInformation,34,no_disb_80_1k_100k_2,nvarchar,510,0,0,1,0,0,NULL
di,SlaveWiseDisbursmentInformation,35,amt_disb_80_1k_100k_2,nvarchar,510,0,0,1,0,0,NULL
di,SlaveWiseDisbursmentInformation,36,current_borr,nvarchar,510,0,0,1,0,0,NULL
di,SlaveWiseDisbursmentInformation,37,no_curr_to_late,nvarchar,510,0,0,1,0,0,NULL
di,SlaveWiseDisbursmentInformation,38,curr_to_late_amt,nvarchar,510,0,0,1,0,0,NULL
di,SlaveWiseDisbursmentInformation,39,new_ad_member,nvarchar,510,0,0,1,0,0,NULL
di,SlaveWiseDisbursmentInformation,40,branch_cate,nvarchar,510,0,0,1,0,0,NULL
di,SlaveWiseDisbursmentInformation,41,branch_cate_2,nvarchar,510,0,0,1,0,0,NULL
di,SlaveWiseDisbursmentInformation,42,CreatedBy,int,4,10,0,1,0,0,NULL
di,SlaveWiseDisbursmentInformation,43,CreatedDate,datetime,8,23,3,1,0,0,NULL
di,SlaveWiseDisbursmentInformation,44,UpdatedBy,int,4,10,0,1,0,0,NULL
di,SlaveWiseDisbursmentInformation,45,UpdatedDate,datetime,8,23,3,1,0,0,NULL
di,SlaveWiseDisbursmentInformation,46,IsDeleted,bit,1,1,0,1,0,0,NULL
di,SlaveWiseDisbursmentInformation,47,DeletedBy,int,4,10,0,1,0,0,NULL
di,SlaveWiseDisbursmentInformation,48,DeletedDate,datetime,8,23,3,1,0,0,NULL
di,SlaveWiseDisbursmentInformation,49,DeleteReason,nvarchar,1000,0,0,1,0,0,NULL
di,VoInformation,1,VoInformationId,int,4,10,0,0,1,0,NULL
di,VoInformation,2,BRiskProject,int,4,10,0,1,0,0,NULL
di,VoInformation,3,Year,int,4,10,0,1,0,0,NULL
di,VoInformation,4,Month,int,4,10,0,1,0,0,NULL
di,VoInformation,5,division,nvarchar,510,0,0,1,0,0,NULL
di,VoInformation,6,region,nvarchar,510,0,0,1,0,0,NULL
di,VoInformation,7,area,nvarchar,510,0,0,1,0,0,NULL
di,VoInformation,8,branch_name,nvarchar,510,0,0,1,0,0,NULL
di,VoInformation,9,branch_code,nvarchar,510,0,0,1,0,0,NULL
di,VoInformation,10,vono,nvarchar,510,0,0,1,0,0,NULL
di,VoInformation,11,vo_name,nvarchar,510,0,0,1,0,0,NULL
di,VoInformation,12,vo_formation_date,nvarchar,510,0,0,1,0,0,NULL
di,VoInformation,13,memberno,nvarchar,510,0,0,1,0,0,NULL
di,VoInformation,14,member_name,nvarchar,510,0,0,1,0,0,NULL
di,VoInformation,15,erpmemberno,nvarchar,510,0,0,1,0,0,NULL
di,VoInformation,16,membership_date,nvarchar,510,0,0,1,0,0,NULL
di,VoInformation,17,name_of_po,nvarchar,510,0,0,0,0,0,NULL
di,VoInformation,18,CreatedBy,int,4,10,0,1,0,0,NULL
di,VoInformation,19,CreatedDate,datetime,8,23,3,1,0,0,NULL
di,VoInformation,20,UpdatedBy,int,4,10,0,1,0,0,NULL
di,VoInformation,21,UpdatedDate,datetime,8,23,3,1,0,0,NULL
di,VoInformation,22,IsDeleted,bit,1,1,0,1,0,0,NULL
di,VoInformation,23,DeletedBy,int,4,10,0,1,0,0,NULL
di,VoInformation,24,DeletedDate,datetime,8,23,3,1,0,0,NULL
di,VoInformation,25,DeleteReason,nvarchar,1000,0,0,1,0,0,NULL
dms,Content,1,ContentId,int,4,10,0,0,1,0,NULL
dms,Content,2,Stream,varbinary,-1,0,0,1,0,0,NULL
dms,Content,3,IsDeleted,bit,1,1,0,1,0,0,NULL
dms,Content,4,DeletedBy,int,4,10,0,1,0,0,NULL
dms,Content,5,DeletedOn,datetime,8,23,3,1,0,0,NULL
dms,ContentDetail,1,ContentDetailId,int,4,10,0,0,1,0,NULL
dms,ContentDetail,2,ContentId,int,4,10,0,1,0,0,NULL
dms,ContentDetail,3,ParentContentId,int,4,10,0,1,0,0,NULL
dms,ContentDetail,4,ContentName,varchar,50,0,0,1,0,0,NULL
dms,ContentDetail,5,ContentTypeId,int,4,10,0,0,0,0,NULL
dms,ContentDetail,6,ObjectId,int,4,10,0,1,0,0,NULL
dms,ContentDetail,7,ObjectTypeId,int,4,10,0,1,0,0,NULL
dms,ContentDetail,8,ContentLength,int,4,10,0,0,0,0,NULL
dms,ContentDetail,9,Version,varchar,50,0,0,1,0,0,NULL
dms,ContentDetail,10,Description,varchar,-1,0,0,1,0,0,NULL
dms,ContentDetail,11,Keyword,varchar,-1,0,0,1,0,0,NULL
dms,ContentDetail,12,IsDelete,bit,1,1,0,1,0,0,NULL
dms,ContentDetail,13,DeleteDate,datetime,8,23,3,1,0,0,NULL
dms,ContentDetail,14,NodeId,int,4,10,0,0,0,0,NULL
dms,ContentDetail,15,BlobURL,varchar,500,0,0,1,0,0,NULL
dms,ContentDetail,16,CreateBy,int,4,10,0,1,0,0,NULL
dms,ContentDetail,17,CreateDate,datetime,8,23,3,1,0,0,NULL
dms,ContentDetail,18,ModifyBy,int,4,10,0,1,0,0,NULL
dms,ContentDetail,19,ModifyDate,datetime,8,23,3,1,0,0,NULL
dms,ContentDetail,20,IsDeleted,bit,1,1,0,1,0,0,NULL
dms,ContentDetail,21,DeletedBy,int,4,10,0,1,0,0,NULL
dms,ContentDetail,22,DeletedOn,datetime,8,23,3,1,0,0,NULL
dms,ContentType,1,ContentTypeId,int,4,10,0,0,1,0,NULL
dms,ContentType,2,ContentTypeName,varchar,50,0,0,0,0,0,NULL
dms,ContentType,3,MimeType,varchar,100,0,0,0,0,0,NULL
dms,ContentType,4,Description,varchar,50,0,0,1,0,0,NULL
dms,ContentType,5,IsActive,bit,1,1,0,0,0,0,NULL
dms,ContentType,6,CreateBy,int,4,10,0,1,0,0,NULL
dms,ContentType,7,CreateDate,datetime,8,23,3,1,0,0,NULL
dms,ContentType,8,ModifyBy,int,4,10,0,1,0,0,NULL
dms,ContentType,9,ModifyDate,datetime,8,23,3,1,0,0,NULL
dms,ContentType,10,IsDeleted,bit,1,1,0,1,0,0,NULL
dms,ContentType,11,DeletedBy,int,4,10,0,1,0,0,NULL
dms,ContentType,12,DeletedOn,datetime,8,23,3,1,0,0,NULL
dms,Directory,1,DirectoryId,int,4,10,0,0,1,0,NULL
dms,Directory,2,DirectoryName,varchar,50,0,0,1,0,0,NULL
dms,Directory,3,NodeId,int,4,10,0,1,0,0,NULL
dms,Directory,4,DocumentLibraryId,int,4,10,0,0,0,0,NULL
dms,Directory,5,ParentFolderId,int,4,10,0,1,0,0,NULL
dms,Directory,6,Keyword,varchar,-1,0,0,1,0,0,NULL
dms,Directory,7,Description,varchar,-1,0,0,1,0,0,NULL
dms,Directory,8,IsDelete,bit,1,1,0,1,0,0,NULL
dms,Directory,9,CreateDate,datetime,8,23,3,1,0,0,NULL
dms,Directory,10,CreateBy,int,4,10,0,1,0,0,NULL
dms,Directory,11,ModifyDate,datetime,8,23,3,1,0,0,NULL
dms,Directory,12,ModifyBy,int,4,10,0,1,0,0,NULL
dms,Directory,13,IsDeleted,bit,1,1,0,1,0,0,NULL
dms,Directory,14,DeletedBy,int,4,10,0,1,0,0,NULL
dms,Directory,15,DeletedOn,datetime,8,23,3,1,0,0,NULL
dms,DocumentLibrary,1,DocumentLibraryId,int,4,10,0,0,1,0,NULL
dms,DocumentLibrary,2,DocumentLibraryName,varchar,50,0,0,0,0,0,NULL
dms,DocumentLibrary,3,RequiredRightId,int,4,10,0,0,0,0,NULL
dms,DocumentLibrary,4,Keyword,varchar,-1,0,0,1,0,0,NULL
dms,DocumentLibrary,5,NodeId,int,4,10,0,0,0,0,NULL
dms,DocumentLibrary,6,Description,varchar,-1,0,0,1,0,0,NULL
dms,DocumentLibrary,7,IsDelete,bit,1,1,0,1,0,0,NULL
dms,DocumentLibrary,8,CreateBy,int,4,10,0,1,0,0,NULL
dms,DocumentLibrary,9,CreateDate,datetime,8,23,3,1,0,0,NULL
dms,DocumentLibrary,10,ModifyBy,int,4,10,0,1,0,0,NULL
dms,DocumentLibrary,11,ModifyDate,datetime,8,23,3,1,0,0,NULL
dms,DocumentLibrary,12,IsDeleted,bit,1,1,0,1,0,0,NULL
dms,DocumentLibrary,13,DeletedBy,int,4,10,0,1,0,0,NULL
dms,DocumentLibrary,14,DeletedOn,datetime,8,23,3,1,0,0,NULL
dms,DocumentSource,1,DocumentSourceId,int,4,10,0,0,1,0,NULL
dms,DocumentSource,2,ProcessName,nvarchar,100,0,0,1,0,0,NULL
dms,DocumentSource,3,RefId,int,4,10,0,1,0,0,NULL
dms,DocumentSource,4,FileName,nvarchar,510,0,0,1,0,0,NULL
dms,DocumentSource,5,MimeType,nvarchar,100,0,0,1,0,0,NULL
dms,DocumentSource,6,FileSizeMb,decimal,9,18,2,1,0,0,NULL
dms,DocumentSource,7,SourcePath,nvarchar,510,0,0,1,0,0,NULL
dms,DocumentSource,8,SourceFile,varbinary,-1,0,0,1,0,0,NULL
dms,DocumentSource,9,IsActive,bit,1,1,0,1,0,0,NULL
dms,DocumentSource,10,CreatedBy,int,4,10,0,1,0,0,NULL
dms,DocumentSource,11,CreatedDate,datetime,8,23,3,1,0,0,NULL
dms,DocumentSource,12,UpdatedBy,int,4,10,0,1,0,0,NULL
dms,DocumentSource,13,UpdatedDate,datetime,8,23,3,1,0,0,NULL
dms,DocumentSource,14,IsDeleted,bit,1,1,0,1,0,0,NULL
dms,DocumentSource,15,DeletedBy,int,4,10,0,1,0,0,NULL
dms,DocumentSource,16,DeletedDate,datetime,8,23,3,1,0,0,NULL
dms,DocumentSource,17,DeleteReason,nchar,20,0,0,1,0,0,NULL
dms,DocumentStructureConfiguration,1,DocumentStructureConfigurationId,int,4,10,0,0,1,0,NULL
dms,DocumentStructureConfiguration,2,ComponentGroupId,int,4,10,0,1,0,0,NULL
dms,DocumentStructureConfiguration,3,PathGuidId,nvarchar,900,0,0,1,0,0,NULL
dms,DocumentStructureConfiguration,4,FileStorageType,int,4,10,0,1,0,0,NULL
dms,DocumentStructureConfiguration,5,OriginalPath,nvarchar,-1,0,0,1,0,0,NULL
dms,DocumentStructureConfiguration,6,BucketPath,nvarchar,-1,0,0,1,0,0,NULL
dms,DocumentStructureConfiguration,7,PublicPortalPath,nvarchar,-1,0,0,1,0,0,NULL
dms,DocumentStructureConfiguration,8,IsActive,bit,1,1,0,0,0,0,NULL
dms,DocumentStructureConfiguration,9,CreatedBy,int,4,10,0,1,0,0,NULL
dms,DocumentStructureConfiguration,10,CreatedDate,datetime,8,23,3,1,0,0,NULL
dms,DocumentStructureConfiguration,11,UpdatedBy,int,4,10,0,1,0,0,NULL
dms,DocumentStructureConfiguration,12,UpdatedDate,datetime,8,23,3,1,0,0,NULL
dms,DocumentStructureConfiguration,13,IsDeleted,bit,1,1,0,1,0,0,NULL
dms,DocumentStructureConfiguration,14,DeletedBy,int,4,10,0,1,0,0,NULL
dms,DocumentStructureConfiguration,15,DeletedDate,datetime,8,23,3,1,0,0,NULL
dms,DocumentStructureConfiguration,16,DeleteReason,nvarchar,1000,0,0,1,0,0,NULL
dms,FileStorageHistory,1,FileStorageHistoryId,int,4,10,0,0,1,0,NULL
dms,FileStorageHistory,2,FileStorageFileId,nvarchar,512,0,0,0,0,0,NULL
dms,FileStorageHistory,3,FileStorageTypeId,int,4,10,0,1,0,0,NULL
dms,FileStorageHistory,4,FileStorageName,nvarchar,1000,0,0,1,0,0,NULL
dms,FileStorageHistory,5,FileStorageFileName,nvarchar,1000,0,0,1,0,0,NULL
dms,FileStorageHistory,6,FileStorageToken,nvarchar,-1,0,0,1,0,0,NULL
dms,FileStorageHistory,7,ContentType,nvarchar,510,0,0,1,0,0,NULL
dms,FileStorageHistory,8,FilePath,nvarchar,-1,0,0,1,0,0,NULL
dms,FileStorageHistory,9,SourcePath,nvarchar,-1,0,0,1,0,0,NULL
dms,FileStorageHistory,10,JsonResponse,nvarchar,-1,0,0,1,0,0,NULL
dms,FileStorageHistory,11,FileStoragedDate,datetime,8,23,3,1,0,0,NULL
dms,FileStorageHistory,12,IsActive,bit,1,1,0,1,0,0,NULL
dms,FileStorageHistory,13,CreatedBy,int,4,10,0,1,0,0,NULL
dms,FileStorageHistory,14,CreatedDate,datetime,8,23,3,1,0,0,NULL
dms,FileStorageHistory,15,UpdatedBy,int,4,10,0,1,0,0,NULL
dms,FileStorageHistory,16,UpdatedDate,datetime,8,23,3,1,0,0,NULL
dms,FileStorageHistory,17,IsDeleted,bit,1,1,0,1,0,0,NULL
dms,FileStorageHistory,18,DeletedBy,int,4,10,0,1,0,0,NULL
dms,FileStorageHistory,19,DeletedDate,datetime,8,23,3,1,0,0,NULL
dms,FileStorageHistory,20,DeleteReason,nvarchar,1000,0,0,1,0,0,NULL
dms,FileStorageHistory,21,BucketRoot,nvarchar,60,0,0,1,0,0,NULL
dms,FileStorageType,1,FileStorageTypeId,int,4,10,0,0,1,0,NULL
dms,FileStorageType,2,FileStorageTypeName,nvarchar,500,0,0,0,0,0,NULL
dms,FileStorageType,3,IsActive,bit,1,1,0,1,0,0,NULL
dms,FileStorageType,4,CreatedBy,int,4,10,0,1,0,0,NULL
dms,FileStorageType,5,CreatedDate,datetime,8,23,3,1,0,0,NULL
dms,FileStorageType,6,UpdatedBy,int,4,10,0,1,0,0,NULL
dms,FileStorageType,7,UpdatedDate,datetime,8,23,3,1,0,0,NULL
dms,FileStorageType,8,IsDeleted,bit,1,1,0,1,0,0,NULL
dms,FileStorageType,9,DeletedBy,int,4,10,0,1,0,0,NULL
dms,FileStorageType,10,DeletedDate,datetime,8,23,3,1,0,0,NULL
dms,FileStorageType,11,DeleteReason,nvarchar,1000,0,0,1,0,0,NULL
dms,Node,1,NodeId,int,4,10,0,0,1,0,NULL
dms,Node,2,Depth,int,4,10,0,1,0,0,NULL
dms,Node,3,Location,varchar,-1,0,0,1,0,0,NULL
dms,Node,4,DirectoryId,int,4,10,0,1,0,0,NULL
dms,Node,5,DirectoryLocation,varchar,-1,0,0,1,0,0,NULL
dms,Node,6,CreateBy,int,4,10,0,1,0,0,NULL
dms,Node,7,CreateDate,datetime,8,23,3,1,0,0,NULL
dms,Node,8,ModifyBy,int,4,10,0,1,0,0,NULL
dms,Node,9,ModifyDate,datetime,8,23,3,1,0,0,NULL
dms,Node,10,IsDeleted,bit,1,1,0,1,0,0,NULL
dms,Node,11,DeletedBy,int,4,10,0,1,0,0,NULL
dms,Node,12,DeletedOn,datetime,8,23,3,1,0,0,NULL
dti,BranchRiskAnalysisData,1,BranchRiskAnalysisDataId,int,4,10,0,0,1,0,NULL
dti,BranchRiskAnalysisData,2,BranchProjectRiskId,int,4,10,0,0,0,0,NULL
dti,BranchRiskAnalysisData,3,BranchProjectId,int,4,10,0,1,0,0,NULL
dti,BranchRiskAnalysisData,4,MeasuringYear,int,4,10,0,0,0,0,NULL
dti,BranchRiskAnalysisData,5,MeasuringMonth,int,4,10,0,0,0,0,NULL
dti,BranchRiskAnalysisData,6,MeasuringMonthName,nvarchar,60,0,0,0,0,0,NULL
dti,BranchRiskAnalysisData,7,EffectiveDate,datetime,8,23,3,1,0,0,NULL
dti,BranchRiskAnalysisData,8,ProgrammeGroupId,int,4,10,0,1,0,0,NULL
dti,BranchRiskAnalysisData,9,CountryId,int,4,10,0,0,0,0,NULL
dti,BranchRiskAnalysisData,10,ProgrammeGroupName,nvarchar,1100,0,0,1,0,0,NULL
dti,BranchRiskAnalysisData,11,ProgrammeId,int,4,10,0,1,0,0,NULL
dti,BranchRiskAnalysisData,12,ProgrammeName,nvarchar,1100,0,0,1,0,0,NULL
dti,BranchRiskAnalysisData,13,ProjectId,int,4,10,0,1,0,0,NULL
dti,BranchRiskAnalysisData,14,ProjectName,nvarchar,1100,0,0,1,0,0,NULL
dti,BranchRiskAnalysisData,15,BranchCode,nvarchar,30,0,0,1,0,0,NULL
dti,BranchRiskAnalysisData,16,BranchId,int,4,10,0,1,0,0,NULL
dti,BranchRiskAnalysisData,17,BranchName,varchar,550,0,0,1,0,0,NULL
dti,BranchRiskAnalysisData,18,RiskTypeId,int,4,10,0,0,0,0,NULL
dti,BranchRiskAnalysisData,19,RiskTypeName,nvarchar,1100,0,0,0,0,0,NULL
dti,BranchRiskAnalysisData,20,RiskTypeCode,varchar,10,0,0,0,0,0,NULL
dti,BranchRiskAnalysisData,21,ColorCode,varchar,10,0,0,1,0,0,NULL
dti,BranchRiskAnalysisData,22,RiskRating,decimal,5,5,2,0,0,0,NULL
dti,BranchRiskAnalysisData,23,BRiskProjectName,nvarchar,1100,0,0,1,0,0,NULL
dti,BranchRiskAnalysisData,24,IsSync,bit,1,1,0,1,0,0,NULL
dti,BranchRiskAnalysisData,25,CreatedBy,int,4,10,0,1,0,0,NULL
dti,BranchRiskAnalysisData,26,CreatedDate,datetime,8,23,3,1,0,0,NULL
dti,BranchRiskAnalysisData,27,UpdatedDateStr,varchar,30,0,0,1,0,0,NULL
dti,BranchRiskAnalysisData,28,UpdatedBy,int,4,10,0,1,0,0,NULL
dti,BranchRiskAnalysisData,29,UpdatedDate,datetime,8,23,3,1,0,0,NULL
dti,BranchRiskAnalysisData,30,SearchText,nvarchar,2250,0,0,0,0,0,NULL
dti,BranchRiskAnalysisData,31,RegionName,nvarchar,1100,0,0,1,0,0,NULL
dti,BranchRiskAnalysisData,32,AreaName,nvarchar,1100,0,0,1,0,0,NULL
dti,BranchRiskAnalysisData,33,RegionWithCode,nvarchar,336,0,0,1,0,0,NULL
dti,BranchRiskAnalysisData,34,RegionCode,varchar,15,0,0,1,0,0,NULL
dti,BranchRiskAnalysisData,35,LastUpdate,datetime,8,23,3,1,0,0,NULL
HangFire,AggregatedCounter,2,Key,nvarchar,200,0,0,0,0,0,NULL
HangFire,AggregatedCounter,3,Value,bigint,8,19,0,0,0,0,NULL
HangFire,AggregatedCounter,4,ExpireAt,datetime,8,23,3,1,0,0,NULL
HangFire,Counter,2,Key,nvarchar,200,0,0,0,0,0,NULL
HangFire,Counter,3,Value,int,4,10,0,0,0,0,NULL
HangFire,Counter,4,ExpireAt,datetime,8,23,3,1,0,0,NULL
HangFire,Counter,5,Id,bigint,8,19,0,0,1,0,NULL
HangFire,Hash,2,Key,nvarchar,200,0,0,0,0,0,NULL
HangFire,Hash,3,Field,nvarchar,200,0,0,0,0,0,NULL
HangFire,Hash,4,Value,nvarchar,-1,0,0,1,0,0,NULL
HangFire,Hash,5,ExpireAt,datetime2,8,27,7,1,0,0,NULL
HangFire,Job,1,Id,bigint,8,19,0,0,1,0,NULL
HangFire,Job,2,StateId,bigint,8,19,0,1,0,0,NULL
HangFire,Job,3,StateName,nvarchar,40,0,0,1,0,0,NULL
HangFire,Job,4,InvocationData,nvarchar,-1,0,0,0,0,0,NULL
HangFire,Job,5,Arguments,nvarchar,-1,0,0,0,0,0,NULL
HangFire,Job,6,CreatedAt,datetime,8,23,3,0,0,0,NULL
HangFire,Job,7,ExpireAt,datetime,8,23,3,1,0,0,NULL
HangFire,JobParameter,2,JobId,bigint,8,19,0,0,0,0,NULL
HangFire,JobParameter,3,Name,nvarchar,80,0,0,0,0,0,NULL
HangFire,JobParameter,4,Value,nvarchar,-1,0,0,1,0,0,NULL
HangFire,JobQueue,1,Id,bigint,8,19,0,0,1,0,NULL
HangFire,JobQueue,2,JobId,bigint,8,19,0,0,0,0,NULL
HangFire,JobQueue,3,Queue,nvarchar,100,0,0,0,0,0,NULL
HangFire,JobQueue,4,FetchedAt,datetime,8,23,3,1,0,0,NULL
HangFire,List,1,Id,bigint,8,19,0,0,1,0,NULL
HangFire,List,2,Key,nvarchar,200,0,0,0,0,0,NULL
HangFire,List,3,Value,nvarchar,-1,0,0,1,0,0,NULL
HangFire,List,4,ExpireAt,datetime,8,23,3,1,0,0,NULL
HangFire,Schema,1,Version,int,4,10,0,0,0,0,NULL
HangFire,Server,1,Id,nvarchar,400,0,0,0,0,0,NULL
HangFire,Server,2,Data,nvarchar,-1,0,0,1,0,0,NULL
HangFire,Server,3,LastHeartbeat,datetime,8,23,3,0,0,0,NULL
HangFire,Set,2,Key,nvarchar,200,0,0,0,0,0,NULL
HangFire,Set,3,Score,float,8,53,0,0,0,0,NULL
HangFire,Set,4,Value,nvarchar,512,0,0,0,0,0,NULL
HangFire,Set,5,ExpireAt,datetime,8,23,3,1,0,0,NULL
HangFire,State,1,Id,bigint,8,19,0,0,1,0,NULL
HangFire,State,2,JobId,bigint,8,19,0,0,0,0,NULL
HangFire,State,3,Name,nvarchar,40,0,0,0,0,0,NULL
HangFire,State,4,Reason,nvarchar,200,0,0,1,0,0,NULL
HangFire,State,5,CreatedAt,datetime,8,23,3,0,0,0,NULL
HangFire,State,6,Data,nvarchar,-1,0,0,1,0,0,NULL
map,Branch,1,BranchId,int,4,10,0,0,1,0,NULL
map,Branch,2,RefId,nvarchar,100,0,0,1,0,0,NULL
map,Branch,3,BranchCode,nvarchar,30,0,0,1,0,0,NULL
map,Branch,4,HrBranchId,nvarchar,30,0,0,1,0,0,NULL
map,Branch,5,MfBranchId,char,4,0,0,1,0,0,NULL
map,Branch,6,MfBranchId2,char,4,0,0,1,0,0,NULL
map,Branch,7,NCDP_BranchID,char,4,0,0,1,0,0,NULL
map,Branch,8,Development_BranchID,char,4,0,0,1,0,0,NULL
map,Branch,9,Enterprise_BranchID,char,4,0,0,1,0,0,NULL
map,Branch,10,BLC_BranchID,char,4,0,0,1,0,0,NULL
map,Branch,11,BEP_BranchID,varchar,50,0,0,1,0,0,NULL
map,Branch,12,BEP_BranchName,varchar,200,0,0,1,0,0,NULL
map,Branch,13,AccountCode,varchar,15,0,0,1,0,0,NULL
map,Branch,14,BranchName,varchar,200,0,0,0,0,0,NULL
map,Branch,15,IsBranchMetro,bit,1,1,0,1,0,0,NULL
map,Branch,16,IsInception,bit,1,1,0,1,0,0,NULL
map,Branch,17,InceptionLabel,nvarchar,100,0,0,1,0,0,NULL
map,Branch,18,Lat,float,8,53,0,1,0,0,NULL
map,Branch,19,Long,float,8,53,0,1,0,0,NULL
map,Branch,20,IsHROffice,bit,1,1,0,1,0,0,NULL
map,Branch,21,IsUpazilaAccountsOffice,bit,1,1,0,1,0,0,NULL
map,Branch,22,AscendBranchID,char,4,0,0,1,0,0,NULL
map,Branch,23,AscendBranchName,varchar,200,0,0,1,0,0,NULL
map,Branch,24,IsActive,bit,1,1,0,0,0,0,NULL
map,Branch,25,IsSync,bit,1,1,0,1,0,0,NULL
map,Branch,26,UpazilaId,int,4,10,0,0,0,0,NULL
map,Branch,27,StartDate,datetime,8,23,3,1,0,0,NULL
map,Branch,28,EndDate,datetime,8,23,3,1,0,0,NULL
map,Branch,29,CreatedBy,int,4,10,0,1,0,0,NULL
map,Branch,30,CreatedDate,datetime,8,23,3,1,0,0,NULL
map,Branch,31,UpdatedBy,int,4,10,0,1,0,0,NULL
map,Branch,32,UpdatedDate,datetime,8,23,3,1,0,0,NULL
map,Branch,33,IsDeleted,bit,1,1,0,1,0,0,NULL
map,Branch,34,DeletedBy,int,4,10,0,1,0,0,NULL
map,Branch,35,DeletedDate,datetime,8,23,3,1,0,0,NULL
map,Branch,36,DeleteReason,nvarchar,1000,0,0,1,0,0,NULL
map,BranchProject,1,BranchProjectId,int,4,10,0,0,1,0,NULL
map,BranchProject,2,ProgrammeGroupId,int,4,10,0,1,0,0,NULL
map,BranchProject,3,ProgrammeId,int,4,10,0,1,0,0,NULL
map,BranchProject,4,BranchId,int,4,10,0,0,0,0,NULL
map,BranchProject,5,ProjectId,int,4,10,0,0,0,0,NULL
map,BranchProject,6,RefId,varchar,50,0,0,1,0,0,NULL
map,BranchProject,7,IsInception,bit,1,1,0,1,0,0,NULL
map,BranchProject,8,InceptionLabel,nvarchar,100,0,0,1,0,0,NULL
map,BranchProject,9,IsSync,bit,1,1,0,1,0,0,NULL
map,BranchProject,10,IsActive,bit,1,1,0,0,0,0,NULL
map,BranchProject,11,StartDate,datetime,8,23,3,1,0,0,NULL
map,BranchProject,12,EndDate,datetime,8,23,3,1,0,0,NULL
map,BranchProject,13,CreatedBy,int,4,10,0,1,0,0,NULL
map,BranchProject,14,CreatedDate,datetime,8,23,3,1,0,0,NULL
map,BranchProject,15,UpdatedBy,int,4,10,0,1,0,0,NULL
map,BranchProject,16,UpdatedDate,datetime,8,23,3,1,0,0,NULL
map,BranchProject,17,IsDeleted,bit,1,1,0,1,0,0,NULL
map,BranchProject,18,DeletedBy,int,4,10,0,1,0,0,NULL
map,BranchProject,19,DeletedDate,datetime,8,23,3,1,0,0,NULL
map,BranchProject,20,DeleteReason,varchar,500,0,0,1,0,0,NULL
map,BranchProject,21,SubProgrammeId,int,4,10,0,1,0,0,NULL
map,BranchProjectAudit,1,BranchProjectAuditId,int,4,10,0,0,1,0,NULL
map,BranchProjectAudit,2,BranchProjectId,int,4,10,0,0,0,0,NULL
map,BranchProjectAudit,3,PeriodFromDate,datetime,8,23,3,0,0,0,NULL
map,BranchProjectAudit,4,PeriodToDate,datetime,8,23,3,0,0,0,NULL
map,BranchProjectAudit,5,RiskTypeId,int,4,10,0,1,0,0,NULL
map,BranchProjectAudit,6,AuditTypeId,int,4,10,0,0,0,0,NULL
map,BranchProjectAudit,7,ReportTypeId,int,4,10,0,1,0,0,NULL
map,BranchProjectAudit,8,AuditCycleInMonth,int,4,10,0,0,0,0,NULL
map,BranchProjectAudit,9,ZoneId,int,4,10,0,1,0,0,NULL
map,BranchProjectAudit,10,AuditScheduleId,int,4,10,0,1,0,0,NULL
map,BranchProjectAudit,11,IsInception,bit,1,1,0,1,0,0,NULL
map,BranchProjectAudit,12,IsActive,bit,1,1,0,0,0,0,NULL
map,BranchProjectAudit,13,CreatedBy,int,4,10,0,1,0,0,NULL
map,BranchProjectAudit,14,CreatedDate,datetime,8,23,3,1,0,0,NULL
map,BranchProjectAudit,15,UpdatedBy,int,4,10,0,1,0,0,NULL
map,BranchProjectAudit,16,UpdatedDate,datetime,8,23,3,1,0,0,NULL
map,BranchProjectAudit,17,IsDeleted,bit,1,1,0,1,0,0,NULL
map,BranchProjectAudit,18,DeletedBy,int,4,10,0,1,0,0,NULL
map,BranchProjectAudit,19,DeletedDate,datetime,8,23,3,1,0,0,NULL
map,BranchProjectAudit,20,DeleteReason,varchar,500,0,0,1,0,0,NULL
map,BranchProjectAudit,21,ManagerName,varchar,150,0,0,1,0,0,NULL
map,BranchProjectAudit,22,ManagerPIN,varchar,8,0,0,1,0,0,NULL
map,BranchProjectAudit,23,LastAuditPeriodFromDate,datetime,8,23,3,1,0,0,NULL
map,BranchProjectAudit,24,LastAuditPeriodToDate,datetime,8,23,3,1,0,0,NULL
map,BranchProjectAudit,25,ProgrammeGroupId,int,4,10,0,1,0,0,NULL
map,BranchProjectAudit,26,ProgrammeId,int,4,10,0,1,0,0,NULL
map,BranchProjectAudit,27,SubProgrammeId,int,4,10,0,1,0,0,NULL
map,BranchProjectAudit,28,ProjectId,int,4,10,0,1,0,0,NULL
map,BranchProjectAudit,29,BranchId,int,4,10,0,1,0,0,NULL
map,BranchProjectOrgArea,1,BranchProjectOrgAreaId,int,4,10,0,0,1,0,NULL
map,BranchProjectOrgArea,2,BranchProjectId,int,4,10,0,0,0,0,NULL
map,BranchProjectOrgArea,3,OrgAreaId,int,4,10,0,0,0,0,NULL
map,BranchProjectOrgArea,4,RefId,varchar,50,0,0,1,0,0,NULL
map,BranchProjectOrgArea,5,IsInception,bit,1,1,0,1,0,0,NULL
map,BranchProjectOrgArea,6,InceptionLabel,nvarchar,100,0,0,1,0,0,NULL
map,BranchProjectOrgArea,7,IsSync,bit,1,1,0,1,0,0,NULL
map,BranchProjectOrgArea,8,IsActive,bit,1,1,0,0,0,0,NULL
map,BranchProjectOrgArea,9,StartDate,datetime,8,23,3,1,0,0,NULL
map,BranchProjectOrgArea,10,EndDate,datetime,8,23,3,1,0,0,NULL
map,BranchProjectOrgArea,11,CreatedBy,int,4,10,0,1,0,0,NULL
map,BranchProjectOrgArea,12,CreatedDate,datetime,8,23,3,1,0,0,NULL
map,BranchProjectOrgArea,13,UpdatedBy,int,4,10,0,1,0,0,NULL
map,BranchProjectOrgArea,14,UpdatedDate,datetime,8,23,3,1,0,0,NULL
map,BranchProjectOrgArea,15,IsDeleted,bit,1,1,0,1,0,0,NULL
map,BranchProjectOrgArea,16,DeletedBy,int,4,10,0,1,0,0,NULL
map,BranchProjectOrgArea,17,DeletedDate,datetime,8,23,3,1,0,0,NULL
map,BranchProjectOrgArea,18,DeleteReason,varchar,500,0,0,1,0,0,NULL
map,BranchProjectOrgDistrict,1,BranchProjectOrgDistrictId,int,4,10,0,0,1,0,NULL
map,BranchProjectOrgDistrict,2,BranchProjectId,int,4,10,0,0,0,0,NULL
map,BranchProjectOrgDistrict,3,OrgDistrictId,int,4,10,0,0,0,0,NULL
map,BranchProjectOrgDistrict,4,RefId,varchar,50,0,0,1,0,0,NULL
map,BranchProjectOrgDistrict,5,IsInception,bit,1,1,0,1,0,0,NULL
map,BranchProjectOrgDistrict,6,InceptionLabel,nvarchar,100,0,0,1,0,0,NULL
map,BranchProjectOrgDistrict,7,IsSync,bit,1,1,0,1,0,0,NULL
map,BranchProjectOrgDistrict,8,IsActive,bit,1,1,0,0,0,0,NULL
map,BranchProjectOrgDistrict,9,StartDate,datetime,8,23,3,1,0,0,NULL
map,BranchProjectOrgDistrict,10,EndDate,datetime,8,23,3,1,0,0,NULL
map,BranchProjectOrgDistrict,11,CreatedBy,int,4,10,0,1,0,0,NULL
map,BranchProjectOrgDistrict,12,CreatedDate,datetime,8,23,3,1,0,0,NULL
map,BranchProjectOrgDistrict,13,UpdatedBy,int,4,10,0,1,0,0,NULL
map,BranchProjectOrgDistrict,14,UpdatedDate,datetime,8,23,3,1,0,0,NULL
map,BranchProjectOrgDistrict,15,IsDeleted,bit,1,1,0,1,0,0,NULL
map,BranchProjectOrgDistrict,16,DeletedBy,int,4,10,0,1,0,0,NULL
map,BranchProjectOrgDistrict,17,DeletedDate,datetime,8,23,3,1,0,0,NULL
map,BranchProjectOrgDistrict,18,DeleteReason,varchar,500,0,0,1,0,0,NULL
map,BranchProjectOrgDivision,1,BranchProjectOrgDivisionId,int,4,10,0,0,1,0,NULL
map,BranchProjectOrgDivision,2,BranchProjectId,int,4,10,0,0,0,0,NULL
map,BranchProjectOrgDivision,3,OrgDivisionId,int,4,10,0,0,0,0,NULL
map,BranchProjectOrgDivision,4,RefId,varchar,50,0,0,1,0,0,NULL
map,BranchProjectOrgDivision,5,IsInception,bit,1,1,0,1,0,0,NULL
map,BranchProjectOrgDivision,6,InceptionLabel,nvarchar,100,0,0,1,0,0,NULL
map,BranchProjectOrgDivision,7,IsSync,bit,1,1,0,1,0,0,NULL
map,BranchProjectOrgDivision,8,IsActive,bit,1,1,0,0,0,0,NULL
map,BranchProjectOrgDivision,9,StartDate,datetime,8,23,3,1,0,0,NULL
map,BranchProjectOrgDivision,10,EndDate,datetime,8,23,3,1,0,0,NULL
map,BranchProjectOrgDivision,11,CreatedBy,int,4,10,0,1,0,0,NULL
map,BranchProjectOrgDivision,12,CreatedDate,datetime,8,23,3,1,0,0,NULL
map,BranchProjectOrgDivision,13,UpdatedBy,int,4,10,0,1,0,0,NULL
map,BranchProjectOrgDivision,14,UpdatedDate,datetime,8,23,3,1,0,0,NULL
map,BranchProjectOrgDivision,15,IsDeleted,bit,1,1,0,1,0,0,NULL
map,BranchProjectOrgDivision,16,DeletedBy,int,4,10,0,1,0,0,NULL
map,BranchProjectOrgDivision,17,DeletedDate,datetime,8,23,3,1,0,0,NULL
map,BranchProjectOrgDivision,18,DeleteReason,varchar,500,0,0,1,0,0,NULL
map,BranchProjectOrgUpazila,1,BranchProjectOrgUpazilaId,int,4,10,0,0,1,0,NULL
map,BranchProjectOrgUpazila,2,BranchProjectId,int,4,10,0,0,0,0,NULL
map,BranchProjectOrgUpazila,3,OrgUpazilaId,int,4,10,0,0,0,0,NULL
map,BranchProjectOrgUpazila,4,RefId,varchar,50,0,0,1,0,0,NULL
map,BranchProjectOrgUpazila,5,IsInception,bit,1,1,0,1,0,0,NULL
map,BranchProjectOrgUpazila,6,InceptionLabel,nvarchar,100,0,0,1,0,0,NULL
map,BranchProjectOrgUpazila,7,IsSync,bit,1,1,0,1,0,0,NULL
map,BranchProjectOrgUpazila,8,IsActive,bit,1,1,0,0,0,0,NULL
map,BranchProjectOrgUpazila,9,StartDate,datetime,8,23,3,1,0,0,NULL
map,BranchProjectOrgUpazila,10,EndDate,datetime,8,23,3,1,0,0,NULL
map,BranchProjectOrgUpazila,11,CreatedBy,int,4,10,0,1,0,0,NULL
map,BranchProjectOrgUpazila,12,CreatedDate,datetime,8,23,3,1,0,0,NULL
map,BranchProjectOrgUpazila,13,UpdatedBy,int,4,10,0,1,0,0,NULL
map,BranchProjectOrgUpazila,14,UpdatedDate,datetime,8,23,3,1,0,0,NULL
map,BranchProjectOrgUpazila,15,IsDeleted,bit,1,1,0,1,0,0,NULL
map,BranchProjectOrgUpazila,16,DeletedBy,int,4,10,0,1,0,0,NULL
map,BranchProjectOrgUpazila,17,DeletedDate,datetime,8,23,3,1,0,0,NULL
map,BranchProjectOrgUpazila,18,DeleteReason,varchar,500,0,0,1,0,0,NULL
map,BranchProjectRisk,1,BranchProjectRiskId,int,4,10,0,0,1,0,NULL
map,BranchProjectRisk,2,BranchProjectId,int,4,10,0,1,0,0,NULL
map,BranchProjectRisk,3,BranchId,int,4,10,0,1,0,0,NULL
map,BranchProjectRisk,4,ProgrammeGroupId,int,4,10,0,1,0,0,NULL
map,BranchProjectRisk,5,ProgrammeId,int,4,10,0,1,0,0,NULL
map,BranchProjectRisk,6,ProjectId,int,4,10,0,0,0,0,NULL
map,BranchProjectRisk,7,RefId,varchar,50,0,0,1,0,0,NULL
map,BranchProjectRisk,8,MeasuringYear,int,4,10,0,0,0,0,NULL
map,BranchProjectRisk,9,MeasuringMonth,int,4,10,0,0,0,0,NULL
map,BranchProjectRisk,10,MeasurementFromDate,datetime,8,23,3,1,0,0,NULL
map,BranchProjectRisk,11,MeasurementToDate,datetime,8,23,3,1,0,0,NULL
map,BranchProjectRisk,12,EffectiveDate,datetime,8,23,3,1,0,0,NULL
map,BranchProjectRisk,13,RiskTypeId,int,4,10,0,0,0,0,NULL
map,BranchProjectRisk,14,FinancialRiskRating,decimal,5,5,2,1,0,0,NULL
map,BranchProjectRisk,15,NonFinancialRiskRating,decimal,5,5,2,1,0,0,NULL
map,BranchProjectRisk,16,RiskRating,decimal,5,5,2,1,0,0,NULL
map,BranchProjectRisk,17,IsSync,bit,1,1,0,1,0,0,NULL
map,BranchProjectRisk,18,IsActive,bit,1,1,0,0,0,0,NULL
map,BranchProjectRisk,19,CreatedBy,int,4,10,0,1,0,0,NULL
map,BranchProjectRisk,20,CreatedDate,datetime,8,23,3,1,0,0,NULL
map,BranchProjectRisk,21,UpdatedBy,int,4,10,0,1,0,0,NULL
map,BranchProjectRisk,22,UpdatedDate,datetime,8,23,3,1,0,0,NULL
map,BranchProjectRisk,23,IsDeleted,bit,1,1,0,1,0,0,NULL
map,BranchProjectRisk,24,DeletedBy,int,4,10,0,1,0,0,NULL
map,BranchProjectRisk,25,DeletedDate,datetime,8,23,3,1,0,0,NULL
map,BranchProjectRisk,26,DeleteReason,varchar,500,0,0,1,0,0,NULL
map,BranchProjectRiskDetail,1,BranchProjectRiskDetailId,int,4,10,0,0,1,0,NULL
map,BranchProjectRiskDetail,2,BranchProjectRiskId,int,4,10,0,0,0,0,NULL
map,BranchProjectRiskDetail,3,RiskCriteriaId,int,4,10,0,0,0,0,NULL
map,BranchProjectRiskDetail,4,RefId,varchar,50,0,0,1,0,0,NULL
map,BranchProjectRiskDetail,5,RiskValue,decimal,5,5,2,1,0,0,NULL
map,BranchProjectRiskDetail,6,Rating,int,4,10,0,1,0,0,NULL
map,BranchProjectRiskDetail,7,IsActive,bit,1,1,0,0,0,0,NULL
map,BranchProjectRiskDetail,8,CreatedBy,int,4,10,0,1,0,0,NULL
map,BranchProjectRiskDetail,9,CreatedOn,datetime,8,23,3,1,0,0,NULL
map,BranchProjectRiskDetail,10,UpdatedBy,int,4,10,0,1,0,0,NULL
map,BranchProjectRiskDetail,11,UpdatedDate,datetime,8,23,3,1,0,0,NULL
map,BranchProjectRiskDetail,12,IsDeleted,bit,1,1,0,1,0,0,NULL
map,BranchProjectRiskDetail,13,DeletedBy,int,4,10,0,1,0,0,NULL
map,BranchProjectRiskDetail,14,DeletedDate,datetime,8,23,3,1,0,0,NULL
map,BranchProjectRiskDetail,15,DeleteReason,varchar,500,0,0,1,0,0,NULL
map,BRiskProject,1,BRiskProjectId,int,4,10,0,0,0,0,NULL
map,BRiskProject,2,ProjectCode,varchar,10,0,0,0,0,0,NULL
map,BRiskProject,3,BRiskProjectName,nvarchar,100,0,0,0,0,0,NULL
map,BRiskProject,4,IsDeleted,bit,1,1,0,1,0,0,NULL
map,BRiskProject,5,DeletedBy,int,4,10,0,1,0,0,NULL
map,BRiskProject,6,DeletedDate,datetime,8,23,3,1,0,0,NULL
map,BRiskProject,7,DeletedReason,nvarchar,500,0,0,1,0,0,NULL
map,Country,1,CountryId,int,4,10,0,0,1,0,NULL
map,Country,2,RefId,nvarchar,100,0,0,1,0,0,NULL
map,Country,3,CountryCode,varchar,15,0,0,1,0,0,NULL
map,Country,4,CountryName,varchar,50,0,0,1,0,0,NULL
map,Country,5,ISO2,char,2,0,0,1,0,0,NULL
map,Country,6,ISO3,varchar,5,0,0,1,0,0,NULL
map,Country,7,HR_Code,char,2,0,0,1,0,0,NULL
map,Country,8,Nationality,varchar,100,0,0,1,0,0,NULL
map,Country,9,IsInception,bit,1,1,0,1,0,0,NULL
map,Country,10,InceptionLabel,nvarchar,100,0,0,1,0,0,NULL
map,Country,11,IsDefault,bit,1,1,0,1,0,0,((0))
map,Country,12,IsActive,bit,1,1,0,1,0,0,NULL
map,Country,13,IsSync,bit,1,1,0,1,0,0,NULL
map,Country,14,StartDate,datetime,8,23,3,1,0,0,NULL
map,Country,15,EndDate,datetime,8,23,3,1,0,0,NULL
map,Country,16,CreatedBy,int,4,10,0,1,0,0,NULL
map,Country,17,CreatedDate,datetime,8,23,3,1,0,0,NULL
map,Country,18,UpdatedBy,int,4,10,0,1,0,0,NULL
map,Country,19,UpdatedDate,datetime,8,23,3,1,0,0,NULL
map,Country,20,IsDeleted,bit,1,1,0,1,0,0,NULL
map,Country,21,DeletedBy,int,4,10,0,1,0,0,NULL
map,Country,22,DeletedDate,datetime,8,23,3,1,0,0,NULL
map,Country,23,DeleteReason,nvarchar,1000,0,0,1,0,0,NULL
map,District,1,DistrictId,int,4,10,0,0,1,0,NULL
map,District,2,DivisionId,int,4,10,0,0,0,0,NULL
map,District,3,RefId,nvarchar,100,0,0,1,0,0,NULL
map,District,4,DistrictCode,nvarchar,30,0,0,1,0,0,NULL
map,District,5,DistrictName,nvarchar,100,0,0,0,0,0,NULL
map,District,6,IsInception,bit,1,1,0,1,0,0,NULL
map,District,7,InceptionLabel,nvarchar,100,0,0,1,0,0,NULL
map,District,8,Lat,float,8,53,0,1,0,0,NULL
map,District,9,Long,float,8,53,0,1,0,0,NULL
map,District,10,IsActive,bit,1,1,0,1,0,0,NULL
map,District,11,IsSync,bit,1,1,0,1,0,0,NULL
map,District,12,StartDate,datetime,8,23,3,1,0,0,NULL
map,District,13,EndDate,datetime,8,23,3,1,0,0,NULL
map,District,14,CreatedBy,int,4,10,0,1,0,0,NULL
map,District,15,CreatedDate,datetime,8,23,3,1,0,0,NULL
map,District,16,UpdatedBy,int,4,10,0,1,0,0,NULL
map,District,17,UpdatedDate,datetime,8,23,3,1,0,0,NULL
map,District,18,IsDeleted,bit,1,1,0,1,0,0,NULL
map,District,19,DeletedBy,int,4,10,0,1,0,0,NULL
map,District,20,DeletedDate,datetime,8,23,3,1,0,0,NULL
map,District,21,DeleteReason,nvarchar,1000,0,0,1,0,0,NULL
map,Division,1,DivisionId,int,4,10,0,0,1,0,NULL
map,Division,2,CountryId,int,4,10,0,0,0,0,NULL
map,Division,3,RefId,nvarchar,100,0,0,1,0,0,NULL
map,Division,4,DivisionCode,nvarchar,30,0,0,0,0,0,NULL
map,Division,5,DivisionName,nvarchar,100,0,0,0,0,0,NULL
map,Division,6,IsInception,bit,1,1,0,1,0,0,NULL
map,Division,7,InceptionLabel,nvarchar,100,0,0,1,0,0,NULL
map,Division,8,Lat,float,8,53,0,1,0,0,NULL
map,Division,9,Long,float,8,53,0,1,0,0,NULL
map,Division,10,IsActive,bit,1,1,0,1,0,0,NULL
map,Division,11,IsSync,bit,1,1,0,1,0,0,NULL
map,Division,12,StartDate,datetime,8,23,3,1,0,0,NULL
map,Division,13,EndDate,datetime,8,23,3,1,0,0,NULL
map,Division,14,CreatedBy,int,4,10,0,1,0,0,NULL
map,Division,15,CreatedDate,datetime,8,23,3,1,0,0,NULL
map,Division,16,UpdatedBy,int,4,10,0,1,0,0,NULL
map,Division,17,UpdatedDate,datetime,8,23,3,1,0,0,NULL
map,Division,18,IsDeleted,bit,1,1,0,1,0,0,NULL
map,Division,19,DeletedBy,int,4,10,0,1,0,0,NULL
map,Division,20,DeletedDate,datetime,8,23,3,1,0,0,NULL
map,Division,21,DeleteReason,nvarchar,1000,0,0,1,0,0,NULL
map,Organization,1,OrganizationId,int,4,10,0,0,1,0,NULL
map,Organization,2,CountryId,int,4,10,0,0,0,0,NULL
map,Organization,3,OrganizationName,nvarchar,500,0,0,0,0,0,NULL
map,Organization,4,Code,nvarchar,100,0,0,0,0,0,NULL
map,Organization,5,Description,nvarchar,5000,0,0,1,0,0,NULL
map,Organization,6,IsActive,bit,1,1,0,0,0,0,NULL
map,Organization,7,StartDate,date,3,10,0,1,0,0,NULL
map,Organization,8,EndDate,date,3,10,0,1,0,0,NULL
map,Organization,9,CreatedBy,int,4,10,0,1,0,0,NULL
map,Organization,10,CreatedDate,datetime,8,23,3,1,0,0,NULL
map,Organization,11,UpdatedBy,int,4,10,0,1,0,0,NULL
map,Organization,12,UpdatedDate,datetime,8,23,3,1,0,0,NULL
map,Organization,13,IsDeleted,bit,1,1,0,1,0,0,NULL
map,Organization,14,DeletedBy,int,4,10,0,1,0,0,NULL
map,Organization,15,DeletedDate,datetime,8,23,3,1,0,0,NULL
map,Organization,16,DeleteReason,nvarchar,1000,0,0,1,0,0,NULL
map,OrgArea,1,OrgAreaId,int,4,10,0,0,1,0,NULL
map,OrgArea,2,CountryId,int,4,10,0,1,0,0,NULL
map,OrgArea,3,RefId,nvarchar,100,0,0,1,0,0,NULL
map,OrgArea,4,OrgAreaCode,varchar,15,0,0,1,0,0,NULL
map,OrgArea,5,OrgAreaName,nvarchar,300,0,0,0,0,0,NULL
map,OrgArea,6,IsInception,bit,1,1,0,1,0,0,NULL
map,OrgArea,7,InceptionLabel,nvarchar,100,0,0,1,0,0,NULL
map,OrgArea,8,IsActive,bit,1,1,0,0,0,0,NULL
map,OrgArea,9,IsSync,bit,1,1,0,1,0,0,NULL
map,OrgArea,10,StartDate,datetime,8,23,3,1,0,0,NULL
map,OrgArea,11,EndDate,datetime,8,23,3,1,0,0,NULL
map,OrgArea,12,CreatedBy,int,4,10,0,1,0,0,NULL
map,OrgArea,13,CreatedDate,datetime,8,23,3,1,0,0,NULL
map,OrgArea,14,UpdatedBy,int,4,10,0,1,0,0,NULL
map,OrgArea,15,UpdatedDate,datetime,8,23,3,1,0,0,NULL
map,OrgArea,16,IsDeleted,bit,1,1,0,1,0,0,NULL
map,OrgArea,17,DeletedBy,int,4,10,0,1,0,0,NULL
map,OrgArea,18,DeletedDate,datetime,8,23,3,1,0,0,NULL
map,OrgArea,19,DeleteReason,varchar,500,0,0,1,0,0,NULL
map,OrgDistrict,1,OrgDistrictId,int,4,10,0,0,1,0,NULL
map,OrgDistrict,2,CountryId,int,4,10,0,1,0,0,NULL
map,OrgDistrict,3,RefId,nvarchar,100,0,0,1,0,0,NULL
map,OrgDistrict,4,OrgDistrictCode,varchar,15,0,0,1,0,0,NULL
map,OrgDistrict,5,OrgDistrictName,nvarchar,300,0,0,0,0,0,NULL
map,OrgDistrict,6,IsInception,bit,1,1,0,1,0,0,NULL
map,OrgDistrict,7,InceptionLabel,nvarchar,100,0,0,1,0,0,NULL
map,OrgDistrict,8,IsActive,bit,1,1,0,0,0,0,NULL
map,OrgDistrict,9,IsSync,bit,1,1,0,1,0,0,NULL
map,OrgDistrict,10,StartDate,datetime,8,23,3,1,0,0,NULL
map,OrgDistrict,11,EndDate,datetime,8,23,3,1,0,0,NULL
map,OrgDistrict,12,CreatedBy,int,4,10,0,1,0,0,NULL
map,OrgDistrict,13,CreatedDate,datetime,8,23,3,1,0,0,NULL
map,OrgDistrict,14,UpdatedBy,int,4,10,0,1,0,0,NULL
map,OrgDistrict,15,UpdatedDate,datetime,8,23,3,1,0,0,NULL
map,OrgDistrict,16,IsDeleted,bit,1,1,0,1,0,0,NULL
map,OrgDistrict,17,DeletedBy,int,4,10,0,1,0,0,NULL
map,OrgDistrict,18,DeletedDate,datetime,8,23,3,1,0,0,NULL
map,OrgDistrict,19,DeleteReason,varchar,500,0,0,1,0,0,NULL
map,OrgDivision,1,OrgDivisionId,int,4,10,0,0,1,0,NULL
map,OrgDivision,2,CountryId,int,4,10,0,1,0,0,NULL
map,OrgDivision,3,RefId,nvarchar,100,0,0,1,0,0,NULL
map,OrgDivision,4,OrgDivisionCode,varchar,15,0,0,1,0,0,NULL
map,OrgDivision,5,OrgDivisionName,nvarchar,300,0,0,0,0,0,NULL
map,OrgDivision,6,IsInception,bit,1,1,0,1,0,0,NULL
map,OrgDivision,7,InceptionLabel,nvarchar,100,0,0,1,0,0,NULL
map,OrgDivision,8,IsActive,bit,1,1,0,0,0,0,NULL
map,OrgDivision,9,IsSync,bit,1,1,0,1,0,0,NULL
map,OrgDivision,10,StartDate,datetime,8,23,3,1,0,0,NULL
map,OrgDivision,11,EndDate,datetime,8,23,3,1,0,0,NULL
map,OrgDivision,12,CreatedBy,int,4,10,0,1,0,0,NULL
map,OrgDivision,13,CreatedDate,datetime,8,23,3,1,0,0,NULL
map,OrgDivision,14,UpdatedBy,int,4,10,0,1,0,0,NULL
map,OrgDivision,15,UpdatedDate,datetime,8,23,3,1,0,0,NULL
map,OrgDivision,16,IsDeleted,bit,1,1,0,1,0,0,NULL
map,OrgDivision,17,DeletedBy,int,4,10,0,1,0,0,NULL
map,OrgDivision,18,DeletedDate,datetime,8,23,3,1,0,0,NULL
map,OrgDivision,19,DeleteReason,varchar,500,0,0,1,0,0,NULL
map,OrgUpazila,1,OrgUpazilaId,int,4,10,0,0,1,0,NULL
map,OrgUpazila,2,CountryId,int,4,10,0,1,0,0,NULL
map,OrgUpazila,3,RefId,nvarchar,100,0,0,1,0,0,NULL
map,OrgUpazila,4,OrgUpazilaCode,varchar,15,0,0,1,0,0,NULL
map,OrgUpazila,5,OrgUpazilaName,nvarchar,300,0,0,0,0,0,NULL
map,OrgUpazila,6,IsInception,bit,1,1,0,1,0,0,NULL
map,OrgUpazila,7,InceptionLabel,nvarchar,100,0,0,1,0,0,NULL
map,OrgUpazila,8,IsActive,bit,1,1,0,0,0,0,NULL
map,OrgUpazila,9,IsSync,bit,1,1,0,1,0,0,NULL
map,OrgUpazila,10,StartDate,datetime,8,23,3,1,0,0,NULL
map,OrgUpazila,11,EndDate,datetime,8,23,3,1,0,0,NULL
map,OrgUpazila,12,CreatedBy,int,4,10,0,1,0,0,NULL
map,OrgUpazila,13,CreatedDate,datetime,8,23,3,1,0,0,NULL
map,OrgUpazila,14,UpdatedBy,int,4,10,0,1,0,0,NULL
map,OrgUpazila,15,UpdatedDate,datetime,8,23,3,1,0,0,NULL
map,OrgUpazila,16,IsDeleted,bit,1,1,0,1,0,0,NULL
map,OrgUpazila,17,DeletedBy,int,4,10,0,1,0,0,NULL
map,OrgUpazila,18,DeletedDate,datetime,8,23,3,1,0,0,NULL
map,OrgUpazila,19,DeleteReason,varchar,500,0,0,1,0,0,NULL
map,Programme,1,ProgrammeId,int,4,10,0,0,1,0,NULL
map,Programme,2,CountryId,int,4,10,0,1,0,0,NULL
map,Programme,3,ProgrammeGroupId,int,4,10,0,1,0,0,NULL
map,Programme,4,RefId,nvarchar,100,0,0,1,0,0,NULL
map,Programme,5,ProgrammeName,nvarchar,300,0,0,0,0,0,NULL
map,Programme,6,ShortName,nvarchar,300,0,0,1,0,0,NULL
map,Programme,7,ProgrammeCode,nvarchar,30,0,0,1,0,0,NULL
map,Programme,8,HrCoreProgrammeId,varchar,10,0,0,1,0,0,NULL
map,Programme,9,IsInception,bit,1,1,0,1,0,0,NULL
map,Programme,10,InceptionLabel,nvarchar,100,0,0,1,0,0,NULL
map,Programme,11,IsActive,bit,1,1,0,0,0,0,NULL
map,Programme,12,IsSync,bit,1,1,0,1,0,0,NULL
map,Programme,13,StartDate,datetime,8,23,3,1,0,0,NULL
map,Programme,14,EndDate,datetime,8,23,3,1,0,0,NULL
map,Programme,15,CreatedBy,int,4,10,0,1,0,0,NULL
map,Programme,16,CreatedDate,datetime,8,23,3,1,0,0,NULL
map,Programme,17,UpdatedBy,int,4,10,0,1,0,0,NULL
map,Programme,18,UpdatedDate,datetime,8,23,3,1,0,0,NULL
map,Programme,19,IsDeleted,bit,1,1,0,1,0,0,NULL
map,Programme,20,DeletedBy,int,4,10,0,1,0,0,NULL
map,Programme,21,DeletedDate,datetime,8,23,3,1,0,0,NULL
map,Programme,22,DeleteReason,nvarchar,1000,0,0,1,0,0,NULL
map,ProgrammeGroup,1,ProgrammeGroupId,int,4,10,0,0,1,0,NULL
map,ProgrammeGroup,2,CountryId,int,4,10,0,1,0,0,NULL
map,ProgrammeGroup,3,ProgrammeGroupCode,nvarchar,40,0,0,0,0,0,NULL
map,ProgrammeGroup,4,ProgrammeGroupName,nvarchar,500,0,0,0,0,0,NULL
map,ProgrammeGroup,5,ShortName,nvarchar,100,0,0,1,0,0,NULL
map,ProgrammeGroup,6,IsInception,bit,1,1,0,1,0,0,NULL
map,ProgrammeGroup,7,InceptionLabel,nvarchar,500,0,0,1,0,0,NULL
map,ProgrammeGroup,8,IsActive,bit,1,1,0,0,0,0,NULL
map,ProgrammeGroup,9,CreatedBy,int,4,10,0,1,0,0,NULL
map,ProgrammeGroup,10,CreatedDate,datetime,8,23,3,1,0,0,NULL
map,ProgrammeGroup,11,UpdatedBy,int,4,10,0,1,0,0,NULL
map,ProgrammeGroup,12,UpdatedDate,datetime,8,23,3,1,0,0,NULL
map,ProgrammeGroup,13,IsDeleted,bit,1,1,0,1,0,0,NULL
map,ProgrammeGroup,14,DeletedBy,int,4,10,0,1,0,0,NULL
map,ProgrammeGroup,15,DeletedDate,datetime,8,23,3,1,0,0,NULL
map,ProgrammeGroup,16,DeleteReason,nvarchar,1000,0,0,1,0,0,NULL
map,ProgrammeGroupProgramme,1,ProgrammeGroupProgrammeId,int,4,10,0,0,1,0,NULL
map,ProgrammeGroupProgramme,2,ProgrammeGroupId,int,4,10,0,0,0,0,NULL
map,ProgrammeGroupProgramme,3,ProgrammeId,int,4,10,0,0,0,0,NULL
map,ProgrammeGroupProgramme,4,IsActive,bit,1,1,0,1,0,0,NULL
map,ProgrammeGroupProgramme,5,IsSync,bit,1,1,0,1,0,0,NULL
map,ProgrammeGroupProgramme,6,CreatedBy,int,4,10,0,1,0,0,NULL
map,ProgrammeGroupProgramme,7,CreatedDate,datetime,8,23,3,1,0,0,NULL
map,ProgrammeGroupProgramme,8,UpdatedBy,int,4,10,0,1,0,0,NULL
map,ProgrammeGroupProgramme,9,UpdatedDate,datetime,8,23,3,1,0,0,NULL
map,ProgrammeGroupProgramme,10,IsDeleted,bit,1,1,0,1,0,0,NULL
map,ProgrammeGroupProgramme,11,DeletedBy,int,4,10,0,1,0,0,NULL
map,ProgrammeGroupProgramme,12,DeletedDate,datetime,8,23,3,1,0,0,NULL
map,ProgrammeGroupProgramme,13,DeleteReason,nvarchar,1000,0,0,1,0,0,NULL
map,ProgrammeMappingHistory,1,ProgrammeMappingHistoryId,int,4,10,0,0,1,0,NULL
map,ProgrammeMappingHistory,2,BranchProjectId,int,4,10,0,0,0,0,NULL
map,ProgrammeMappingHistory,3,ProgrammeGroupId,int,4,10,0,1,0,0,NULL
map,ProgrammeMappingHistory,4,ProgrammeId,int,4,10,0,1,0,0,NULL
map,ProgrammeMappingHistory,5,SubProgrammeId,int,4,10,0,1,0,0,NULL
map,ProgrammeMappingHistory,6,BranchId,int,4,10,0,0,0,0,NULL
map,ProgrammeMappingHistory,7,ProjectId,int,4,10,0,0,0,0,NULL
map,ProgrammeMappingHistory,8,RefId,varchar,50,0,0,1,0,0,NULL
map,ProgrammeMappingHistory,9,IsInception,bit,1,1,0,1,0,0,NULL
map,ProgrammeMappingHistory,10,InceptionLabel,nvarchar,100,0,0,1,0,0,NULL
map,ProgrammeMappingHistory,11,IsSync,bit,1,1,0,1,0,0,NULL
map,ProgrammeMappingHistory,12,IsActive,bit,1,1,0,0,0,0,NULL
map,ProgrammeMappingHistory,13,StartDate,datetime,8,23,3,1,0,0,NULL
map,ProgrammeMappingHistory,14,EndDate,datetime,8,23,3,1,0,0,NULL
map,ProgrammeMappingHistory,15,CreatedBy,int,4,10,0,1,0,0,NULL
map,ProgrammeMappingHistory,16,CreatedDate,datetime,8,23,3,1,0,0,NULL
map,ProgrammeMappingHistory,17,UpdatedBy,int,4,10,0,1,0,0,NULL
map,ProgrammeMappingHistory,18,UpdatedDate,datetime,8,23,3,1,0,0,NULL
map,ProgrammeMappingHistory,19,IsDeleted,bit,1,1,0,1,0,0,NULL
map,ProgrammeMappingHistory,20,DeletedBy,int,4,10,0,1,0,0,NULL
map,ProgrammeMappingHistory,21,DeletedDate,datetime,8,23,3,1,0,0,NULL
map,ProgrammeMappingHistory,22,DeleteReason,varchar,500,0,0,1,0,0,NULL
map,ProgrammeMappingHistory,23,OrgDivisionId,int,4,10,0,1,0,0,NULL
map,ProgrammeMappingHistory,24,IsOrgDivisionActive,bit,1,1,0,1,0,0,NULL
map,ProgrammeMappingHistory,25,OrgDistrictId,int,4,10,0,1,0,0,NULL
map,ProgrammeMappingHistory,26,IsOrgDistrictActive,bit,1,1,0,1,0,0,NULL
map,ProgrammeMappingHistory,27,OrgUpazilaId,int,4,10,0,1,0,0,NULL
map,ProgrammeMappingHistory,28,IsOrgUpazilaActive,bit,1,1,0,1,0,0,NULL
map,ProgrammeMappingHistory,29,OrgAreaId,int,4,10,0,1,0,0,NULL
map,ProgrammeMappingHistory,30,IsOrgAreaActive,bit,1,1,0,1,0,0,NULL
map,ProgrammeMappingHistory,31,HistoryDate,datetime,8,23,3,1,0,0,NULL
map,ProgrammeMappingHistory,32,HistoryBy,int,4,10,0,1,0,0,NULL
map,ProgrammeSubProgramme,1,ProgrammeSubProgrammeId,int,4,10,0,0,1,0,NULL
map,ProgrammeSubProgramme,2,ProgrammeGroupId,int,4,10,0,0,0,0,NULL
map,ProgrammeSubProgramme,3,ProgrammeId,int,4,10,0,0,0,0,NULL
map,ProgrammeSubProgramme,4,SubProgrammeId,int,4,10,0,0,0,0,NULL
map,ProgrammeSubProgramme,5,IsActive,bit,1,1,0,1,0,0,NULL
map,ProgrammeSubProgramme,6,IsSync,bit,1,1,0,1,0,0,NULL
map,ProgrammeSubProgramme,7,CreatedBy,int,4,10,0,1,0,0,NULL
map,ProgrammeSubProgramme,8,CreatedDate,datetime,8,23,3,1,0,0,NULL
map,ProgrammeSubProgramme,9,UpdatedBy,int,4,10,0,1,0,0,NULL
map,ProgrammeSubProgramme,10,UpdatedDate,datetime,8,23,3,1,0,0,NULL
map,ProgrammeSubProgramme,11,IsDeleted,bit,1,1,0,1,0,0,NULL
map,ProgrammeSubProgramme,12,DeletedBy,int,4,10,0,1,0,0,NULL
map,ProgrammeSubProgramme,13,DeletedDate,datetime,8,23,3,1,0,0,NULL
map,ProgrammeSubProgramme,14,DeleteReason,nvarchar,1000,0,0,1,0,0,NULL
map,Project,1,ProjectId,int,4,10,0,0,1,0,NULL
map,Project,2,CountryId,int,4,10,0,1,0,0,NULL
map,Project,3,ProgrammeId,int,4,10,0,1,0,0,NULL
map,Project,4,SubProgrammeId,int,4,10,0,1,0,0,NULL
map,Project,5,RefId,varchar,50,0,0,1,0,0,NULL
map,Project,6,ProjectName,nvarchar,500,0,0,0,0,0,NULL
map,Project,7,ProjectCode,varchar,15,0,0,1,0,0,NULL
map,Project,8,ProjectShortName,nvarchar,500,0,0,1,0,0,NULL
map,Project,9,ProjectFullName,nvarchar,500,0,0,1,0,0,NULL
map,Project,10,IsInception,bit,1,1,0,1,0,0,NULL
map,Project,11,InceptionLabel,nvarchar,100,0,0,1,0,0,NULL
map,Project,12,IsActive,bit,1,1,0,1,0,0,NULL
map,Project,13,IsSync,bit,1,1,0,1,0,0,NULL
map,Project,14,StartDate,datetime,8,23,3,1,0,0,NULL
map,Project,15,EndDate,datetime,8,23,3,1,0,0,NULL
map,Project,16,CreatedBy,int,4,10,0,1,0,0,NULL
map,Project,17,CreatedDate,datetime,8,23,3,1,0,0,NULL
map,Project,18,UpdatedBy,int,4,10,0,1,0,0,NULL
map,Project,19,UpdatedDate,datetime,8,23,3,1,0,0,NULL
map,Project,20,IsDeleted,bit,1,1,0,1,0,0,NULL
map,Project,21,DeletedBy,int,4,10,0,1,0,0,NULL
map,Project,22,DeletedDate,datetime,8,23,3,1,0,0,NULL
map,Project,23,DeleteReason,nvarchar,1000,0,0,1,0,0,NULL
map,SubProgramme,1,SubProgrammeId,int,4,10,0,0,1,0,NULL
map,SubProgramme,2,CountryId,int,4,10,0,1,0,0,NULL
map,SubProgramme,3,ProgrammeId,int,4,10,0,1,0,0,NULL
map,SubProgramme,4,RefId,nvarchar,100,0,0,1,0,0,NULL
map,SubProgramme,5,SubProgrammeName,nvarchar,300,0,0,0,0,0,NULL
map,SubProgramme,6,ShortName,nvarchar,300,0,0,1,0,0,NULL
map,SubProgramme,7,SubProgrammeCode,nvarchar,30,0,0,1,0,0,NULL
map,SubProgramme,8,IsInception,bit,1,1,0,1,0,0,NULL
map,SubProgramme,9,InceptionLabel,nvarchar,100,0,0,1,0,0,NULL
map,SubProgramme,10,IsSync,bit,1,1,0,1,0,0,NULL
map,SubProgramme,11,IsActive,bit,1,1,0,0,0,0,NULL
map,SubProgramme,12,StartDate,datetime,8,23,3,1,0,0,NULL
map,SubProgramme,13,EndDate,datetime,8,23,3,1,0,0,NULL
map,SubProgramme,14,CreatedBy,int,4,10,0,1,0,0,NULL
map,SubProgramme,15,CreatedDate,datetime,8,23,3,1,0,0,NULL
map,SubProgramme,16,UpdatedBy,int,4,10,0,1,0,0,NULL
map,SubProgramme,17,UpdatedDate,datetime,8,23,3,1,0,0,NULL
map,SubProgramme,18,IsDeleted,bit,1,1,0,1,0,0,NULL
map,SubProgramme,19,DeletedBy,int,4,10,0,1,0,0,NULL
map,SubProgramme,20,DeletedDate,datetime,8,23,3,1,0,0,NULL
map,SubProgramme,21,DeleteReason,nvarchar,1000,0,0,1,0,0,NULL
map,SubProgrammeProject,1,SubProgrammeProjectId,int,4,10,0,0,1,0,NULL
map,SubProgrammeProject,2,ProgrammeGroupId,int,4,10,0,0,0,0,NULL
map,SubProgrammeProject,3,ProgrammeId,int,4,10,0,0,0,0,NULL
map,SubProgrammeProject,4,SubProgrammeId,int,4,10,0,1,0,0,NULL
map,SubProgrammeProject,5,ProjectId,int,4,10,0,0,0,0,NULL
map,SubProgrammeProject,6,IsActive,bit,1,1,0,1,0,0,NULL
map,SubProgrammeProject,7,IsSync,bit,1,1,0,1,0,0,NULL
map,SubProgrammeProject,8,CreatedBy,int,4,10,0,1,0,0,NULL
map,SubProgrammeProject,9,CreatedDate,datetime,8,23,3,1,0,0,NULL
map,SubProgrammeProject,10,UpdatedBy,int,4,10,0,1,0,0,NULL
map,SubProgrammeProject,11,UpdatedDate,datetime,8,23,3,1,0,0,NULL
map,SubProgrammeProject,12,IsDeleted,bit,1,1,0,1,0,0,NULL
map,SubProgrammeProject,13,DeletedBy,int,4,10,0,1,0,0,NULL
map,SubProgrammeProject,14,DeletedDate,datetime,8,23,3,1,0,0,NULL
map,SubProgrammeProject,15,DeleteReason,nvarchar,1000,0,0,1,0,0,NULL
map,Upazila,1,UpazilaId,int,4,10,0,0,1,0,NULL
map,Upazila,2,DistrictId,int,4,10,0,0,0,0,NULL
map,Upazila,3,RefId,varchar,50,0,0,1,0,0,NULL
map,Upazila,4,UpazilaCode,nvarchar,100,0,0,1,0,0,NULL
map,Upazila,5,UpazilaName,nvarchar,100,0,0,0,0,0,NULL
map,Upazila,6,IsInception,bit,1,1,0,1,0,0,NULL
map,Upazila,7,InceptionLabel,nvarchar,100,0,0,1,0,0,NULL
map,Upazila,8,Lat,float,8,53,0,1,0,0,NULL
map,Upazila,9,Long,float,8,53,0,1,0,0,NULL
map,Upazila,10,IsActive,bit,1,1,0,1,0,0,NULL
map,Upazila,11,IsSync,bit,1,1,0,1,0,0,NULL
map,Upazila,12,InactivationNote,varchar,200,0,0,1,0,0,NULL
map,Upazila,13,IsThana,bit,1,1,0,1,0,0,NULL
map,Upazila,14,StartDate,datetime,8,23,3,1,0,0,NULL
map,Upazila,15,EndDate,datetime,8,23,3,1,0,0,NULL
map,Upazila,16,CreatedBy,int,4,10,0,1,0,0,NULL
map,Upazila,17,CreatedDate,datetime,8,23,3,1,0,0,NULL
map,Upazila,18,UpdatedBy,int,4,10,0,1,0,0,NULL
map,Upazila,19,UpdatedDate,datetime,8,23,3,1,0,0,NULL
map,Upazila,20,IsDeleted,bit,1,1,0,1,0,0,NULL
map,Upazila,21,DeletedBy,int,4,10,0,1,0,0,NULL
map,Upazila,22,DeletedDate,datetime,8,23,3,1,0,0,NULL
map,Upazila,23,DeleteReason,nvarchar,1000,0,0,1,0,0,NULL
mis,APRDetailsData,1,APRDetailsDataId,int,4,10,0,0,1,0,NULL
mis,APRDetailsData,2,AuditPerformanceRatingId,int,4,10,0,1,0,0,NULL
mis,APRDetailsData,3,RefId,int,4,10,0,0,0,0,NULL
mis,APRDetailsData,4,APRDataTypeId,int,4,10,0,0,0,0,NULL
mis,APRDetailsData,5,AuditConductionPlanningProcessId,int,4,10,0,0,0,0,NULL
mis,APRDetailsData,6,AuditConductionPlanningSubProcessId,int,4,10,0,0,0,0,NULL
mis,APRDetailsData,7,AuditConductionPlanningDocumentId,int,4,10,0,0,0,0,NULL
mis,APRDetailsData,8,AuditConductionId,int,4,10,0,0,0,0,NULL
mis,APRDetailsData,9,AuditScheduleId,int,4,10,0,0,0,0,NULL
mis,APRDetailsData,10,PlanningDocumentId,int,4,10,0,0,0,0,NULL
mis,APRDetailsData,11,ProgrammeGroupId,int,4,10,0,1,0,0,NULL
mis,APRDetailsData,12,ProgrammeId,int,4,10,0,1,0,0,NULL
mis,APRDetailsData,13,ProjectId,int,4,10,0,1,0,0,NULL
mis,APRDetailsData,14,AuditTypeId,int,4,10,0,1,0,0,NULL
mis,APRDetailsData,15,ReportTypeId,int,4,10,0,1,0,0,NULL
mis,APRDetailsData,16,PlanningProcessId,int,4,10,0,0,0,0,NULL
mis,APRDetailsData,17,PlanningProcessName,nvarchar,2000,0,0,1,0,0,NULL
mis,APRDetailsData,18,PlanningSubProcessId,int,4,10,0,0,0,0,NULL
mis,APRDetailsData,19,PlanningSubProcessName,nvarchar,2000,0,0,1,0,0,NULL
mis,APRDetailsData,20,AuditControlName,nvarchar,2000,0,0,1,0,0,NULL
mis,APRDetailsData,21,APRMethodId,int,4,10,0,1,0,0,NULL
mis,APRDetailsData,22,APRMethodName,varchar,250,0,0,1,0,0,NULL
mis,APRDetailsData,23,Population,int,4,10,0,1,0,0,NULL
mis,APRDetailsData,24,Sample,int,4,10,0,1,0,0,NULL
mis,APRDetailsData,25,Instances,int,4,10,0,1,0,0,NULL
mis,APRDetailsData,26,InstanceView,varchar,9,0,0,1,0,0,NULL
mis,APRDetailsData,27,InstancePercentage,decimal,9,18,2,1,0,0,NULL
mis,APRDetailsData,28,LikelihoodId,int,4,10,0,1,0,0,NULL
mis,APRDetailsData,29,Likelihood,nvarchar,300,0,0,1,0,0,NULL
mis,APRDetailsData,30,AprSeverityControlFailureId,int,4,10,0,1,0,0,NULL
mis,APRDetailsData,31,AprSeverityControlFailure,nvarchar,300,0,0,1,0,0,NULL
mis,APRDetailsData,32,Grade,nvarchar,512,0,0,1,0,0,NULL
mis,APRDetailsData,33,RiskWeight,int,4,10,0,1,0,0,NULL
mis,APRDetailsData,34,RiskWeightedScore,int,4,10,0,1,0,0,NULL
mis,APRDetailsData,35,SampleNotReported,int,4,10,0,1,0,0,NULL
mis,APRDetailsData,36,AchievedScore,int,4,10,0,1,0,0,NULL
mis,APRDetailsData,37,FinalScore,decimal,9,18,2,1,0,0,NULL
mis,APRDetailsData,38,IsActive,bit,1,1,0,0,0,0,NULL
mis,APRDetailsData,39,CreatedBy,int,4,10,0,1,0,0,NULL
mis,APRDetailsData,40,CreatedDate,datetime,8,23,3,1,0,0,NULL
mis,APRDetailsData,41,UpdatedBy,int,4,10,0,1,0,0,NULL
mis,APRDetailsData,42,UpdatedDate,datetime,8,23,3,1,0,0,NULL
mis,APRDetailsData,43,IsDeleted,bit,1,1,0,1,0,0,NULL
mis,APRDetailsData,44,DeletedBy,int,4,10,0,1,0,0,NULL
mis,APRDetailsData,45,DeletedDate,datetime,8,23,3,1,0,0,NULL
mis,APRDetailsData,46,DeleteReason,nvarchar,1000,0,0,1,0,0,NULL
mis,AprFinalScoreData,1,AprFinalScoreDataId,int,4,10,0,0,1,0,NULL
mis,AprFinalScoreData,2,AuditConductionId,int,4,10,0,0,0,0,NULL
mis,AprFinalScoreData,3,AuditScheduleId,int,4,10,0,0,0,0,NULL
mis,AprFinalScoreData,4,FinalScore,decimal,17,38,2,1,0,0,NULL
mis,AprFinalScoreData,5,Incomplete,int,4,10,0,1,0,0,NULL
mis,AprFinalScoreData,6,PerformanceRatingId,int,4,10,0,1,0,0,NULL
mis,AprFinalScoreData,7,PerformanceRatingName,varchar,250,0,0,1,0,0,NULL
mis,AprFinalScoreData,8,RatingColor,varchar,8,0,0,1,0,0,NULL
mis,AprFinalScoreData,9,IsActive,bit,1,1,0,0,0,0,NULL
mis,AprFinalScoreData,10,CreatedBy,int,4,10,0,1,0,0,NULL
mis,AprFinalScoreData,11,CreatedDate,datetime,8,23,3,1,0,0,NULL
mis,AprFinalScoreData,12,UpdatedBy,int,4,10,0,1,0,0,NULL
mis,AprFinalScoreData,13,UpdatedDate,datetime,8,23,3,1,0,0,NULL
mis,AprFinalScoreData,14,IsDeleted,bit,1,1,0,1,0,0,NULL
mis,AprFinalScoreData,15,DeletedBy,int,4,10,0,1,0,0,NULL
mis,AprFinalScoreData,16,DeletedDate,datetime,8,23,3,1,0,0,NULL
mis,AprFinalScoreData,17,DeleteReason,nvarchar,1000,0,0,1,0,0,NULL
mis,APRSummaryData,1,APRSummaryDataId,int,4,10,0,0,1,0,NULL
mis,APRSummaryData,2,AprSummaryId,int,4,10,0,1,0,0,NULL
mis,APRSummaryData,3,AuditConductionId,int,4,10,0,0,0,0,NULL
mis,APRSummaryData,4,AuditScheduleId,int,4,10,0,0,0,0,NULL
mis,APRSummaryData,5,PlanningProcessId,int,4,10,0,0,0,0,NULL
mis,APRSummaryData,6,PlanningProcessName,nvarchar,2000,0,0,1,0,0,NULL
mis,APRSummaryData,7,AverageScore,decimal,5,5,2,1,0,0,NULL
mis,APRSummaryData,8,GradeId,int,4,10,0,1,0,0,NULL
mis,APRSummaryData,9,GradeCode,nvarchar,512,0,0,1,0,0,NULL
mis,APRSummaryData,10,GradeName,nvarchar,512,0,0,1,0,0,NULL
mis,APRSummaryData,11,TextColor,nvarchar,20,0,0,1,0,0,NULL
mis,APRSummaryData,12,ColorCode,nvarchar,20,0,0,1,0,0,NULL
mis,APRSummaryData,13,Weight,decimal,9,10,2,1,0,0,NULL
mis,APRSummaryData,14,WeightedScore,decimal,5,5,2,1,0,0,NULL
mis,APRSummaryData,15,IsActive,bit,1,1,0,0,0,0,NULL
mis,APRSummaryData,16,CreatedBy,int,4,10,0,1,0,0,NULL
mis,APRSummaryData,17,CreatedDate,datetime,8,23,3,1,0,0,NULL
mis,APRSummaryData,18,UpdatedBy,int,4,10,0,1,0,0,NULL
mis,APRSummaryData,19,UpdatedDate,datetime,8,23,3,1,0,0,NULL
mis,APRSummaryData,20,IsDeleted,bit,1,1,0,1,0,0,NULL
mis,APRSummaryData,21,DeletedBy,int,4,10,0,1,0,0,NULL
mis,APRSummaryData,22,DeletedDate,datetime,8,23,3,1,0,0,NULL
mis,APRSummaryData,23,DeleteReason,nvarchar,1000,0,0,1,0,0,NULL
mis,DynamicMisReport,1,DynamicMisReportId,int,4,10,0,0,1,0,NULL
mis,DynamicMisReport,2,DynamicMisReportName,nvarchar,500,0,0,0,0,0,NULL
mis,DynamicMisReport,3,IsActive,bit,1,1,0,0,0,0,NULL
mis,DynamicMisReport,4,CreatedBy,int,4,10,0,1,0,0,NULL
mis,DynamicMisReport,5,CreatedDate,datetime,8,23,3,1,0,0,NULL
mis,DynamicMisReport,6,UpdatedBy,int,4,10,0,1,0,0,NULL
mis,DynamicMisReport,7,UpdatedDate,datetime,8,23,3,1,0,0,NULL
mis,DynamicMisReport,8,IsDeleted,bit,1,1,0,1,0,0,NULL
mis,DynamicMisReport,9,DeletedBy,int,4,10,0,1,0,0,NULL
mis,DynamicMisReport,10,DeletedDate,datetime,8,23,3,1,0,0,NULL
mis,DynamicMisReport,11,DeleteReason,nvarchar,1000,0,0,1,0,0,NULL
mis,MISDynamicReportData,1,MISDynamicReportDataId,int,4,10,0,0,1,0,NULL
mis,MISDynamicReportData,2,AuditConductionId,int,4,10,0,0,0,0,NULL
mis,MISDynamicReportData,3,AuditScheduleId,int,4,10,0,0,0,0,NULL
mis,MISDynamicReportData,4,AudConObsId,int,4,10,0,0,0,0,NULL
mis,MISDynamicReportData,5,ProgrammeGroupId,int,4,10,0,0,0,0,NULL
mis,MISDynamicReportData,6,ProgrammeGroup,nvarchar,500,0,0,1,0,0,NULL
mis,MISDynamicReportData,7,ProgrammeId,int,4,10,0,0,0,0,NULL
mis,MISDynamicReportData,8,ProgrammeCategory,nvarchar,300,0,0,1,0,0,NULL
mis,MISDynamicReportData,9,SubProgrammeId,int,4,10,0,0,0,0,NULL
mis,MISDynamicReportData,10,SubProgrammeCategory,nvarchar,300,0,0,1,0,0,NULL
mis,MISDynamicReportData,11,ProjectId,int,4,10,0,0,0,0,NULL
mis,MISDynamicReportData,12,Project,nvarchar,500,0,0,1,0,0,NULL
mis,MISDynamicReportData,13,RiskTypeId,int,4,10,0,0,0,0,NULL
mis,MISDynamicReportData,14,ProjectRisk,nvarchar,500,0,0,1,0,0,NULL
mis,MISDynamicReportData,15,DivisionId,int,4,10,0,0,0,0,NULL
mis,MISDynamicReportData,16,Division,nvarchar,300,0,0,1,0,0,NULL
mis,MISDynamicReportData,17,DistrictRegionId,int,4,10,0,0,0,0,NULL
mis,MISDynamicReportData,18,DistrictRegion,nvarchar,300,0,0,1,0,0,NULL
mis,MISDynamicReportData,19,Area,nvarchar,300,0,0,1,0,0,NULL
mis,MISDynamicReportData,20,OrgAreaId,int,4,10,0,0,0,0,NULL
mis,MISDynamicReportData,21,Upazila,nvarchar,300,0,0,1,0,0,NULL
mis,MISDynamicReportData,22,OrgUpazilaId,int,4,10,0,0,0,0,NULL
mis,MISDynamicReportData,23,BranchId,int,4,10,0,0,0,0,NULL
mis,MISDynamicReportData,24,BranchSpot,varchar,200,0,0,1,0,0,NULL
mis,MISDynamicReportData,25,BranchSpotCode,nvarchar,30,0,0,1,0,0,NULL
mis,MISDynamicReportData,26,AuditTypeId,int,4,10,0,0,0,0,NULL
mis,MISDynamicReportData,27,AuditType,nvarchar,500,0,0,1,0,0,NULL
mis,MISDynamicReportData,28,ReportTypeId,int,4,10,0,0,0,0,NULL
mis,MISDynamicReportData,29,ReportType,nvarchar,500,0,0,0,0,0,NULL
mis,MISDynamicReportData,30,COSOComponentName,nvarchar,500,0,0,1,0,0,NULL
mis,MISDynamicReportData,31,ComponentId,int,4,10,0,0,0,0,NULL
mis,MISDynamicReportData,32,COSOPrinciplesofInternalControlName,nvarchar,500,0,0,1,0,0,NULL
mis,MISDynamicReportData,33,PlanningProcessId,int,4,10,0,0,0,0,NULL
mis,MISDynamicReportData,34,PlanningSubProcessId,int,4,10,0,0,0,0,NULL
mis,MISDynamicReportData,35,ProcessName,nvarchar,2000,0,0,1,0,0,NULL
mis,MISDynamicReportData,36,Subprocess,nvarchar,2000,0,0,1,0,0,NULL
mis,MISDynamicReportData,37,RiskCriteria,nvarchar,300,0,0,1,0,0,NULL
mis,MISDynamicReportData,38,RiskCriteriaId,int,4,10,0,0,0,0,NULL
mis,MISDynamicReportData,39,DonorName,nvarchar,500,0,0,1,0,0,NULL
mis,MISDynamicReportData,40,ObservationCategoryId,int,4,10,0,0,0,0,NULL
mis,MISDynamicReportData,41,ObservationCategory,nvarchar,500,0,0,1,0,0,NULL
mis,MISDynamicReportData,42,ObservationTitle,nvarchar,-1,0,0,0,0,0,NULL
mis,MISDynamicReportData,43,ObservationKeyWordId,int,4,10,0,0,0,0,NULL
mis,MISDynamicReportData,44,ObservationKeywords,nvarchar,500,0,0,1,0,0,NULL
mis,MISDynamicReportData,45,Amount,numeric,9,18,2,1,0,0,NULL
mis,MISDynamicReportData,46,Quantity,int,4,10,0,1,0,0,NULL
mis,MISDynamicReportData,47,Grade,varchar,10,0,0,1,0,0,NULL
mis,MISDynamicReportData,48,PopulationSize,int,4,10,0,1,0,0,NULL
mis,MISDynamicReportData,49,Samplesize,int,4,10,0,1,0,0,NULL
mis,MISDynamicReportData,50,PercentageOfSampleagainstPopulation,decimal,5,5,2,1,0,0,NULL
mis,MISDynamicReportData,51,NoOfInstances,int,4,10,0,1,0,0,NULL
mis,MISDynamicReportData,52,PercentageOfInstancesAgainstSample,decimal,5,5,2,1,0,0,NULL
mis,MISDynamicReportData,53,ActualConductionStartDate,datetime,8,23,3,1,0,0,NULL
mis,MISDynamicReportData,54,AuditPeriod,nvarchar,8000,0,0,0,0,0,NULL
mis,MISDynamicReportData,55,AuditPeriodFrom,datetime,8,23,3,1,0,0,NULL
mis,MISDynamicReportData,56,AuditPeriodTo,datetime,8,23,3,1,0,0,NULL
mis,MISDynamicReportData,57,AuditConductionTimeScheduled,nvarchar,8000,0,0,0,0,0,NULL
mis,MISDynamicReportData,58,AuditConductionScheduledFrom,datetime,8,23,3,1,0,0,NULL
mis,MISDynamicReportData,59,AuditConductionScheduledTo,datetime,8,23,3,1,0,0,NULL
mis,MISDynamicReportData,60,AuditConductionTimeActual,nvarchar,8000,0,0,0,0,0,NULL
mis,MISDynamicReportData,61,AuditConductionActualFrom,datetime,8,23,3,1,0,0,NULL
mis,MISDynamicReportData,62,AuditConductionActualTo,datetime,8,23,3,1,0,0,NULL
mis,MISDynamicReportData,63,SendingDateforManagementActionPlanCollection,nvarchar,8000,0,0,1,0,0,NULL
mis,MISDynamicReportData,64,ReceivingDateforManagementActionPlancollection,nvarchar,8000,0,0,1,0,0,NULL
mis,MISDynamicReportData,65,ReportApprovedDate,nvarchar,8000,0,0,1,0,0,NULL
mis,MISDynamicReportData,66,ReportDispatchDate,nvarchar,8000,0,0,1,0,0,NULL
mis,MISDynamicReportData,67,DispatchCompletedDate,date,3,10,0,1,0,0,NULL
mis,MISDynamicReportData,68,ControlwiseAPRRating,decimal,5,5,2,1,0,0,NULL
mis,MISDynamicReportData,69,OverallBranchRatingAPR,varchar,286,0,0,1,0,0,NULL
mis,MISDynamicReportData,70,ForIARMCMeeting,varchar,3,0,0,0,0,0,NULL
mis,MISDynamicReportData,71,ForIARFCMeeting,varchar,3,0,0,0,0,0,NULL
mis,MISDynamicReportData,72,FARCMeeting,varchar,3,0,0,0,0,0,NULL
mis,MISDynamicReportData,73,ForModelReport,varchar,3,0,0,0,0,0,NULL
mis,MISDynamicReportData,74,ProcessAudit,varchar,3,0,0,0,0,0,NULL
mis,MISDynamicReportData,75,NewObservation,varchar,3,0,0,0,0,0,NULL
mis,MISDynamicReportData,76,DebriefingMeeting,varchar,3,0,0,0,0,0,NULL
mis,MISDynamicReportData,77,ForAuditCompliance,varchar,3,0,0,0,0,0,NULL
mis,MISDynamicReportData,78,InternalComplianceStatus,nvarchar,500,0,0,1,0,0,NULL
mis,MISDynamicReportData,79,IdentificationYearInternalCompliance,int,4,10,0,1,0,0,NULL
mis,MISDynamicReportData,80,InternalCompliance,varchar,3,0,0,0,0,0,NULL
mis,MISDynamicReportData,81,CommentsOnInternalComplianceStatus,nvarchar,500,0,0,1,0,0,NULL
mis,MISDynamicReportData,82,HeadlineTitleOfExternalCompliance,nvarchar,2000,0,0,1,0,0,NULL
mis,MISDynamicReportData,83,ObservationOfExternalCompliance,nvarchar,8000,0,0,1,0,0,NULL
mis,MISDynamicReportData,84,IdentificationYearExternalCompliance,int,4,10,0,1,0,0,NULL
mis,MISDynamicReportData,85,ExternalComplianceStatus,nvarchar,500,0,0,1,0,0,NULL
mis,MISDynamicReportData,86,CommentsOnExternalComplianceStatus,nvarchar,-1,0,0,1,0,0,NULL
mis,MISDynamicReportData,87,ObservationCriteria,nvarchar,-1,0,0,1,0,0,NULL
mis,MISDynamicReportData,88,RiskImplication,nvarchar,-1,0,0,1,0,0,NULL
mis,MISDynamicReportData,89,RootCause,nvarchar,-1,0,0,1,0,0,NULL
mis,MISDynamicReportData,90,ManagementActionPlanComments,nvarchar,-1,0,0,1,0,0,NULL
mis,MISDynamicReportData,91,ManagementActionPlanCorrectiveAction,nvarchar,-1,0,0,1,0,0,NULL
mis,MISDynamicReportData,92,ManagementActionPlanPreventiveAction,nvarchar,-1,0,0,1,0,0,NULL
mis,MISDynamicReportData,93,ManagementActionPlanActionowner,nvarchar,8000,0,0,1,0,0,NULL
mis,MISDynamicReportData,94,ManagementActionPlanImplementationTimeline,datetime,8,23,3,1,0,0,NULL
mis,MISDynamicReportData,95,Recommendation,nvarchar,-1,0,0,1,0,0,NULL
mis,MISDynamicReportData,96,AccusedPersonNamePIN,nvarchar,410,0,0,1,0,0,NULL
mis,MISDynamicReportData,97,DateOfIncident,nvarchar,8000,0,0,1,0,0,NULL
mis,MISDynamicReportData,98,Designation,nvarchar,300,0,0,1,0,0,NULL
mis,MISDynamicReportData,99,AmountResponsible,decimal,17,38,5,1,0,0,NULL
mis,MISDynamicReportData,100,ManagementComments,nvarchar,-1,0,0,1,0,0,NULL
mis,MISDynamicReportData,101,IADCommentOnManagementComment,nvarchar,-1,0,0,1,0,0,NULL
mis,MISDynamicReportData,102,CorrectiveManagementActionPlanUpdateStatus,nvarchar,500,0,0,1,0,0,NULL
mis,MISDynamicReportData,103,CorrectiveManagementActionPlanStatusUpdateBy,varchar,250,0,0,1,0,0,NULL
mis,MISDynamicReportData,104,CommentsOnCorrectiveManagementActionPlan,nvarchar,-1,0,0,1,0,0,NULL
mis,MISDynamicReportData,105,PreventiveManagementActionPlanUpdateStatus,nvarchar,500,0,0,1,0,0,NULL
mis,MISDynamicReportData,106,PreventiveManagementActionPlanStatusUpdateBy,varchar,250,0,0,1,0,0,NULL
mis,MISDynamicReportData,107,CommentsOnPreventiveManagementActionPlan,nvarchar,-1,0,0,1,0,0,NULL
mis,MISDynamicReportData,108,ReportStatusReportWritingReviewDispatch,nvarchar,300,0,0,1,0,0,NULL
mis,MISDynamicReportData,109,AuditorName,varchar,8000,0,0,1,0,0,NULL
mis,MISDynamicReportData,110,ZoneName,nvarchar,500,0,0,1,0,0,NULL
mis,MISDynamicReportData,111,ManagerNamePIN,nvarchar,606,0,0,1,0,0,NULL
mis,MISDynamicReportData,112,AssignManagerId,int,4,10,0,0,0,0,NULL
mis,MISDynamicReportData,113,SrManagerNamePIN,nvarchar,350,0,0,1,0,0,NULL
mis,MISDynamicReportData,114,ProgrammeHeadNamePIN,nvarchar,406,0,0,1,0,0,NULL
mis,MISDynamicReportData,115,Country,varchar,50,0,0,1,0,0,NULL
mis,MISDynamicReportData,116,ReportDispatchStatusId,int,4,10,0,0,0,0,NULL
mis,MISDynamicReportData,117,IsActive,bit,1,1,0,0,0,0,NULL
mis,MISDynamicReportData,118,CreatedBy,int,4,10,0,1,0,0,NULL
mis,MISDynamicReportData,119,CreatedDate,datetime,8,23,3,1,0,0,NULL
mis,MISDynamicReportData,120,UpdatedBy,int,4,10,0,1,0,0,NULL
mis,MISDynamicReportData,121,UpdatedDate,datetime,8,23,3,1,0,0,NULL
mis,MISDynamicReportData,122,IsDeleted,bit,1,1,0,1,0,0,NULL
mis,MISDynamicReportData,123,DeletedBy,int,4,10,0,1,0,0,NULL
mis,MISDynamicReportData,124,DeletedDate,datetime,8,23,3,1,0,0,NULL
mis,MISDynamicReportData,125,DeleteReason,varchar,500,0,0,1,0,0,NULL
mis,MISDynamicReportData,128,ImplementationTimelineForCorrectiveAction,nvarchar,200,0,0,1,0,0,NULL
mis,MISDynamicReportData,129,ForDirectorSrDirectorReports,nvarchar,200,0,0,1,0,0,NULL
mis,MISDynamicReportData,130,ForMDReports,nvarchar,200,0,0,1,0,0,NULL
mis,MISDynamicReportData,131,ForEDReports,nvarchar,200,0,0,1,0,0,NULL
mis,MISDynamicReportData,132,RiskCategoryAssessedByRMS,nvarchar,500,0,0,1,0,0,NULL
mis,MisReportHeaderDetail,1,MisReportHeaderId,int,4,10,0,0,1,0,NULL
mis,MisReportHeaderDetail,2,MisReportTypeId,int,4,10,0,1,0,0,NULL
mis,MisReportHeaderDetail,3,ReportHeaderName,varchar,250,0,0,0,0,0,NULL
mis,MisReportHeaderDetail,4,ReportHeaderParamName,varchar,250,0,0,1,0,0,NULL
mis,MisReportHeaderDetail,5,ReportHeaderDescription,varchar,500,0,0,1,0,0,NULL
mis,MisReportHeaderDetail,6,DisplayOrder,int,4,10,0,1,0,0,NULL
mis,MisReportHeaderDetail,7,DefaultValue,bit,1,1,0,1,0,0,NULL
mis,MisReportHeaderDetail,8,IsSelected,bit,1,1,0,1,0,0,NULL
mis,MisReportHeaderDetail,9,IsDisabled,bit,1,1,0,1,0,0,NULL
mis,MisReportHeaderDetail,10,IsActive,bit,1,1,0,0,0,0,NULL
mis,MisReportHeaderDetail,11,CreatedBy,int,4,10,0,1,0,0,NULL
mis,MisReportHeaderDetail,12,CreatedDate,datetime,8,23,3,1,0,0,NULL
mis,MisReportHeaderDetail,13,UpdatedBy,int,4,10,0,1,0,0,NULL
mis,MisReportHeaderDetail,14,UpdatedDate,datetime,8,23,3,1,0,0,NULL
mis,MisReportHeaderDetail,15,IsDeleted,bit,1,1,0,1,0,0,NULL
mis,MisReportHeaderDetail,16,DeletedBy,int,4,10,0,1,0,0,NULL
mis,MisReportHeaderDetail,17,DeletedDate,datetime,8,23,3,1,0,0,NULL
mis,MisReportHeaderDetail,18,DeleteReason,nvarchar,1000,0,0,1,0,0,NULL
mis,MisReportHeaderType,1,MisReportTypeId,int,4,10,0,0,1,0,NULL
mis,MisReportHeaderType,2,MisReportTypeName,nvarchar,500,0,0,0,0,0,NULL
mis,MisReportHeaderType,3,IsActive,bit,1,1,0,0,0,0,NULL
mis,MisReportHeaderType,4,CreatedBy,int,4,10,0,1,0,0,NULL
mis,MisReportHeaderType,5,CreatedDate,datetime,8,23,3,1,0,0,NULL
mis,MisReportHeaderType,6,UpdatedBy,int,4,10,0,1,0,0,NULL
mis,MisReportHeaderType,7,UpdatedDate,datetime,8,23,3,1,0,0,NULL
mis,MisReportHeaderType,8,IsDeleted,bit,1,1,0,1,0,0,NULL
mis,MisReportHeaderType,9,DeletedBy,int,4,10,0,1,0,0,NULL
mis,MisReportHeaderType,10,DeletedDate,datetime,8,23,3,1,0,0,NULL
mis,MisReportHeaderType,11,DeleteReason,nvarchar,1000,0,0,1,0,0,NULL
mis,SegregationOfFullReportOrObservation,1,Id,int,4,10,0,0,0,0,NULL
mis,SegregationOfFullReportOrObservation,2,DisplayText,nvarchar,300,0,0,0,0,0,NULL
ofl,ActiveInactiveStatus_STAGE,1,IsActive,bit,1,1,0,0,0,0,NULL
ofl,ActiveInactiveStatus_STAGE,2,IsActiveText,varchar,50,0,0,1,0,0,NULL
ofl,AppComponent_STAGE,1,ComponentId,int,4,10,0,0,0,0,NULL
ofl,AppComponent_STAGE,2,ComponentName,varchar,250,0,0,1,0,0,NULL
ofl,AppComponent_STAGE,3,ComponentGroupId,int,4,10,0,1,0,0,NULL
ofl,AppComponent_STAGE,4,ComponentTypeId,int,4,10,0,1,0,0,NULL
ofl,AppComponent_STAGE,5,ActionName,nvarchar,500,0,0,1,0,0,NULL
ofl,AppComponent_STAGE,6,ControllerName,nvarchar,500,0,0,1,0,0,NULL
ofl,AppComponent_STAGE,7,AreaName,varchar,250,0,0,1,0,0,NULL
ofl,AppComponent_STAGE,8,IconPath,varchar,250,0,0,1,0,0,NULL
ofl,AppComponent_STAGE,9,HasChild,bit,1,1,0,1,0,0,NULL
ofl,AppComponent_STAGE,10,DisplayOrder,int,4,10,0,1,0,0,NULL
ofl,AppComponent_STAGE,11,IsActive,bit,1,1,0,1,0,0,NULL
ofl,AppComponentGroup_STAGE,1,ComponentGroupId,int,4,10,0,0,0,0,NULL
ofl,AppComponentGroup_STAGE,2,ComponentGroupName,varchar,250,0,0,0,0,0,NULL
ofl,AppComponentGroup_STAGE,3,ComponentSectionId,int,4,10,0,1,0,0,NULL
ofl,AppComponentGroup_STAGE,4,ActionName,varchar,250,0,0,1,0,0,NULL
ofl,AppComponentGroup_STAGE,5,ControllerName,varchar,250,0,0,1,0,0,NULL
ofl,AppComponentGroup_STAGE,6,AreaName,varchar,250,0,0,1,0,0,NULL
ofl,AppComponentGroup_STAGE,7,IsActive,bit,1,1,0,0,0,0,NULL
ofl,AppComponentGroup_STAGE,8,IconPath,varchar,250,0,0,1,0,0,NULL
ofl,AppComponentGroup_STAGE,9,HasChild,bit,1,1,0,1,0,0,NULL
ofl,AppComponentGroup_STAGE,10,GroupDisplayOrder,int,4,10,0,1,0,0,NULL
ofl,AppComponentSection_STAGE,1,ComponentSectionId,int,4,10,0,0,0,0,NULL
ofl,AppComponentSection_STAGE,2,SectionName,nvarchar,500,0,0,1,0,0,NULL
ofl,AppComponentSection_STAGE,3,ActionName,varchar,250,0,0,1,0,0,NULL
ofl,AppComponentSection_STAGE,4,ControllerName,varchar,250,0,0,1,0,0,NULL
ofl,AppComponentSection_STAGE,5,AreaName,varchar,250,0,0,1,0,0,NULL
ofl,AppComponentSection_STAGE,6,IsActive,bit,1,1,0,0,0,0,NULL
ofl,AppComponentSection_STAGE,7,IconPath,varchar,250,0,0,1,0,0,NULL
ofl,AppComponentSection_STAGE,8,SectionDisplayOrder,int,4,10,0,1,0,0,NULL
ofl,AppComponentType_STAGE,1,ComponentTypeId,int,4,10,0,0,0,0,NULL
ofl,AppComponentType_STAGE,2,ComponentTypeName,varchar,250,0,0,1,0,0,NULL
ofl,AppRoleAndPermission_STAGE,1,PermissionId,int,4,10,0,0,1,0,NULL
ofl,AppRoleAndPermission_STAGE,2,RoleId,nvarchar,900,0,0,0,0,0,NULL
ofl,AppRoleAndPermission_STAGE,3,ComponentId,int,4,10,0,1,0,0,NULL
ofl,AppRoleAndPermission_STAGE,4,ComponentICode,nvarchar,900,0,0,1,0,0,NULL
ofl,AppRoleAndPermission_STAGE,5,CanView,bit,1,1,0,0,0,0,NULL
ofl,AppRoleAndPermission_STAGE,6,CanCreate,bit,1,1,0,0,0,0,NULL
ofl,AppRoleAndPermission_STAGE,7,CanUpdate,bit,1,1,0,0,0,0,NULL
ofl,AppRoleAndPermission_STAGE,8,CanDelete,bit,1,1,0,0,0,0,NULL
ofl,AppRoleAndPermission_STAGE,9,CanApprove,bit,1,1,0,0,0,0,NULL
ofl,AppRoleAndPermission_STAGE,10,CreatedDate,datetime,8,23,3,1,0,0,NULL
ofl,AppRoleAndPermission_STAGE,11,CreatedBy,int,4,10,0,1,0,0,NULL
ofl,AppRoleAndPermission_STAGE,12,IsDeleted,bit,1,1,0,1,0,0,NULL
ofl,AppUser_STAGE,1,AppUserId,int,4,10,0,0,1,0,NULL
ofl,AppUser_STAGE,2,LoginUserId,varchar,450,0,0,1,0,0,NULL
ofl,AppUser_STAGE,3,Pin,varchar,20,0,0,1,0,0,NULL
ofl,AppUser_STAGE,4,FullName,nvarchar,400,0,0,1,0,0,NULL
ofl,AppUser_STAGE,5,UserName,nvarchar,128,0,0,0,0,0,NULL
ofl,AppUser_STAGE,6,EmailAddress,nvarchar,128,0,0,1,0,0,NULL
ofl,AppUser_STAGE,7,UserGroup,nvarchar,500,0,0,1,0,0,NULL
ofl,AppUser_STAGE,8,Password,nvarchar,128,0,0,1,0,0,NULL
ofl,AppUser_STAGE,9,Mobile,nvarchar,100,0,0,1,0,0,NULL
ofl,AppUser_STAGE,10,IsActive,bit,1,1,0,0,0,0,NULL
ofl,AppUser_STAGE,11,LastLoginTime,datetime,8,23,3,1,0,0,NULL
ofl,AppUser_STAGE,12,IsDefaultPassword,bit,1,1,0,0,0,0,NULL
ofl,AppUser_STAGE,13,IsSsoUser,bit,1,1,0,0,0,0,NULL
ofl,AppUser_STAGE,14,CreatedBy,int,4,10,0,1,0,0,NULL
ofl,AppUser_STAGE,15,CreatedDate,datetime,8,23,3,1,0,0,NULL
ofl,AppUser_STAGE,16,UpdatedBy,int,4,10,0,1,0,0,NULL
ofl,AppUser_STAGE,17,UpdatedDate,datetime,8,23,3,1,0,0,NULL
ofl,AppUser_STAGE,18,IsDeleted,bit,1,1,0,1,0,0,NULL
ofl,AppUser_STAGE,19,DeletedBy,int,4,10,0,1,0,0,NULL
ofl,AppUser_STAGE,20,DeletedDate,datetime,8,23,3,1,0,0,NULL
ofl,AppUser_STAGE,21,DeleteReason,nvarchar,1000,0,0,1,0,0,NULL
ofl,AppUser_STAGE,22,SignatureImage,nvarchar,-1,0,0,1,0,0,NULL
ofl,AppUser_STAGE,23,ProfileImage,nvarchar,-1,0,0,1,0,0,NULL
ofl,AppUser_STAGE,24,SignatureFor,nvarchar,-1,0,0,1,0,0,NULL
ofl,AppUserAuthOtp_STAGE,1,AuthOtpId,int,4,10,0,0,1,0,NULL
ofl,AppUserAuthOtp_STAGE,2,AppUserId,int,4,10,0,0,0,0,NULL
ofl,AppUserAuthOtp_STAGE,3,UserName,varchar,250,0,0,0,0,0,NULL
ofl,AppUserAuthOtp_STAGE,4,DeviceId,varchar,250,0,0,1,0,0,NULL
ofl,AppUserAuthOtp_STAGE,5,AuthOtp,varchar,10,0,0,0,0,0,NULL
ofl,AppUserAuthOtp_STAGE,6,IsActive,bit,1,1,0,1,0,0,NULL
ofl,AppUserAuthOtp_STAGE,7,ExpiryDate,datetime,8,23,3,0,0,0,NULL
ofl,AppUserAuthOtp_STAGE,8,CreatedBy,int,4,10,0,1,0,0,NULL
ofl,AppUserAuthOtp_STAGE,9,CreatedDate,datetime,8,23,3,1,0,0,NULL
ofl,AppUserAuthOtp_STAGE,10,UpdatedBy,int,4,10,0,1,0,0,NULL
ofl,AppUserAuthOtp_STAGE,11,UpdatedDate,datetime,8,23,3,1,0,0,NULL
ofl,AppUserAuthOtp_STAGE,12,IsDeleted,bit,1,1,0,1,0,0,NULL
ofl,AppUserAuthOtp_STAGE,13,DeletedBy,int,4,10,0,1,0,0,NULL
ofl,AppUserAuthOtp_STAGE,14,DeletedDate,datetime,8,23,3,1,0,0,NULL
ofl,AppUserAuthOtp_STAGE,15,DeleteReason,nvarchar,1000,0,0,1,0,0,NULL
ofl,AspNetRoleClaims_STAGE,1,Id,int,4,10,0,0,1,0,NULL
ofl,AspNetRoleClaims_STAGE,2,RoleId,nvarchar,900,0,0,0,0,0,NULL
ofl,AspNetRoleClaims_STAGE,3,ClaimType,nvarchar,-1,0,0,1,0,0,NULL
ofl,AspNetRoleClaims_STAGE,4,ClaimValue,nvarchar,-1,0,0,1,0,0,NULL
ofl,AspNetRoleClaims_STAGE,5,IsDeleted,bit,1,1,0,1,0,0,NULL
ofl,AspNetRoles_STAGE,1,Id,nvarchar,900,0,0,0,0,0,NULL
ofl,AspNetRoles_STAGE,2,Name,nvarchar,512,0,0,1,0,0,NULL
ofl,AspNetRoles_STAGE,3,NormalizedName,nvarchar,512,0,0,1,0,0,NULL
ofl,AspNetRoles_STAGE,4,Description,nvarchar,-1,0,0,1,0,0,NULL
ofl,AspNetRoles_STAGE,5,CreatedBy,int,4,10,0,1,0,0,NULL
ofl,AspNetRoles_STAGE,6,CreatedDate,datetime,8,23,3,1,0,0,NULL
ofl,AspNetRoles_STAGE,7,UpdatedBy,int,4,10,0,1,0,0,NULL
ofl,AspNetRoles_STAGE,8,UpdatedDate,datetime,8,23,3,1,0,0,NULL
ofl,AspNetRoles_STAGE,9,DeletedBy,int,4,10,0,1,0,0,NULL
ofl,AspNetRoles_STAGE,10,DeletedDate,datetime,8,23,3,1,0,0,NULL
ofl,AspNetRoles_STAGE,11,IsDeleted,bit,1,1,0,1,0,0,NULL
ofl,AspNetRoles_STAGE,12,DeleteReason,nvarchar,1000,0,0,1,0,0,NULL
ofl,AspNetRoles_STAGE,13,IsActive,bit,1,1,0,1,0,0,NULL
ofl,AspNetRoles_STAGE,14,ConcurrencyStamp,nvarchar,-1,0,0,1,0,0,NULL
ofl,AspNetUserClaims_STAGE,1,Id,int,4,10,0,0,1,0,NULL
ofl,AspNetUserClaims_STAGE,2,UserId,nvarchar,512,0,0,0,0,0,NULL
ofl,AspNetUserClaims_STAGE,3,ClaimType,nvarchar,-1,0,0,1,0,0,NULL
ofl,AspNetUserClaims_STAGE,4,ClaimValue,nvarchar,-1,0,0,1,0,0,NULL
ofl,AspNetUserClaims_STAGE,5,DeletedBy,int,4,10,0,1,0,0,NULL
ofl,AspNetUserClaims_STAGE,6,DeletedDate,datetime,8,23,3,1,0,0,NULL
ofl,AspNetUserClaims_STAGE,7,IsDeleted,bit,1,1,0,1,0,0,NULL
ofl,AspNetUserLogins_STAGE,1,LoginProvider,nvarchar,256,0,0,0,0,0,NULL
ofl,AspNetUserLogins_STAGE,2,ProviderKey,nvarchar,256,0,0,0,0,0,NULL
ofl,AspNetUserLogins_STAGE,3,ProviderDisplayName,nvarchar,-1,0,0,1,0,0,NULL
ofl,AspNetUserLogins_STAGE,4,UserId,nvarchar,512,0,0,0,0,0,NULL
ofl,AspNetUserRoles_STAGE,1,Id,int,4,10,0,0,1,0,NULL
ofl,AspNetUserRoles_STAGE,2,UserId,nvarchar,512,0,0,0,0,0,NULL
ofl,AspNetUserRoles_STAGE,3,RoleId,nvarchar,900,0,0,0,0,0,NULL
ofl,AspNetUserRoles_STAGE,4,IsDeleted,bit,1,1,0,1,0,0,NULL
ofl,AspNetUsers_STAGE,1,Id,nvarchar,512,0,0,0,0,0,NULL
ofl,AspNetUsers_STAGE,2,UserName,nvarchar,512,0,0,1,0,0,NULL
ofl,AspNetUsers_STAGE,3,AppUserId,int,4,10,0,1,0,0,NULL
ofl,AspNetUsers_STAGE,4,FirstName,nvarchar,256,0,0,1,0,0,NULL
ofl,AspNetUsers_STAGE,5,LastName,nvarchar,256,0,0,1,0,0,NULL
ofl,AspNetUsers_STAGE,6,PinNumber,nvarchar,256,0,0,1,0,0,NULL
ofl,AspNetUsers_STAGE,7,NormalizedUserName,nvarchar,512,0,0,1,0,0,NULL
ofl,AspNetUsers_STAGE,8,Email,nvarchar,512,0,0,1,0,0,NULL
ofl,AspNetUsers_STAGE,9,NormalizedEmail,nvarchar,512,0,0,1,0,0,NULL
ofl,AspNetUsers_STAGE,10,EmailConfirmed,bit,1,1,0,0,0,0,NULL
ofl,AspNetUsers_STAGE,11,PasswordHash,nvarchar,-1,0,0,1,0,0,NULL
ofl,AspNetUsers_STAGE,12,SecurityStamp,nvarchar,-1,0,0,1,0,0,NULL
ofl,AspNetUsers_STAGE,13,ConcurrencyStamp,nvarchar,-1,0,0,1,0,0,NULL
ofl,AspNetUsers_STAGE,14,PhoneNumber,nvarchar,-1,0,0,1,0,0,NULL
ofl,AspNetUsers_STAGE,15,PhoneNumberConfirmed,bit,1,1,0,0,0,0,NULL
ofl,AspNetUsers_STAGE,16,TwoFactorEnabled,bit,1,1,0,0,0,0,NULL
ofl,AspNetUsers_STAGE,17,LockoutEnd,datetimeoffset,10,34,7,1,0,0,NULL
ofl,AspNetUsers_STAGE,18,LockoutEnabled,bit,1,1,0,0,0,0,NULL
ofl,AspNetUsers_STAGE,19,AccessFailedCount,int,4,10,0,0,0,0,NULL
ofl,AspNetUserTokens_STAGE,1,UserId,nvarchar,512,0,0,0,0,0,NULL
ofl,AspNetUserTokens_STAGE,2,LoginProvider,nvarchar,256,0,0,0,0,0,NULL
ofl,AspNetUserTokens_STAGE,3,Name,nvarchar,256,0,0,0,0,0,NULL
ofl,AspNetUserTokens_STAGE,4,Value,nvarchar,-1,0,0,1,0,0,NULL
ofl,AspNetUserTokens_STAGE,5,TokenHash,nvarchar,512,0,0,1,0,0,NULL
ofl,AspNetUserTokens_STAGE,6,TokenSalt,nvarchar,512,0,0,1,0,0,NULL
ofl,AspNetUserTokens_STAGE,7,ExpiryDate,datetime,8,23,3,1,0,0,NULL
ofl,AudConObsAccusedPerson_STAGE,1,AudConObsAccusedPersonId,int,4,10,0,0,1,0,NULL
ofl,AudConObsAccusedPerson_STAGE,2,AudConObsId,int,4,10,0,0,0,0,NULL
ofl,AudConObsAccusedPerson_STAGE,3,AccusedPin,nvarchar,100,0,0,0,0,0,NULL
ofl,AudConObsAccusedPerson_STAGE,4,AccusedName,nvarchar,300,0,0,0,0,0,NULL
ofl,AudConObsAccusedPerson_STAGE,5,Designation,nvarchar,300,0,0,0,0,0,NULL
ofl,AudConObsAccusedPerson_STAGE,6,SecondaryDesignation,nvarchar,300,0,0,0,0,0,NULL
ofl,AudConObsAccusedPerson_STAGE,7,Email,nvarchar,300,0,0,1,0,0,NULL
ofl,AudConObsAccusedPerson_STAGE,8,MobileNumber,nvarchar,100,0,0,1,0,0,NULL
ofl,AudConObsAccusedPerson_STAGE,9,Amount,decimal,9,18,5,0,0,0,NULL
ofl,AudConObsAccusedPerson_STAGE,10,IsActive,bit,1,1,0,0,0,0,NULL
ofl,AudConObsAccusedPerson_STAGE,11,CreatedBy,int,4,10,0,1,0,0,NULL
ofl,AudConObsAccusedPerson_STAGE,12,CreatedDate,datetime,8,23,3,1,0,0,NULL
ofl,AudConObsAccusedPerson_STAGE,13,UpdatedBy,int,4,10,0,1,0,0,NULL
ofl,AudConObsAccusedPerson_STAGE,14,UpdatedDate,datetime,8,23,3,1,0,0,NULL
ofl,AudConObsAccusedPerson_STAGE,15,IsDeleted,bit,1,1,0,1,0,0,NULL
ofl,AudConObsAccusedPerson_STAGE,16,DeletedBy,int,4,10,0,1,0,0,NULL
ofl,AudConObsAccusedPerson_STAGE,17,DeletedDate,datetime,8,23,3,1,0,0,NULL
ofl,AudConObsAccusedPerson_STAGE,18,DeleteReason,nvarchar,1000,0,0,1,0,0,NULL
ofl,AuditCategory_STAGE,1,AuditCategoryId,int,4,10,0,0,1,0,NULL
ofl,AuditCategory_STAGE,2,AuditCategoryName,nvarchar,500,0,0,0,0,0,NULL
ofl,AuditCategory_STAGE,3,Description,nvarchar,5000,0,0,1,0,0,NULL
ofl,AuditCategory_STAGE,4,StatusColor,nvarchar,100,0,0,1,0,0,NULL
ofl,AuditCategory_STAGE,5,StatusCode,nvarchar,300,0,0,1,0,0,NULL
ofl,AuditCategory_STAGE,6,IsActive,bit,1,1,0,1,0,0,NULL
ofl,AuditCategory_STAGE,7,CreatedBy,int,4,10,0,1,0,0,NULL
ofl,AuditCategory_STAGE,8,CreatedDate,datetime,8,23,3,1,0,0,NULL
ofl,AuditCategory_STAGE,9,UpdatedBy,int,4,10,0,1,0,0,NULL
ofl,AuditCategory_STAGE,10,UpdatedDate,datetime,8,23,3,1,0,0,NULL
ofl,AuditCategory_STAGE,11,IsDeleted,bit,1,1,0,1,0,0,NULL
ofl,AuditCategory_STAGE,12,DeletedBy,int,4,10,0,1,0,0,NULL
ofl,AuditCategory_STAGE,13,DeletedDate,datetime,8,23,3,1,0,0,NULL
ofl,AuditCategory_STAGE,14,DeleteReason,nvarchar,1000,0,0,1,0,0,NULL
ofl,AuditConduction_STAGE,1,AuditConductionId,int,4,10,0,0,1,0,NULL
ofl,AuditConduction_STAGE,2,AuditScheduleId,int,4,10,0,0,0,0,NULL
ofl,AuditConduction_STAGE,3,AuditConductionStatusId,int,4,10,0,1,0,0,NULL
ofl,AuditConduction_STAGE,4,AuditPeriodFrom,datetime,8,23,3,1,0,0,NULL
ofl,AuditConduction_STAGE,5,AuditPeriodTo,datetime,8,23,3,1,0,0,NULL
ofl,AuditConduction_STAGE,6,IsActive,bit,1,1,0,0,0,0,NULL
ofl,AuditConduction_STAGE,7,CreatedBy,int,4,10,0,1,0,0,NULL
ofl,AuditConduction_STAGE,8,CreatedDate,datetime,8,23,3,1,0,0,NULL
ofl,AuditConduction_STAGE,9,UpdatedBy,int,4,10,0,1,0,0,NULL
ofl,AuditConduction_STAGE,10,UpdatedDate,datetime,8,23,3,1,0,0,NULL
ofl,AuditConduction_STAGE,11,IsDeleted,bit,1,1,0,1,0,0,NULL
ofl,AuditConduction_STAGE,12,DeletedBy,int,4,10,0,1,0,0,NULL
ofl,AuditConduction_STAGE,13,DeletedDate,datetime,8,23,3,1,0,0,NULL
ofl,AuditConduction_STAGE,14,DeleteReason,nvarchar,1000,0,0,1,0,0,NULL
ofl,AuditConductionControl_STAGE,1,AuditConductionControlId,int,4,10,0,0,1,0,NULL
ofl,AuditConductionControl_STAGE,2,AuditConductionPlanningDocumentId,int,4,10,0,0,0,0,NULL
ofl,AuditConductionControl_STAGE,3,AuditConductionPlanningProcessId,int,4,10,0,0,0,0,NULL
ofl,AuditConductionControl_STAGE,4,AuditConductionPlanningSubProcessId,int,4,10,0,0,0,0,NULL
ofl,AuditConductionControl_STAGE,5,ControlListId,int,4,10,0,1,0,0,NULL
ofl,AuditConductionControl_STAGE,6,Question,nvarchar,400,0,0,1,0,0,NULL
ofl,AuditConductionControl_STAGE,7,Objective,nvarchar,400,0,0,1,0,0,NULL
ofl,AuditConductionControl_STAGE,8,ControlPerformed,nvarchar,400,0,0,1,0,0,NULL
ofl,AuditConductionControl_STAGE,9,RiskDescription,nvarchar,400,0,0,1,0,0,NULL
ofl,AuditConductionControl_STAGE,10,SampleTechnique,nvarchar,400,0,0,1,0,0,NULL
ofl,AuditConductionControl_STAGE,11,Population,int,4,10,0,1,0,0,NULL
ofl,AuditConductionControl_STAGE,12,RiskTypeId,int,4,10,0,1,0,0,NULL
ofl,AuditConductionControl_STAGE,13,SampleSize,int,4,10,0,1,0,0,NULL
ofl,AuditConductionControl_STAGE,14,SampleSizePercentage,int,4,10,0,1,0,0,NULL
ofl,AuditConductionControl_STAGE,15,Instance,int,4,10,0,1,0,0,NULL
ofl,AuditConductionControl_STAGE,16,NatureOfControlId,int,4,10,0,1,0,0,NULL
ofl,AuditConductionControl_STAGE,17,FrequencyOfControlId,int,4,10,0,1,0,0,NULL
ofl,AuditConductionControl_STAGE,18,RiskLevelId,int,4,10,0,1,0,0,NULL
ofl,AuditConductionControl_STAGE,19,IsActive,bit,1,1,0,0,0,0,NULL
ofl,AuditConductionControl_STAGE,20,CreatedBy,int,4,10,0,1,0,0,NULL
ofl,AuditConductionControl_STAGE,21,CreatedDate,datetime,8,23,3,1,0,0,NULL
ofl,AuditConductionControl_STAGE,22,UpdatedBy,int,4,10,0,1,0,0,NULL
ofl,AuditConductionControl_STAGE,23,UpdatedDate,datetime,8,23,3,1,0,0,NULL
ofl,AuditConductionControl_STAGE,24,IsDeleted,bit,1,1,0,1,0,0,NULL
ofl,AuditConductionControl_STAGE,25,DeletedBy,int,4,10,0,1,0,0,NULL
ofl,AuditConductionControl_STAGE,26,DeletedDate,datetime,8,23,3,1,0,0,NULL
ofl,AuditConductionControl_STAGE,27,DeleteReason,nvarchar,1000,0,0,1,0,0,NULL
ofl,AuditConductionControlAssertion_STAGE,1,AuditConductionControlAssertionId,int,4,10,0,0,1,0,NULL
ofl,AuditConductionControlAssertion_STAGE,2,AuditConductionControlId,int,4,10,0,0,0,0,NULL
ofl,AuditConductionControlAssertion_STAGE,3,AssertionId,int,4,10,0,1,0,0,NULL
ofl,AuditConductionControlAssertion_STAGE,4,IsActive,bit,1,1,0,0,0,0,NULL
ofl,AuditConductionControlAssertion_STAGE,5,IsDeleted,bit,1,1,0,1,0,0,NULL
ofl,AuditConductionControlAssertion_STAGE,6,DeletedBy,int,4,10,0,1,0,0,NULL
ofl,AuditConductionControlAssertion_STAGE,7,DeletedDate,datetime,8,23,3,1,0,0,NULL
ofl,AuditConductionControlDetail_STAGE,1,AuditConductionControlDetailId,int,4,10,0,0,1,0,NULL
ofl,AuditConductionControlDetail_STAGE,2,AuditConductionControlId,int,4,10,0,0,0,0,NULL
ofl,AuditConductionControlDetail_STAGE,3,PlanningControlId,int,4,10,0,1,0,0,NULL
ofl,AuditConductionControlDetail_STAGE,4,IsActive,bit,1,1,0,0,0,0,NULL
ofl,AuditConductionControlDetail_STAGE,5,IsDeleted,bit,1,1,0,1,0,0,NULL
ofl,AuditConductionControlDetail_STAGE,6,DeletedBy,int,4,10,0,1,0,0,NULL
ofl,AuditConductionControlDetail_STAGE,7,DeletedDate,datetime,8,23,3,1,0,0,NULL
ofl,AuditConductionControlSampleInfo_STAGE,1,AuditConductionControlSampleInfoId,int,4,10,0,0,1,0,NULL
ofl,AuditConductionControlSampleInfo_STAGE,2,AuditConductionControlId,int,4,10,0,1,0,0,NULL
ofl,AuditConductionControlSampleInfo_STAGE,3,SampleInfoData,nvarchar,-1,0,0,1,0,0,NULL
ofl,AuditConductionControlSampleInfo_STAGE,4,IsActive,bit,1,1,0,0,0,0,NULL
ofl,AuditConductionControlSampleInfo_STAGE,5,CreatedBy,int,4,10,0,1,0,0,NULL
ofl,AuditConductionControlSampleInfo_STAGE,6,CreatedDate,datetime,8,23,3,1,0,0,NULL
ofl,AuditConductionControlSampleInfo_STAGE,7,UpdatedBy,int,4,10,0,1,0,0,NULL
ofl,AuditConductionControlSampleInfo_STAGE,8,UpdatedDate,datetime,8,23,3,1,0,0,NULL
ofl,AuditConductionControlSampleInfo_STAGE,9,IsDeleted,bit,1,1,0,1,0,0,NULL
ofl,AuditConductionControlSampleInfo_STAGE,10,DeletedBy,int,4,10,0,1,0,0,NULL
ofl,AuditConductionControlSampleInfo_STAGE,11,DeletedDate,datetime,8,23,3,1,0,0,NULL
ofl,AuditConductionControlSampleInfo_STAGE,12,DeleteReason,nvarchar,1000,0,0,1,0,0,NULL
ofl,AuditConductionDesignAssesment_STAGE,1,AuditConductionDesignAssesmentId,int,4,10,0,0,1,0,NULL
ofl,AuditConductionDesignAssesment_STAGE,2,AuditConductionPlanningDocumentId,int,4,10,0,0,0,0,NULL
ofl,AuditConductionDesignAssesment_STAGE,3,AuditConductionPlanningProcessId,int,4,10,0,0,0,0,NULL
ofl,AuditConductionDesignAssesment_STAGE,4,AuditConductionPlanningSubProcessId,int,4,10,0,0,0,0,NULL
ofl,AuditConductionDesignAssesment_STAGE,5,DesignAssesmentId,int,4,10,0,1,0,0,NULL
ofl,AuditConductionDesignAssesment_STAGE,6,Question,nvarchar,400,0,0,1,0,0,NULL
ofl,AuditConductionDesignAssesment_STAGE,7,DesignAssesmentDetailId,int,4,10,0,1,0,0,NULL
ofl,AuditConductionDesignAssesment_STAGE,8,SampleSize,int,4,10,0,1,0,0,NULL
ofl,AuditConductionDesignAssesment_STAGE,9,Instance,int,4,10,0,1,0,0,NULL
ofl,AuditConductionDesignAssesment_STAGE,10,IsActive,bit,1,1,0,0,0,0,NULL
ofl,AuditConductionDesignAssesment_STAGE,11,CreatedBy,int,4,10,0,1,0,0,NULL
ofl,AuditConductionDesignAssesment_STAGE,12,CreatedDate,datetime,8,23,3,1,0,0,NULL
ofl,AuditConductionDesignAssesment_STAGE,13,UpdatedBy,int,4,10,0,1,0,0,NULL
ofl,AuditConductionDesignAssesment_STAGE,14,UpdatedDate,datetime,8,23,3,1,0,0,NULL
ofl,AuditConductionDesignAssesment_STAGE,15,IsDeleted,bit,1,1,0,1,0,0,NULL
ofl,AuditConductionDesignAssesment_STAGE,16,DeletedBy,int,4,10,0,1,0,0,NULL
ofl,AuditConductionDesignAssesment_STAGE,17,DeletedDate,datetime,8,23,3,1,0,0,NULL
ofl,AuditConductionDesignAssesment_STAGE,18,DeleteReason,nvarchar,1000,0,0,1,0,0,NULL
ofl,AuditConductionDocument_STAGE,1,AuditConductionDocumentId,int,4,10,0,0,1,0,NULL
ofl,AuditConductionDocument_STAGE,2,AuditConductionDocumentName,nvarchar,500,0,0,1,0,0,NULL
ofl,AuditConductionDocument_STAGE,3,AuditConductionDocumentTypeId,int,4,10,0,1,0,0,NULL
ofl,AuditConductionDocument_STAGE,4,AuditConductionPlanningDocumentId,int,4,10,0,0,0,0,NULL
ofl,AuditConductionDocument_STAGE,5,AuditConductionPlanningProcessId,int,4,10,0,1,0,0,NULL
ofl,AuditConductionDocument_STAGE,6,AuditConductionPlanningSubProcessId,int,4,10,0,1,0,0,NULL
ofl,AuditConductionDocument_STAGE,7,AudConMeetingId,int,4,10,0,1,0,0,NULL
ofl,AuditConductionDocument_STAGE,8,AudConObsId,int,4,10,0,1,0,0,NULL
ofl,AuditConductionDocument_STAGE,9,MimeType,nvarchar,100,0,0,1,0,0,NULL
ofl,AuditConductionDocument_STAGE,10,FileSizeMb,decimal,9,18,2,1,0,0,NULL
ofl,AuditConductionDocument_STAGE,11,SourcePath,nvarchar,510,0,0,1,0,0,NULL
ofl,AuditConductionDocument_STAGE,12,SourceFile,varbinary,-1,0,0,1,0,0,NULL
ofl,AuditConductionDocument_STAGE,13,FileName,nvarchar,510,0,0,1,0,0,NULL
ofl,AuditConductionDocument_STAGE,14,IsActive,bit,1,1,0,1,0,0,NULL
ofl,AuditConductionDocument_STAGE,15,CreatedBy,int,4,10,0,1,0,0,NULL
ofl,AuditConductionDocument_STAGE,16,CreatedDate,datetime,8,23,3,1,0,0,NULL
ofl,AuditConductionDocument_STAGE,17,UpdatedBy,int,4,10,0,1,0,0,NULL
ofl,AuditConductionDocument_STAGE,18,UpdatedDate,datetime,8,23,3,1,0,0,NULL
ofl,AuditConductionDocument_STAGE,19,IsDeleted,bit,1,1,0,1,0,0,NULL
ofl,AuditConductionDocument_STAGE,20,DeletedBy,int,4,10,0,1,0,0,NULL
ofl,AuditConductionDocument_STAGE,21,DeletedDate,datetime,8,23,3,1,0,0,NULL
ofl,AuditConductionDocument_STAGE,22,DeleteReason,nchar,20,0,0,1,0,0,NULL
ofl,AuditConductionDocumentType_STAGE,1,AuditConductionDocumentTypeId,int,4,10,0,0,0,0,NULL
ofl,AuditConductionDocumentType_STAGE,2,AuditConductionDocumentTypeName,nvarchar,200,0,0,0,0,0,NULL
ofl,AuditConductionDocumentType_STAGE,3,IsActive,bit,1,1,0,0,0,0,NULL
ofl,AuditConductionDocumentType_STAGE,4,CreatedBy,int,4,10,0,1,0,0,NULL
ofl,AuditConductionDocumentType_STAGE,5,CreatedDate,datetime,8,23,3,1,0,0,NULL
ofl,AuditConductionDocumentType_STAGE,6,UpdatedBy,int,4,10,0,1,0,0,NULL
ofl,AuditConductionDocumentType_STAGE,7,UpdatedDate,datetime,8,23,3,1,0,0,NULL
ofl,AuditConductionDocumentType_STAGE,8,IsDeleted,bit,1,1,0,1,0,0,NULL
ofl,AuditConductionDocumentType_STAGE,9,DeletedBy,int,4,10,0,1,0,0,NULL
ofl,AuditConductionDocumentType_STAGE,10,DeletedDate,datetime,8,23,3,1,0,0,NULL
ofl,AuditConductionDocumentType_STAGE,11,DeleteReason,nvarchar,1000,0,0,1,0,0,NULL
ofl,AuditConductionMeeting_STAGE,1,AudConMeetingId,int,4,10,0,0,1,0,NULL
ofl,AuditConductionMeeting_STAGE,2,AuditScheduleId,int,4,10,0,1,0,0,NULL
ofl,AuditConductionMeeting_STAGE,3,AudConMeetingStatusId,int,4,10,0,1,0,0,NULL
ofl,AuditConductionMeeting_STAGE,4,IsActive,bit,1,1,0,0,0,0,NULL
ofl,AuditConductionMeeting_STAGE,5,CreatedBy,int,4,10,0,1,0,0,NULL
ofl,AuditConductionMeeting_STAGE,6,CreatedDate,datetime,8,23,3,1,0,0,NULL
ofl,AuditConductionMeeting_STAGE,7,UpdatedBy,int,4,10,0,1,0,0,NULL
ofl,AuditConductionMeeting_STAGE,8,UpdatedDate,datetime,8,23,3,1,0,0,NULL
ofl,AuditConductionMeeting_STAGE,9,IsDeleted,bit,1,1,0,1,0,0,NULL
ofl,AuditConductionMeeting_STAGE,10,DeletedBy,int,4,10,0,1,0,0,NULL
ofl,AuditConductionMeeting_STAGE,11,DeletedDate,datetime,8,23,3,1,0,0,NULL
ofl,AuditConductionMeeting_STAGE,12,DeleteReason,nvarchar,1000,0,0,1,0,0,NULL
ofl,AuditConductionMeetingDecision_STAGE,1,AuditConductionMeetingDecisionId,int,4,10,0,0,1,0,NULL
ofl,AuditConductionMeetingDecision_STAGE,2,AudConMeetingDetailId,int,4,10,0,0,0,0,NULL
ofl,AuditConductionMeetingDecision_STAGE,3,PlanningProcessId,int,4,10,0,0,0,0,NULL
ofl,AuditConductionMeetingDecision_STAGE,4,MeetingDecision,nvarchar,1000,0,0,0,0,0,NULL
ofl,AuditConductionMeetingDecision_STAGE,5,IsActive,bit,1,1,0,0,0,0,NULL
ofl,AuditConductionMeetingDecision_STAGE,6,CreatedBy,int,4,10,0,1,0,0,NULL
ofl,AuditConductionMeetingDecision_STAGE,7,CreatedDate,datetime,8,23,3,1,0,0,NULL
ofl,AuditConductionMeetingDecision_STAGE,8,UpdatedBy,int,4,10,0,1,0,0,NULL
ofl,AuditConductionMeetingDecision_STAGE,9,UpdatedDate,datetime,8,23,3,1,0,0,NULL
ofl,AuditConductionMeetingDecision_STAGE,10,IsDeleted,bit,1,1,0,1,0,0,NULL
ofl,AuditConductionMeetingDecision_STAGE,11,DeletedBy,int,4,10,0,1,0,0,NULL
ofl,AuditConductionMeetingDecision_STAGE,12,DeletedDate,datetime,8,23,3,1,0,0,NULL
ofl,AuditConductionMeetingDecision_STAGE,13,DeleteReason,nvarchar,1000,0,0,1,0,0,NULL
ofl,AuditConductionMeetingDetail_STAGE,1,AudConMeetingDetailId,int,4,10,0,0,1,0,NULL
ofl,AuditConductionMeetingDetail_STAGE,2,AudConMeetingId,int,4,10,0,0,0,0,NULL
ofl,AuditConductionMeetingDetail_STAGE,3,AudConMeetingUrl,nvarchar,5000,0,0,1,0,0,NULL
ofl,AuditConductionMeetingDetail_STAGE,4,AudConMeetingTypeId,int,4,10,0,1,0,0,NULL
ofl,AuditConductionMeetingDetail_STAGE,5,AudConMeetingStatusId,int,4,10,0,1,0,0,NULL
ofl,AuditConductionMeetingDetail_STAGE,6,IsActive,bit,1,1,0,0,0,0,NULL
ofl,AuditConductionMeetingDetail_STAGE,7,CreatedBy,int,4,10,0,1,0,0,NULL
ofl,AuditConductionMeetingDetail_STAGE,8,CreatedDate,datetime,8,23,3,1,0,0,NULL
ofl,AuditConductionMeetingDetail_STAGE,9,UpdatedBy,int,4,10,0,1,0,0,NULL
ofl,AuditConductionMeetingDetail_STAGE,10,UpdatedDate,datetime,8,23,3,1,0,0,NULL
ofl,AuditConductionMeetingDetail_STAGE,11,IsDeleted,bit,1,1,0,1,0,0,NULL
ofl,AuditConductionMeetingDetail_STAGE,12,DeletedBy,int,4,10,0,1,0,0,NULL
ofl,AuditConductionMeetingDetail_STAGE,13,DeletedDate,datetime,8,23,3,1,0,0,NULL
ofl,AuditConductionMeetingDetail_STAGE,14,DeleteReason,nvarchar,1000,0,0,1,0,0,NULL
ofl,AuditConductionMeetingExpectation_STAGE,1,AuditConductionMeetingExpectationId,int,4,10,0,0,1,0,NULL
ofl,AuditConductionMeetingExpectation_STAGE,2,AudConMeetingDetailId,int,4,10,0,0,0,0,NULL
ofl,AuditConductionMeetingExpectation_STAGE,3,ManagementExpectation,nvarchar,400,0,0,0,0,0,NULL
ofl,AuditConductionMeetingExpectation_STAGE,4,IsActive,bit,1,1,0,0,0,0,NULL
ofl,AuditConductionMeetingExpectation_STAGE,5,CreatedBy,int,4,10,0,1,0,0,NULL
ofl,AuditConductionMeetingExpectation_STAGE,6,CreatedDate,datetime,8,23,3,1,0,0,NULL
ofl,AuditConductionMeetingExpectation_STAGE,7,UpdatedBy,int,4,10,0,1,0,0,NULL
ofl,AuditConductionMeetingExpectation_STAGE,8,UpdatedDate,datetime,8,23,3,1,0,0,NULL
ofl,AuditConductionMeetingExpectation_STAGE,9,IsDeleted,bit,1,1,0,1,0,0,NULL
ofl,AuditConductionMeetingExpectation_STAGE,10,DeletedBy,int,4,10,0,1,0,0,NULL
ofl,AuditConductionMeetingExpectation_STAGE,11,DeletedDate,datetime,8,23,3,1,0,0,NULL
ofl,AuditConductionMeetingExpectation_STAGE,12,DeleteReason,nvarchar,1000,0,0,1,0,0,NULL
ofl,AuditConductionMeetingFocusArea_STAGE,1,AudConMeetingFocusAreaId,int,4,10,0,0,1,0,NULL
ofl,AuditConductionMeetingFocusArea_STAGE,2,AudConMeetingDetailId,int,4,10,0,0,0,0,NULL
ofl,AuditConductionMeetingFocusArea_STAGE,3,FocusArea,nvarchar,500,0,0,0,0,0,NULL
ofl,AuditConductionMeetingFocusArea_STAGE,4,IsActive,bit,1,1,0,0,0,0,NULL
ofl,AuditConductionMeetingFocusArea_STAGE,5,CreatedBy,int,4,10,0,1,0,0,NULL
ofl,AuditConductionMeetingFocusArea_STAGE,6,CreatedDate,datetime,8,23,3,1,0,0,NULL
ofl,AuditConductionMeetingFocusArea_STAGE,7,UpdatedBy,int,4,10,0,1,0,0,NULL
ofl,AuditConductionMeetingFocusArea_STAGE,8,UpdatedDate,datetime,8,23,3,1,0,0,NULL
ofl,AuditConductionMeetingFocusArea_STAGE,9,IsDeleted,bit,1,1,0,1,0,0,NULL
ofl,AuditConductionMeetingFocusArea_STAGE,10,DeletedBy,int,4,10,0,1,0,0,NULL
ofl,AuditConductionMeetingFocusArea_STAGE,11,DeletedDate,datetime,8,23,3,1,0,0,NULL
ofl,AuditConductionMeetingFocusArea_STAGE,12,DeleteReason,nvarchar,1000,0,0,1,0,0,NULL
ofl,AuditConductionMeetingMember_STAGE,1,AuditConductionMeetingMemberId,int,4,10,0,0,1,0,NULL
ofl,AuditConductionMeetingMember_STAGE,2,AudConMeetingDetailId,int,4,10,0,0,0,0,NULL
ofl,AuditConductionMeetingMember_STAGE,3,MeetinMemberId,int,4,10,0,0,0,0,NULL
ofl,AuditConductionMeetingMember_STAGE,4,MeetinMemberPin,nvarchar,300,0,0,0,0,0,NULL
ofl,AuditConductionMeetingMember_STAGE,5,MeetinMemberName,nvarchar,300,0,0,0,0,0,NULL
ofl,AuditConductionMeetingMember_STAGE,6,MeetinMemberEmail,nvarchar,300,0,0,0,0,0,NULL
ofl,AuditConductionMeetingMember_STAGE,7,MeetinMemberDesignation,nvarchar,500,0,0,0,0,0,NULL
ofl,AuditConductionMeetingMember_STAGE,8,IsAttendence,bit,1,1,0,0,0,0,NULL
ofl,AuditConductionMeetingMember_STAGE,9,IsActive,bit,1,1,0,0,0,0,NULL
ofl,AuditConductionMeetingMember_STAGE,10,CreatedBy,int,4,10,0,1,0,0,NULL
ofl,AuditConductionMeetingMember_STAGE,11,CreatedDate,datetime,8,23,3,1,0,0,NULL
ofl,AuditConductionMeetingMember_STAGE,12,UpdatedBy,int,4,10,0,1,0,0,NULL
ofl,AuditConductionMeetingMember_STAGE,13,UpdatedDate,datetime,8,23,3,1,0,0,NULL
ofl,AuditConductionMeetingMember_STAGE,14,IsDeleted,bit,1,1,0,1,0,0,NULL
ofl,AuditConductionMeetingMember_STAGE,15,DeletedBy,int,4,10,0,1,0,0,NULL
ofl,AuditConductionMeetingMember_STAGE,16,DeletedDate,datetime,8,23,3,1,0,0,NULL
ofl,AuditConductionMeetingMember_STAGE,17,DeleteReason,nvarchar,1000,0,0,1,0,0,NULL
ofl,AuditConductionMeetingStatus_STAGE,1,AudConMeetingStatusId,int,4,10,0,0,1,0,NULL
ofl,AuditConductionMeetingStatus_STAGE,2,AudConMeetingStatusName,nvarchar,200,0,0,0,0,0,NULL
ofl,AuditConductionMeetingStatus_STAGE,3,IsActive,bit,1,1,0,0,0,0,NULL
ofl,AuditConductionMeetingStatus_STAGE,4,CreatedBy,int,4,10,0,1,0,0,NULL
ofl,AuditConductionMeetingStatus_STAGE,5,CreatedDate,datetime,8,23,3,1,0,0,NULL
ofl,AuditConductionMeetingStatus_STAGE,6,UpdatedBy,int,4,10,0,1,0,0,NULL
ofl,AuditConductionMeetingStatus_STAGE,7,UpdatedDate,datetime,8,23,3,1,0,0,NULL
ofl,AuditConductionMeetingStatus_STAGE,8,IsDeleted,bit,1,1,0,1,0,0,NULL
ofl,AuditConductionMeetingStatus_STAGE,9,DeletedBy,int,4,10,0,1,0,0,NULL
ofl,AuditConductionMeetingStatus_STAGE,10,DeletedDate,datetime,8,23,3,1,0,0,NULL
ofl,AuditConductionMeetingStatus_STAGE,11,DeleteReason,nvarchar,1000,0,0,1,0,0,NULL
ofl,AuditConductionMeetingType_STAGE,1,AudConMeetingTypeId,int,4,10,0,0,1,0,NULL
ofl,AuditConductionMeetingType_STAGE,2,AudConMeetingTypeName,nvarchar,200,0,0,0,0,0,NULL
ofl,AuditConductionMeetingType_STAGE,3,IsActive,bit,1,1,0,0,0,0,NULL
ofl,AuditConductionMeetingType_STAGE,4,CreatedBy,int,4,10,0,1,0,0,NULL
ofl,AuditConductionMeetingType_STAGE,5,CreatedDate,datetime,8,23,3,1,0,0,NULL
ofl,AuditConductionMeetingType_STAGE,6,UpdatedBy,int,4,10,0,1,0,0,NULL
ofl,AuditConductionMeetingType_STAGE,7,UpdatedDate,datetime,8,23,3,1,0,0,NULL
ofl,AuditConductionMeetingType_STAGE,8,IsDeleted,bit,1,1,0,1,0,0,NULL
ofl,AuditConductionMeetingType_STAGE,9,DeletedBy,int,4,10,0,1,0,0,NULL
ofl,AuditConductionMeetingType_STAGE,10,DeletedDate,datetime,8,23,3,1,0,0,NULL
ofl,AuditConductionMeetingType_STAGE,11,DeleteReason,nvarchar,1000,0,0,1,0,0,NULL
ofl,AuditConductionMovement_STAGE,1,AuditConductionMovementId,int,4,10,0,0,1,0,NULL
ofl,AuditConductionMovement_STAGE,2,AuditScheduleId,int,4,10,0,0,0,0,NULL
ofl,AuditConductionMovement_STAGE,3,AuditConductionId,int,4,10,0,1,0,0,NULL
ofl,AuditConductionMovement_STAGE,4,AuditConductionPlanningDocumentId,int,4,10,0,0,0,0,NULL
ofl,AuditConductionMovement_STAGE,5,ProjectId,int,4,10,0,0,0,0,NULL
ofl,AuditConductionMovement_STAGE,6,AuditScheduleAuditorId,int,4,10,0,1,0,0,NULL
ofl,AuditConductionMovement_STAGE,7,AuditScheduleAuditorPin,nvarchar,100,0,0,1,0,0,NULL
ofl,AuditConductionMovement_STAGE,8,ScheduleMovementDate,datetime,8,23,3,0,0,0,NULL
ofl,AuditConductionMovement_STAGE,9,ExpectedStartDate,datetime,8,23,3,1,0,0,NULL
ofl,AuditConductionMovement_STAGE,10,ExpectedReturnDate,datetime,8,23,3,0,0,0,NULL
ofl,AuditConductionMovement_STAGE,11,ActualStartDate,datetime,8,23,3,1,0,0,NULL
ofl,AuditConductionMovement_STAGE,12,ActualReturnDate,datetime,8,23,3,1,0,0,NULL
ofl,AuditConductionMovement_STAGE,13,Remarks,nvarchar,500,0,0,1,0,0,NULL
ofl,AuditConductionMovement_STAGE,14,ConductionRemarks,nvarchar,500,0,0,1,0,0,NULL
ofl,AuditConductionMovement_STAGE,15,IsActive,bit,1,1,0,0,0,0,NULL
ofl,AuditConductionMovement_STAGE,16,CreatedBy,int,4,10,0,1,0,0,NULL
ofl,AuditConductionMovement_STAGE,17,CreatedDate,datetime,8,23,3,1,0,0,NULL
ofl,AuditConductionMovement_STAGE,18,UpdatedBy,int,4,10,0,1,0,0,NULL
ofl,AuditConductionMovement_STAGE,19,UpdatedDate,datetime,8,23,3,1,0,0,NULL
ofl,AuditConductionMovement_STAGE,20,IsDeleted,bit,1,1,0,1,0,0,NULL
ofl,AuditConductionMovement_STAGE,21,DeletedBy,int,4,10,0,1,0,0,NULL
ofl,AuditConductionMovement_STAGE,22,DeletedDate,datetime,8,23,3,1,0,0,NULL
ofl,AuditConductionMovement_STAGE,23,DeleteReason,nvarchar,1000,0,0,1,0,0,NULL
ofl,AuditConductionObservation_STAGE,1,AudConObsId,int,4,10,0,0,1,0,NULL
ofl,AuditConductionObservation_STAGE,2,AudConObsName,nvarchar,500,0,0,0,0,0,NULL
ofl,AuditConductionObservation_STAGE,3,AudConObsTypeId,int,4,10,0,0,0,0,NULL
ofl,AuditConductionObservation_STAGE,4,AuditConductionId,int,4,10,0,0,0,0,NULL
ofl,AuditConductionObservation_STAGE,5,AuditScheduleId,int,4,10,0,0,0,0,NULL
ofl,AuditConductionObservation_STAGE,6,AuditConductionPlanningDocumentId,int,4,10,0,0,0,0,NULL
ofl,AuditConductionObservation_STAGE,7,AuditConductionPlanningProcessId,int,4,10,0,0,0,0,NULL
ofl,AuditConductionObservation_STAGE,8,AuditConductionPlanningSubProcessId,int,4,10,0,0,0,0,NULL
ofl,AuditConductionObservation_STAGE,9,ContainerContainId,int,4,10,0,0,0,0,NULL
ofl,AuditConductionObservation_STAGE,10,IsActive,bit,1,1,0,0,0,0,NULL
ofl,AuditConductionObservation_STAGE,11,CreatedBy,int,4,10,0,1,0,0,NULL
ofl,AuditConductionObservation_STAGE,12,CreatedDate,datetime,8,23,3,1,0,0,NULL
ofl,AuditConductionObservation_STAGE,13,UpdatedBy,int,4,10,0,1,0,0,NULL
ofl,AuditConductionObservation_STAGE,14,UpdatedDate,datetime,8,23,3,1,0,0,NULL
ofl,AuditConductionObservation_STAGE,15,IsDeleted,bit,1,1,0,1,0,0,NULL
ofl,AuditConductionObservation_STAGE,16,DeletedBy,int,4,10,0,1,0,0,NULL
ofl,AuditConductionObservation_STAGE,17,DeletedDate,datetime,8,23,3,1,0,0,NULL
ofl,AuditConductionObservation_STAGE,18,DeleteReason,nvarchar,1000,0,0,1,0,0,NULL
ofl,AuditConductionObservationComment_STAGE,1,AudConObsComId,int,4,10,0,0,1,0,NULL
ofl,AuditConductionObservationComment_STAGE,2,AudConObsId,int,4,10,0,1,0,0,NULL
ofl,AuditConductionObservationComment_STAGE,3,ObservationComment,nvarchar,1000,0,0,1,0,0,NULL
ofl,AuditConductionObservationComment_STAGE,4,IsAgree,bit,1,1,0,1,0,0,NULL
ofl,AuditConductionObservationComment_STAGE,5,IsActive,bit,1,1,0,0,0,0,NULL
ofl,AuditConductionObservationComment_STAGE,6,CreatedBy,int,4,10,0,1,0,0,NULL
ofl,AuditConductionObservationComment_STAGE,7,CreatedDate,datetime,8,23,3,1,0,0,NULL
ofl,AuditConductionObservationComment_STAGE,8,UpdatedBy,int,4,10,0,1,0,0,NULL
ofl,AuditConductionObservationComment_STAGE,9,UpdatedDate,datetime,8,23,3,1,0,0,NULL
ofl,AuditConductionObservationComment_STAGE,10,IsDeleted,bit,1,1,0,1,0,0,NULL
ofl,AuditConductionObservationComment_STAGE,11,DeletedBy,int,4,10,0,1,0,0,NULL
ofl,AuditConductionObservationComment_STAGE,12,DeletedDate,datetime,8,23,3,1,0,0,NULL
ofl,AuditConductionObservationComment_STAGE,13,DeleteReason,nvarchar,1000,0,0,1,0,0,NULL
ofl,AuditConductionObservationControl_STAGE,1,AudConObsControlId,int,4,10,0,0,1,0,NULL
ofl,AuditConductionObservationControl_STAGE,2,AudConObsId,int,4,10,0,1,0,0,NULL
ofl,AuditConductionObservationControl_STAGE,3,AuditConductionControlId,int,4,10,0,1,0,0,NULL
ofl,AuditConductionObservationControl_STAGE,4,IsActive,bit,1,1,0,0,0,0,NULL
ofl,AuditConductionObservationControl_STAGE,5,IsDeleted,bit,1,1,0,1,0,0,NULL
ofl,AuditConductionObservationControl_STAGE,6,DeletedBy,int,4,10,0,1,0,0,NULL
ofl,AuditConductionObservationControl_STAGE,7,DeletedDate,datetime,8,23,3,1,0,0,NULL
ofl,AuditConductionObservationDesignAssesment_STAGE,1,AudConObsDesignAssesmentId,int,4,10,0,0,1,0,NULL
ofl,AuditConductionObservationDesignAssesment_STAGE,2,AudConObsId,int,4,10,0,1,0,0,NULL
ofl,AuditConductionObservationDesignAssesment_STAGE,3,AuditConductionDesignAssesmentId,int,4,10,0,1,0,0,NULL
ofl,AuditConductionObservationDesignAssesment_STAGE,4,IsActive,bit,1,1,0,0,0,0,NULL
ofl,AuditConductionObservationDesignAssesment_STAGE,5,IsDeleted,bit,1,1,0,1,0,0,NULL
ofl,AuditConductionObservationDesignAssesment_STAGE,6,DeletedBy,int,4,10,0,1,0,0,NULL
ofl,AuditConductionObservationDesignAssesment_STAGE,7,DeletedDate,datetime,8,23,3,1,0,0,NULL
ofl,AuditConductionObservationRecommend_STAGE,1,AudConObsRecomId,int,4,10,0,0,1,0,NULL
ofl,AuditConductionObservationRecommend_STAGE,2,AudConObsId,int,4,10,0,1,0,0,NULL
ofl,AuditConductionObservationRecommend_STAGE,3,ObservationRecommend,nvarchar,1000,0,0,1,0,0,NULL
ofl,AuditConductionObservationRecommend_STAGE,4,IsActive,bit,1,1,0,0,0,0,NULL
ofl,AuditConductionObservationRecommend_STAGE,5,CreatedBy,int,4,10,0,1,0,0,NULL
ofl,AuditConductionObservationRecommend_STAGE,6,CreatedDate,datetime,8,23,3,1,0,0,NULL
ofl,AuditConductionObservationRecommend_STAGE,7,UpdatedBy,int,4,10,0,1,0,0,NULL
ofl,AuditConductionObservationRecommend_STAGE,8,UpdatedDate,datetime,8,23,3,1,0,0,NULL
ofl,AuditConductionObservationRecommend_STAGE,9,IsDeleted,bit,1,1,0,1,0,0,NULL
ofl,AuditConductionObservationRecommend_STAGE,10,DeletedBy,int,4,10,0,1,0,0,NULL
ofl,AuditConductionObservationRecommend_STAGE,11,DeletedDate,datetime,8,23,3,1,0,0,NULL
ofl,AuditConductionObservationRecommend_STAGE,12,DeleteReason,nvarchar,1000,0,0,1,0,0,NULL
ofl,AuditConductionObservationRow_STAGE,1,AudConObsRowId,int,4,10,0,0,1,0,NULL
ofl,AuditConductionObservationRow_STAGE,2,AudConObsId,int,4,10,0,0,0,0,NULL
ofl,AuditConductionObservationRow_STAGE,3,ContainerContainRowId,int,4,10,0,0,0,0,NULL
ofl,AuditConductionObservationRow_STAGE,4,ColumnNumber,int,4,10,0,1,0,0,NULL
ofl,AuditConductionObservationRow_STAGE,5,DisplayOrder,int,4,10,0,1,0,0,NULL
ofl,AuditConductionObservationRow_STAGE,6,IsActive,bit,1,1,0,0,0,0,NULL
ofl,AuditConductionObservationRow_STAGE,7,IsDeleted,bit,1,1,0,1,0,0,NULL
ofl,AuditConductionObservationRow_STAGE,8,DeletedBy,int,4,10,0,1,0,0,NULL
ofl,AuditConductionObservationRow_STAGE,9,DeletedDate,datetime,8,23,3,1,0,0,NULL
ofl,AuditConductionObservationRowColumn_STAGE,1,AudConObsRowColumnId,int,4,10,0,0,1,0,NULL
ofl,AuditConductionObservationRowColumn_STAGE,2,AudConObsId,int,4,10,0,0,0,0,NULL
ofl,AuditConductionObservationRowColumn_STAGE,3,AudConObsRowId,int,4,10,0,0,0,0,NULL
ofl,AuditConductionObservationRowColumn_STAGE,4,ContainerContainRowId,int,4,10,0,0,0,0,NULL
ofl,AuditConductionObservationRowColumn_STAGE,5,ContainerContainRowColumnId,int,4,10,0,0,0,0,NULL
ofl,AuditConductionObservationRowColumn_STAGE,6,HeadingId,int,4,10,0,0,0,0,NULL
ofl,AuditConductionObservationRowColumn_STAGE,7,HeadingTypeId,int,4,10,0,1,0,0,NULL
ofl,AuditConductionObservationRowColumn_STAGE,8,HeadingSourceId,int,4,10,0,1,0,0,NULL
ofl,AuditConductionObservationRowColumn_STAGE,9,ContainerContainRowColValue,nvarchar,-1,0,0,1,0,0,NULL
ofl,AuditConductionObservationRowColumn_STAGE,10,ContainerContainRowColText,nvarchar,-1,0,0,1,0,0,NULL
ofl,AuditConductionObservationRowColumn_STAGE,11,DisplayOrder,int,4,10,0,1,0,0,NULL
ofl,AuditConductionObservationRowColumn_STAGE,12,IsActive,bit,1,1,0,0,0,0,NULL
ofl,AuditConductionObservationRowColumn_STAGE,13,IsDeleted,bit,1,1,0,1,0,0,NULL
ofl,AuditConductionObservationRowColumn_STAGE,14,DeletedBy,int,4,10,0,1,0,0,NULL
ofl,AuditConductionObservationRowColumn_STAGE,15,DeletedDate,datetime,8,23,3,1,0,0,NULL
ofl,AuditConductionObservationSubstantive_STAGE,1,AudConObsSubstantiveId,int,4,10,0,0,1,0,NULL
ofl,AuditConductionObservationSubstantive_STAGE,2,AudConObsId,int,4,10,0,1,0,0,NULL
ofl,AuditConductionObservationSubstantive_STAGE,3,AuditConductionSubstantiveId,int,4,10,0,1,0,0,NULL
ofl,AuditConductionObservationSubstantive_STAGE,4,IsActive,bit,1,1,0,0,0,0,NULL
ofl,AuditConductionObservationSubstantive_STAGE,5,IsDeleted,bit,1,1,0,1,0,0,NULL
ofl,AuditConductionObservationSubstantive_STAGE,6,DeletedBy,int,4,10,0,1,0,0,NULL
ofl,AuditConductionObservationSubstantive_STAGE,7,DeletedDate,datetime,8,23,3,1,0,0,NULL
ofl,AuditConductionObservationType_STAGE,1,AudConObsTypeId,int,4,10,0,0,1,0,NULL
ofl,AuditConductionObservationType_STAGE,2,AudConObsTypeName,nvarchar,200,0,0,0,0,0,NULL
ofl,AuditConductionObservationType_STAGE,3,IsActive,bit,1,1,0,0,0,0,NULL
ofl,AuditConductionObservationType_STAGE,4,CreatedBy,int,4,10,0,1,0,0,NULL
ofl,AuditConductionObservationType_STAGE,5,CreatedDate,datetime,8,23,3,1,0,0,NULL
ofl,AuditConductionObservationType_STAGE,6,UpdatedBy,int,4,10,0,1,0,0,NULL
ofl,AuditConductionObservationType_STAGE,7,UpdatedDate,datetime,8,23,3,1,0,0,NULL
ofl,AuditConductionObservationType_STAGE,8,IsDeleted,bit,1,1,0,1,0,0,NULL
ofl,AuditConductionObservationType_STAGE,9,DeletedBy,int,4,10,0,1,0,0,NULL
ofl,AuditConductionObservationType_STAGE,10,DeletedDate,datetime,8,23,3,1,0,0,NULL
ofl,AuditConductionObservationType_STAGE,11,DeleteReason,nvarchar,1000,0,0,1,0,0,NULL
ofl,AuditConductionPlanningDocument_STAGE,1,AuditConductionPlanningDocumentId,int,4,10,0,0,1,0,NULL
ofl,AuditConductionPlanningDocument_STAGE,2,AuditConductionId,int,4,10,0,0,0,0,NULL
ofl,AuditConductionPlanningDocument_STAGE,3,PlanningDocumentId,int,4,10,0,0,0,0,NULL
ofl,AuditConductionPlanningDocument_STAGE,4,AuditConductionPlanningDocumentStatusId,int,4,10,0,1,0,0,NULL
ofl,AuditConductionPlanningDocument_STAGE,5,IsActive,bit,1,1,0,0,0,0,NULL
ofl,AuditConductionPlanningDocument_STAGE,6,CreatedBy,int,4,10,0,1,0,0,NULL
ofl,AuditConductionPlanningDocument_STAGE,7,CreatedDate,datetime,8,23,3,1,0,0,NULL
ofl,AuditConductionPlanningDocument_STAGE,8,UpdatedBy,int,4,10,0,1,0,0,NULL
ofl,AuditConductionPlanningDocument_STAGE,9,UpdatedDate,datetime,8,23,3,1,0,0,NULL
ofl,AuditConductionPlanningDocument_STAGE,10,IsDeleted,bit,1,1,0,1,0,0,NULL
ofl,AuditConductionPlanningDocument_STAGE,11,DeletedBy,int,4,10,0,1,0,0,NULL
ofl,AuditConductionPlanningDocument_STAGE,12,DeletedDate,datetime,8,23,3,1,0,0,NULL
ofl,AuditConductionPlanningDocument_STAGE,13,DeleteReason,nvarchar,1000,0,0,1,0,0,NULL
ofl,AuditConductionPlanningDocument_STAGE,14,AuditConductionPlanningDocumentStageId,int,4,10,0,0,0,0,NULL
ofl,AuditConductionPlanningDocument_STAGE,15,AuditConductionPlanningDocumentStageGroupId,int,4,10,0,0,0,0,NULL
ofl,AuditConductionPlanningDocument_STAGE,16,WorkflowProcessDetailId,int,4,10,0,1,0,0,NULL
ofl,AuditConductionPlanningDocumentStage_STAGE,1,AuditConductionPlanningDocumentStageId,int,4,10,0,0,0,0,NULL
ofl,AuditConductionPlanningDocumentStage_STAGE,2,AuditConductionPlanningDocumentStageGroupId,int,4,10,0,0,0,0,NULL
ofl,AuditConductionPlanningDocumentStage_STAGE,3,StageName,varchar,75,0,0,0,0,0,NULL
ofl,AuditConductionPlanningDocumentStage_STAGE,4,IsActive,bit,1,1,0,0,0,0,NULL
ofl,AuditConductionPlanningDocumentStage_STAGE,5,IsDeleted,bit,1,1,0,1,0,0,NULL
ofl,AuditConductionPlanningDocumentStage_STAGE,6,DeletedBy,int,4,10,0,1,0,0,NULL
ofl,AuditConductionPlanningDocumentStage_STAGE,7,DeletedDate,datetime,8,23,3,1,0,0,NULL
ofl,AuditConductionPlanningDocumentStageGroup_STAGE,1,AuditConductionPlanningDocumentStageGroupId,int,4,10,0,0,0,0,NULL
ofl,AuditConductionPlanningDocumentStageGroup_STAGE,2,StageGroupName,varchar,75,0,0,0,0,0,NULL
ofl,AuditConductionPlanningDocumentStageGroup_STAGE,3,IsActive,bit,1,1,0,0,0,0,NULL
ofl,AuditConductionPlanningDocumentStageGroup_STAGE,4,IsDeleted,bit,1,1,0,1,0,0,NULL
ofl,AuditConductionPlanningDocumentStageGroup_STAGE,5,DeletedBy,int,4,10,0,1,0,0,NULL
ofl,AuditConductionPlanningDocumentStageGroup_STAGE,6,DeletedDate,datetime,8,23,3,1,0,0,NULL
ofl,AuditConductionPlanningDocumentStatus_STAGE,1,AuditConductionPlanningDocumentStatusId,int,4,10,0,0,0,0,NULL
ofl,AuditConductionPlanningDocumentStatus_STAGE,2,StatusName,varchar,100,0,0,1,0,0,NULL
ofl,AuditConductionPlanningDocumentStatus_STAGE,3,IsActive,bit,1,1,0,1,0,0,NULL
ofl,AuditConductionPlanningDocumentStatus_STAGE,4,IsDeleted,bit,1,1,0,1,0,0,NULL
ofl,AuditConductionPlanningDocumentStatus_STAGE,5,DeletedBy,int,4,10,0,1,0,0,NULL
ofl,AuditConductionPlanningDocumentStatus_STAGE,6,DeletedDate,datetime,8,23,3,1,0,0,NULL
ofl,AuditConductionPlanningProcess_STAGE,1,AuditConductionPlanningProcessId,int,4,10,0,0,1,0,NULL
ofl,AuditConductionPlanningProcess_STAGE,2,AuditConductionPlanningDocumentId,int,4,10,0,0,0,0,NULL
ofl,AuditConductionPlanningProcess_STAGE,3,PlanningProcessId,int,4,10,0,0,0,0,NULL
ofl,AuditConductionPlanningProcess_STAGE,4,AuditScheduleAuditorId,int,4,10,0,1,0,0,NULL
ofl,AuditConductionPlanningProcess_STAGE,5,AuditScheduleAuditorPin,varchar,150,0,0,1,0,0,NULL
ofl,AuditConductionPlanningProcess_STAGE,6,AuditScheduleAuditorName,varchar,75,0,0,1,0,0,NULL
ofl,AuditConductionPlanningProcess_STAGE,7,IsActive,bit,1,1,0,0,0,0,NULL
ofl,AuditConductionPlanningProcess_STAGE,8,CreatedBy,int,4,10,0,1,0,0,NULL
ofl,AuditConductionPlanningProcess_STAGE,9,CreatedDate,datetime,8,23,3,1,0,0,NULL
ofl,AuditConductionPlanningProcess_STAGE,10,UpdatedBy,int,4,10,0,1,0,0,NULL
ofl,AuditConductionPlanningProcess_STAGE,11,UpdatedDate,datetime,8,23,3,1,0,0,NULL
ofl,AuditConductionPlanningProcess_STAGE,12,IsDeleted,bit,1,1,0,1,0,0,NULL
ofl,AuditConductionPlanningProcess_STAGE,13,DeletedBy,int,4,10,0,1,0,0,NULL
ofl,AuditConductionPlanningProcess_STAGE,14,DeletedDate,datetime,8,23,3,1,0,0,NULL
ofl,AuditConductionPlanningProcess_STAGE,15,DeleteReason,nvarchar,1000,0,0,1,0,0,NULL
ofl,AuditConductionPlanningSubProcess_STAGE,1,AuditConductionPlanningSubProcessId,int,4,10,0,0,1,0,NULL
ofl,AuditConductionPlanningSubProcess_STAGE,2,AuditConductionPlanningDocumentId,int,4,10,0,0,0,0,NULL
ofl,AuditConductionPlanningSubProcess_STAGE,3,PlanningSubProcessId,int,4,10,0,0,0,0,NULL
ofl,AuditConductionPlanningSubProcess_STAGE,4,AuditScheduleAuditorId,int,4,10,0,1,0,0,NULL
ofl,AuditConductionPlanningSubProcess_STAGE,5,AuditScheduleAuditorPin,varchar,150,0,0,1,0,0,NULL
ofl,AuditConductionPlanningSubProcess_STAGE,6,AuditScheduleAuditorName,varchar,75,0,0,1,0,0,NULL
ofl,AuditConductionPlanningSubProcess_STAGE,7,Population,int,4,10,0,1,0,0,NULL
ofl,AuditConductionPlanningSubProcess_STAGE,8,RiskTypeId,int,4,10,0,1,0,0,NULL
ofl,AuditConductionPlanningSubProcess_STAGE,9,IsActive,bit,1,1,0,0,0,0,NULL
ofl,AuditConductionPlanningSubProcess_STAGE,10,CreatedBy,int,4,10,0,1,0,0,NULL
ofl,AuditConductionPlanningSubProcess_STAGE,11,CreatedDate,datetime,8,23,3,1,0,0,NULL
ofl,AuditConductionPlanningSubProcess_STAGE,12,UpdatedBy,int,4,10,0,1,0,0,NULL
ofl,AuditConductionPlanningSubProcess_STAGE,13,UpdatedDate,datetime,8,23,3,1,0,0,NULL
ofl,AuditConductionPlanningSubProcess_STAGE,14,IsDeleted,bit,1,1,0,1,0,0,NULL
ofl,AuditConductionPlanningSubProcess_STAGE,15,DeletedBy,int,4,10,0,1,0,0,NULL
ofl,AuditConductionPlanningSubProcess_STAGE,16,DeletedDate,datetime,8,23,3,1,0,0,NULL
ofl,AuditConductionPlanningSubProcess_STAGE,17,DeleteReason,nvarchar,1000,0,0,1,0,0,NULL
ofl,AuditConductionPlanningSubProcess_STAGE,18,AuditConductionPlanningProcessId,int,4,10,0,0,0,0,NULL
ofl,AuditConductionStatus_STAGE,1,AuditConductionStatusId,int,4,10,0,0,0,0,NULL
ofl,AuditConductionStatus_STAGE,2,StatusName,varchar,100,0,0,1,0,0,NULL
ofl,AuditConductionStatus_STAGE,3,IsActive,bit,1,1,0,1,0,0,NULL
ofl,AuditConductionStatus_STAGE,4,IsDeleted,bit,1,1,0,1,0,0,NULL
ofl,AuditConductionStatus_STAGE,5,DeletedBy,int,4,10,0,1,0,0,NULL
ofl,AuditConductionStatus_STAGE,6,DeletedDate,datetime,8,23,3,1,0,0,NULL
ofl,AuditConductionStep_STAGE,1,AuditConStepId,int,4,10,0,0,1,0,NULL
ofl,AuditConductionStep_STAGE,2,AuditConductionId,int,4,10,0,1,0,0,NULL
ofl,AuditConductionStep_STAGE,3,AuditStepId,int,4,10,0,1,0,0,NULL
ofl,AuditConductionStep_STAGE,4,IsActive,bit,1,1,0,0,0,0,NULL
ofl,AuditConductionStep_STAGE,5,CreatedBy,int,4,10,0,1,0,0,NULL
ofl,AuditConductionStep_STAGE,6,CreatedDate,datetime,8,23,3,1,0,0,NULL
ofl,AuditConductionStep_STAGE,7,UpdatedBy,int,4,10,0,1,0,0,NULL
ofl,AuditConductionStep_STAGE,8,UpdatedDate,datetime,8,23,3,1,0,0,NULL
ofl,AuditConductionStep_STAGE,9,IsDeleted,bit,1,1,0,1,0,0,NULL
ofl,AuditConductionStep_STAGE,10,DeletedBy,int,4,10,0,1,0,0,NULL
ofl,AuditConductionStep_STAGE,11,DeletedDate,datetime,8,23,3,1,0,0,NULL
ofl,AuditConductionStep_STAGE,12,DeleteReason,nvarchar,1000,0,0,1,0,0,NULL
ofl,AuditConductionSubstantive_STAGE,1,AuditConductionSubstantiveId,int,4,10,0,0,1,0,NULL
ofl,AuditConductionSubstantive_STAGE,2,AuditConductionPlanningDocumentId,int,4,10,0,0,0,0,NULL
ofl,AuditConductionSubstantive_STAGE,3,AuditConductionPlanningProcessId,int,4,10,0,0,0,0,NULL
ofl,AuditConductionSubstantive_STAGE,4,AuditConductionPlanningSubProcessId,int,4,10,0,0,0,0,NULL
ofl,AuditConductionSubstantive_STAGE,5,SubstantiveTestProcedureId,int,4,10,0,1,0,0,NULL
ofl,AuditConductionSubstantive_STAGE,6,SubstantiveTestProcedureName,nvarchar,400,0,0,1,0,0,NULL
ofl,AuditConductionSubstantive_STAGE,7,Objective,nvarchar,400,0,0,1,0,0,NULL
ofl,AuditConductionSubstantive_STAGE,8,SampleSize,int,4,10,0,1,0,0,NULL
ofl,AuditConductionSubstantive_STAGE,9,Population,int,4,10,0,1,0,0,NULL
ofl,AuditConductionSubstantive_STAGE,10,Instance,int,4,10,0,1,0,0,NULL
ofl,AuditConductionSubstantive_STAGE,11,RiskTypeId,int,4,10,0,1,0,0,NULL
ofl,AuditConductionSubstantive_STAGE,12,RiskWeight,int,4,10,0,1,0,0,NULL
ofl,AuditConductionSubstantive_STAGE,13,IsActive,bit,1,1,0,0,0,0,NULL
ofl,AuditConductionSubstantive_STAGE,14,CreatedBy,int,4,10,0,1,0,0,NULL
ofl,AuditConductionSubstantive_STAGE,15,CreatedDate,datetime,8,23,3,1,0,0,NULL
ofl,AuditConductionSubstantive_STAGE,16,UpdatedBy,int,4,10,0,1,0,0,NULL
ofl,AuditConductionSubstantive_STAGE,17,UpdatedDate,datetime,8,23,3,1,0,0,NULL
ofl,AuditConductionSubstantive_STAGE,18,IsDeleted,bit,1,1,0,1,0,0,NULL
ofl,AuditConductionSubstantive_STAGE,19,DeletedBy,int,4,10,0,1,0,0,NULL
ofl,AuditConductionSubstantive_STAGE,20,DeletedDate,datetime,8,23,3,1,0,0,NULL
ofl,AuditConductionSubstantive_STAGE,21,DeleteReason,nvarchar,1000,0,0,1,0,0,NULL
ofl,AuditConductionSubstantiveAssertion_STAGE,1,AuditConductionSubstantiveAssertionId,int,4,10,0,0,1,0,NULL
ofl,AuditConductionSubstantiveAssertion_STAGE,2,AuditConductionSubstantiveId,int,4,10,0,0,0,0,NULL
ofl,AuditConductionSubstantiveAssertion_STAGE,3,AssertionId,int,4,10,0,1,0,0,NULL
ofl,AuditConductionSubstantiveAssertion_STAGE,4,IsActive,bit,1,1,0,0,0,0,NULL
ofl,AuditConductionSubstantiveAssertion_STAGE,5,IsDeleted,bit,1,1,0,1,0,0,NULL
ofl,AuditConductionSubstantiveAssertion_STAGE,6,DeletedBy,int,4,10,0,1,0,0,NULL
ofl,AuditConductionSubstantiveAssertion_STAGE,7,DeletedDate,datetime,8,23,3,1,0,0,NULL
ofl,AuditConductionSubstantiveDetail_STAGE,1,AuditConductionSubstantiveDetailId,int,4,10,0,0,1,0,NULL
ofl,AuditConductionSubstantiveDetail_STAGE,2,AuditConductionSubstantiveId,int,4,10,0,0,0,0,NULL
ofl,AuditConductionSubstantiveDetail_STAGE,3,PerformProcedureId,int,4,10,0,1,0,0,NULL
ofl,AuditConductionSubstantiveDetail_STAGE,4,IsActive,bit,1,1,0,0,0,0,NULL
ofl,AuditConductionSubstantiveDetail_STAGE,5,IsDeleted,bit,1,1,0,1,0,0,NULL
ofl,AuditConductionSubstantiveDetail_STAGE,6,DeletedBy,int,4,10,0,1,0,0,NULL
ofl,AuditConductionSubstantiveDetail_STAGE,7,DeletedDate,datetime,8,23,3,1,0,0,NULL
ofl,AuditConductionSubstantiveSampleInfo_STAGE,1,AuditConductionSubstantiveSampleInfoId,int,4,10,0,0,1,0,NULL
ofl,AuditConductionSubstantiveSampleInfo_STAGE,2,AuditConductionSubstantiveId,int,4,10,0,1,0,0,NULL
ofl,AuditConductionSubstantiveSampleInfo_STAGE,3,SampleInfoData,nvarchar,-1,0,0,1,0,0,NULL
ofl,AuditConductionSubstantiveSampleInfo_STAGE,4,IsActive,bit,1,1,0,0,0,0,NULL
ofl,AuditConductionSubstantiveSampleInfo_STAGE,5,CreatedBy,int,4,10,0,1,0,0,NULL
ofl,AuditConductionSubstantiveSampleInfo_STAGE,6,CreatedDate,datetime,8,23,3,1,0,0,NULL
ofl,AuditConductionSubstantiveSampleInfo_STAGE,7,UpdatedBy,int,4,10,0,1,0,0,NULL
ofl,AuditConductionSubstantiveSampleInfo_STAGE,8,UpdatedDate,datetime,8,23,3,1,0,0,NULL
ofl,AuditConductionSubstantiveSampleInfo_STAGE,9,IsDeleted,bit,1,1,0,1,0,0,NULL
ofl,AuditConductionSubstantiveSampleInfo_STAGE,10,DeletedBy,int,4,10,0,1,0,0,NULL
ofl,AuditConductionSubstantiveSampleInfo_STAGE,11,DeletedDate,datetime,8,23,3,1,0,0,NULL
ofl,AuditConductionSubstantiveSampleInfo_STAGE,12,DeleteReason,nvarchar,1000,0,0,1,0,0,NULL
ofl,AuditStep_STAGE,1,AuditStepId,int,4,10,0,0,1,0,NULL
ofl,AuditStep_STAGE,2,AuditStepName,nvarchar,300,0,0,0,0,0,NULL
ofl,AuditStep_STAGE,3,IsActive,bit,1,1,0,0,0,0,NULL
ofl,AuditStep_STAGE,4,CreatedBy,int,4,10,0,1,0,0,NULL
ofl,AuditStep_STAGE,5,CreatedDate,datetime,8,23,3,1,0,0,NULL
ofl,AuditStep_STAGE,6,UpdatedBy,int,4,10,0,1,0,0,NULL
ofl,AuditStep_STAGE,7,UpdatedDate,datetime,8,23,3,1,0,0,NULL
ofl,AuditStep_STAGE,8,IsDeleted,bit,1,1,0,1,0,0,NULL
ofl,AuditStep_STAGE,9,DeletedBy,int,4,10,0,1,0,0,NULL
ofl,AuditStep_STAGE,10,DeletedDate,datetime,8,23,3,1,0,0,NULL
ofl,AuditStep_STAGE,11,DeleteReason,nvarchar,1000,0,0,1,0,0,NULL
ofl,AuditType_STAGE,1,AuditTypeId,int,4,10,0,0,1,0,NULL
ofl,AuditType_STAGE,2,AuditCategoryId,int,4,10,0,0,0,0,NULL
ofl,AuditType_STAGE,3,AuditTypeName,nvarchar,500,0,0,0,0,0,NULL
ofl,AuditType_STAGE,4,AuditTypeDescription,nvarchar,5000,0,0,1,0,0,NULL
ofl,AuditType_STAGE,5,IsActive,bit,1,1,0,0,0,0,NULL
ofl,AuditType_STAGE,6,CreatedBy,int,4,10,0,1,0,0,NULL
ofl,AuditType_STAGE,7,CreatedDate,datetime,8,23,3,1,0,0,NULL
ofl,AuditType_STAGE,8,UpdatedBy,int,4,10,0,1,0,0,NULL
ofl,AuditType_STAGE,9,UpdatedDate,datetime,8,23,3,1,0,0,NULL
ofl,AuditType_STAGE,10,IsDeleted,bit,1,1,0,1,0,0,NULL
ofl,AuditType_STAGE,11,DeletedBy,int,4,10,0,1,0,0,NULL
ofl,AuditType_STAGE,12,DeletedDate,datetime,8,23,3,1,0,0,NULL
ofl,AuditType_STAGE,13,DeleteReason,nvarchar,1000,0,0,1,0,0,NULL
ofl,BracStaffStatus_STAGE,1,StaffStatusId,int,4,10,0,0,1,0,NULL
ofl,BracStaffStatus_STAGE,2,StaffStatus,varchar,10,0,0,0,0,0,NULL
ofl,BracStaffStatus_STAGE,3,StaffStatusName,varchar,100,0,0,0,0,0,NULL
ofl,BracStaffStatus_STAGE,4,IsActive,bit,1,1,0,1,0,0,NULL
ofl,BracStaffStatus_STAGE,5,StartDate,date,3,10,0,1,0,0,NULL
ofl,BracStaffStatus_STAGE,6,EndDate,date,3,10,0,1,0,0,NULL
ofl,BracStaffStatus_STAGE,7,CreatedBy,int,4,10,0,1,0,0,NULL
ofl,BracStaffStatus_STAGE,8,CreatedDate,datetime,8,23,3,1,0,0,NULL
ofl,BracStaffStatus_STAGE,9,UpdatedBy,int,4,10,0,1,0,0,NULL
ofl,BracStaffStatus_STAGE,10,UpdatedDate,datetime,8,23,3,1,0,0,NULL
ofl,BracStaffStatus_STAGE,11,IsDeleted,bit,1,1,0,1,0,0,NULL
ofl,BracStaffStatus_STAGE,12,DeletedBy,int,4,10,0,1,0,0,NULL
ofl,BracStaffStatus_STAGE,13,DeletedDate,datetime,8,23,3,1,0,0,NULL
ofl,BracStaffStatus_STAGE,14,DeleteReason,nvarchar,1000,0,0,1,0,0,NULL
ofl,Branch_STAGE,1,BranchId,int,4,10,0,0,0,0,NULL
ofl,Branch_STAGE,2,RefId,nvarchar,100,0,0,1,0,0,NULL
ofl,Branch_STAGE,3,BranchCode,nvarchar,30,0,0,1,0,0,NULL
ofl,Branch_STAGE,4,HrBranchId,nvarchar,30,0,0,1,0,0,NULL
ofl,Branch_STAGE,5,MfBranchId,char,4,0,0,1,0,0,NULL
ofl,Branch_STAGE,6,MfBranchId2,char,4,0,0,1,0,0,NULL
ofl,Branch_STAGE,7,NCDP_BranchID,char,4,0,0,1,0,0,NULL
ofl,Branch_STAGE,8,Development_BranchID,char,4,0,0,1,0,0,NULL
ofl,Branch_STAGE,9,Enterprise_BranchID,char,4,0,0,1,0,0,NULL
ofl,Branch_STAGE,10,BLC_BranchID,char,4,0,0,1,0,0,NULL
ofl,Branch_STAGE,11,BEP_BranchID,varchar,50,0,0,1,0,0,NULL
ofl,Branch_STAGE,12,BEP_BranchName,varchar,200,0,0,1,0,0,NULL
ofl,Branch_STAGE,13,AccountCode,varchar,15,0,0,1,0,0,NULL
ofl,Branch_STAGE,14,BranchName,varchar,200,0,0,0,0,0,NULL
ofl,Branch_STAGE,15,IsBranchMetro,bit,1,1,0,1,0,0,NULL
ofl,Branch_STAGE,16,IsInception,bit,1,1,0,1,0,0,NULL
ofl,Branch_STAGE,17,InceptionLabel,nvarchar,100,0,0,1,0,0,NULL
ofl,Branch_STAGE,18,Lat,float,8,53,0,1,0,0,NULL
ofl,Branch_STAGE,19,Long,float,8,53,0,1,0,0,NULL
ofl,Branch_STAGE,20,IsHROffice,bit,1,1,0,1,0,0,NULL
ofl,Branch_STAGE,21,IsUpazilaAccountsOffice,bit,1,1,0,1,0,0,NULL
ofl,Branch_STAGE,22,AscendBranchID,char,4,0,0,1,0,0,NULL
ofl,Branch_STAGE,23,AscendBranchName,varchar,200,0,0,1,0,0,NULL
ofl,Branch_STAGE,24,IsActive,bit,1,1,0,0,0,0,NULL
ofl,Branch_STAGE,25,IsSync,bit,1,1,0,1,0,0,NULL
ofl,Branch_STAGE,26,UpazilaId,int,4,10,0,0,0,0,NULL
ofl,Branch_STAGE,27,StartDate,datetime,8,23,3,1,0,0,NULL
ofl,Branch_STAGE,28,EndDate,datetime,8,23,3,1,0,0,NULL
ofl,Branch_STAGE,29,CreatedBy,int,4,10,0,1,0,0,NULL
ofl,Branch_STAGE,30,CreatedDate,datetime,8,23,3,1,0,0,NULL
ofl,Branch_STAGE,31,UpdatedBy,int,4,10,0,1,0,0,NULL
ofl,Branch_STAGE,32,UpdatedDate,datetime,8,23,3,1,0,0,NULL
ofl,Branch_STAGE,33,IsDeleted,bit,1,1,0,1,0,0,NULL
ofl,Branch_STAGE,34,DeletedBy,int,4,10,0,1,0,0,NULL
ofl,Branch_STAGE,35,DeletedDate,datetime,8,23,3,1,0,0,NULL
ofl,Branch_STAGE,36,DeleteReason,nvarchar,1000,0,0,1,0,0,NULL
ofl,BranchProject_STAGE,1,BranchProjectId,int,4,10,0,0,1,0,NULL
ofl,BranchProject_STAGE,2,ProgrammeGroupId,int,4,10,0,1,0,0,NULL
ofl,BranchProject_STAGE,3,ProgrammeId,int,4,10,0,1,0,0,NULL
ofl,BranchProject_STAGE,4,BranchId,int,4,10,0,0,0,0,NULL
ofl,BranchProject_STAGE,5,ProjectId,int,4,10,0,0,0,0,NULL
ofl,BranchProject_STAGE,6,RefId,varchar,50,0,0,1,0,0,NULL
ofl,BranchProject_STAGE,7,IsInception,bit,1,1,0,1,0,0,NULL
ofl,BranchProject_STAGE,8,InceptionLabel,nvarchar,100,0,0,1,0,0,NULL
ofl,BranchProject_STAGE,9,IsSync,bit,1,1,0,1,0,0,NULL
ofl,BranchProject_STAGE,10,IsActive,bit,1,1,0,0,0,0,NULL
ofl,BranchProject_STAGE,11,StartDate,datetime,8,23,3,1,0,0,NULL
ofl,BranchProject_STAGE,12,EndDate,datetime,8,23,3,1,0,0,NULL
ofl,BranchProject_STAGE,13,CreatedBy,int,4,10,0,1,0,0,NULL
ofl,BranchProject_STAGE,14,CreatedDate,datetime,8,23,3,1,0,0,NULL
ofl,BranchProject_STAGE,15,UpdatedBy,int,4,10,0,1,0,0,NULL
ofl,BranchProject_STAGE,16,UpdatedDate,datetime,8,23,3,1,0,0,NULL
ofl,BranchProject_STAGE,17,IsDeleted,bit,1,1,0,1,0,0,NULL
ofl,BranchProject_STAGE,18,DeletedBy,int,4,10,0,1,0,0,NULL
ofl,BranchProject_STAGE,19,DeletedReason,datetime,8,23,3,1,0,0,NULL
ofl,BranchProjectAudit_STAGE,1,BranchProjectAuditId,int,4,10,0,0,1,0,NULL
ofl,BranchProjectAudit_STAGE,2,BranchProjectId,int,4,10,0,0,0,0,NULL
ofl,BranchProjectAudit_STAGE,3,PeriodFromDate,datetime,8,23,3,0,0,0,NULL
ofl,BranchProjectAudit_STAGE,4,PeriodToDate,datetime,8,23,3,0,0,0,NULL
ofl,BranchProjectAudit_STAGE,5,RiskTypeId,int,4,10,0,1,0,0,NULL
ofl,BranchProjectAudit_STAGE,6,AuditTypeId,int,4,10,0,0,0,0,NULL
ofl,BranchProjectAudit_STAGE,7,ReportTypeId,int,4,10,0,1,0,0,NULL
ofl,BranchProjectAudit_STAGE,8,AuditCycleInMonth,int,4,10,0,0,0,0,NULL
ofl,BranchProjectAudit_STAGE,9,ZoneId,int,4,10,0,1,0,0,NULL
ofl,BranchProjectAudit_STAGE,10,AuditScheduleId,int,4,10,0,1,0,0,NULL
ofl,BranchProjectAudit_STAGE,11,IsInception,bit,1,1,0,1,0,0,NULL
ofl,BranchProjectAudit_STAGE,12,IsActive,bit,1,1,0,0,0,0,NULL
ofl,BranchProjectAudit_STAGE,13,CreatedBy,int,4,10,0,1,0,0,NULL
ofl,BranchProjectAudit_STAGE,14,CreatedDate,datetime,8,23,3,1,0,0,NULL
ofl,BranchProjectAudit_STAGE,15,UpdatedBy,int,4,10,0,1,0,0,NULL
ofl,BranchProjectAudit_STAGE,16,UpdatedDate,datetime,8,23,3,1,0,0,NULL
ofl,BranchProjectAudit_STAGE,17,IsDeleted,bit,1,1,0,1,0,0,NULL
ofl,BranchProjectAudit_STAGE,18,DeletedBy,int,4,10,0,1,0,0,NULL
ofl,BranchProjectAudit_STAGE,19,DeletedDate,datetime,8,23,3,1,0,0,NULL
ofl,BranchProjectAudit_STAGE,20,DeleteReason,varchar,500,0,0,1,0,0,NULL
ofl,BranchProjectOrgArea_STAGE,1,BranchProjectOrgAreaId,int,4,10,0,0,1,0,NULL
ofl,BranchProjectOrgArea_STAGE,2,BranchProjectId,int,4,10,0,0,0,0,NULL
ofl,BranchProjectOrgArea_STAGE,3,OrgAreaId,int,4,10,0,0,0,0,NULL
ofl,BranchProjectOrgArea_STAGE,4,RefId,varchar,50,0,0,1,0,0,NULL
ofl,BranchProjectOrgArea_STAGE,5,IsInception,bit,1,1,0,1,0,0,NULL
ofl,BranchProjectOrgArea_STAGE,6,InceptionLabel,nvarchar,100,0,0,1,0,0,NULL
ofl,BranchProjectOrgArea_STAGE,7,IsSync,bit,1,1,0,1,0,0,NULL
ofl,BranchProjectOrgArea_STAGE,8,IsActive,bit,1,1,0,0,0,0,NULL
ofl,BranchProjectOrgArea_STAGE,9,StartDate,datetime,8,23,3,1,0,0,NULL
ofl,BranchProjectOrgArea_STAGE,10,EndDate,datetime,8,23,3,1,0,0,NULL
ofl,BranchProjectOrgArea_STAGE,11,CreatedBy,int,4,10,0,1,0,0,NULL
ofl,BranchProjectOrgArea_STAGE,12,CreatedDate,datetime,8,23,3,1,0,0,NULL
ofl,BranchProjectOrgArea_STAGE,13,UpdatedBy,int,4,10,0,1,0,0,NULL
ofl,BranchProjectOrgArea_STAGE,14,UpdatedDate,datetime,8,23,3,1,0,0,NULL
ofl,BranchProjectOrgArea_STAGE,15,IsDeleted,bit,1,1,0,1,0,0,NULL
ofl,BranchProjectOrgArea_STAGE,16,DeletedBy,int,4,10,0,1,0,0,NULL
ofl,BranchProjectOrgArea_STAGE,17,DeletedReason,datetime,8,23,3,1,0,0,NULL
ofl,BranchProjectOrgDistrict_STAGE,1,BranchProjectOrgDistrictId,int,4,10,0,0,1,0,NULL
ofl,BranchProjectOrgDistrict_STAGE,2,BranchProjectId,int,4,10,0,0,0,0,NULL
ofl,BranchProjectOrgDistrict_STAGE,3,OrgDistrictId,int,4,10,0,0,0,0,NULL
ofl,BranchProjectOrgDistrict_STAGE,4,RefId,varchar,50,0,0,1,0,0,NULL
ofl,BranchProjectOrgDistrict_STAGE,5,IsInception,bit,1,1,0,1,0,0,NULL
ofl,BranchProjectOrgDistrict_STAGE,6,InceptionLabel,nvarchar,100,0,0,1,0,0,NULL
ofl,BranchProjectOrgDistrict_STAGE,7,IsSync,bit,1,1,0,1,0,0,NULL
ofl,BranchProjectOrgDistrict_STAGE,8,IsActive,bit,1,1,0,0,0,0,NULL
ofl,BranchProjectOrgDistrict_STAGE,9,StartDate,datetime,8,23,3,1,0,0,NULL
ofl,BranchProjectOrgDistrict_STAGE,10,EndDate,datetime,8,23,3,1,0,0,NULL
ofl,BranchProjectOrgDistrict_STAGE,11,CreatedBy,int,4,10,0,1,0,0,NULL
ofl,BranchProjectOrgDistrict_STAGE,12,CreatedDate,datetime,8,23,3,1,0,0,NULL
ofl,BranchProjectOrgDistrict_STAGE,13,UpdatedBy,int,4,10,0,1,0,0,NULL
ofl,BranchProjectOrgDistrict_STAGE,14,UpdatedDate,datetime,8,23,3,1,0,0,NULL
ofl,BranchProjectOrgDistrict_STAGE,15,IsDeleted,bit,1,1,0,1,0,0,NULL
ofl,BranchProjectOrgDistrict_STAGE,16,DeletedBy,int,4,10,0,1,0,0,NULL
ofl,BranchProjectOrgDistrict_STAGE,17,DeletedReason,datetime,8,23,3,1,0,0,NULL
ofl,BranchProjectOrgDivision_STAGE,1,BranchProjectOrgDivisionId,int,4,10,0,0,1,0,NULL
ofl,BranchProjectOrgDivision_STAGE,2,BranchProjectId,int,4,10,0,0,0,0,NULL
ofl,BranchProjectOrgDivision_STAGE,3,OrgDivisionId,int,4,10,0,0,0,0,NULL
ofl,BranchProjectOrgDivision_STAGE,4,RefId,varchar,50,0,0,1,0,0,NULL
ofl,BranchProjectOrgDivision_STAGE,5,IsInception,bit,1,1,0,1,0,0,NULL
ofl,BranchProjectOrgDivision_STAGE,6,InceptionLabel,nvarchar,100,0,0,1,0,0,NULL
ofl,BranchProjectOrgDivision_STAGE,7,IsSync,bit,1,1,0,1,0,0,NULL
ofl,BranchProjectOrgDivision_STAGE,8,IsActive,bit,1,1,0,0,0,0,NULL
ofl,BranchProjectOrgDivision_STAGE,9,StartDate,datetime,8,23,3,1,0,0,NULL
ofl,BranchProjectOrgDivision_STAGE,10,EndDate,datetime,8,23,3,1,0,0,NULL
ofl,BranchProjectOrgDivision_STAGE,11,CreatedBy,int,4,10,0,1,0,0,NULL
ofl,BranchProjectOrgDivision_STAGE,12,CreatedDate,datetime,8,23,3,1,0,0,NULL
ofl,BranchProjectOrgDivision_STAGE,13,UpdatedBy,int,4,10,0,1,0,0,NULL
ofl,BranchProjectOrgDivision_STAGE,14,UpdatedDate,datetime,8,23,3,1,0,0,NULL
ofl,BranchProjectOrgDivision_STAGE,15,IsDeleted,bit,1,1,0,1,0,0,NULL
ofl,BranchProjectOrgDivision_STAGE,16,DeletedBy,int,4,10,0,1,0,0,NULL
ofl,BranchProjectOrgDivision_STAGE,17,DeletedReason,datetime,8,23,3,1,0,0,NULL
ofl,BranchProjectOrgUpazila_STAGE,1,BranchProjectOrgUpazilaId,int,4,10,0,0,1,0,NULL
ofl,BranchProjectOrgUpazila_STAGE,2,BranchProjectId,int,4,10,0,0,0,0,NULL
ofl,BranchProjectOrgUpazila_STAGE,3,OrgUpazilaId,int,4,10,0,0,0,0,NULL
ofl,BranchProjectOrgUpazila_STAGE,4,RefId,varchar,50,0,0,1,0,0,NULL
ofl,BranchProjectOrgUpazila_STAGE,5,IsInception,bit,1,1,0,1,0,0,NULL
ofl,BranchProjectOrgUpazila_STAGE,6,InceptionLabel,nvarchar,100,0,0,1,0,0,NULL
ofl,BranchProjectOrgUpazila_STAGE,7,IsSync,bit,1,1,0,1,0,0,NULL
ofl,BranchProjectOrgUpazila_STAGE,8,IsActive,bit,1,1,0,0,0,0,NULL
ofl,BranchProjectOrgUpazila_STAGE,9,StartDate,datetime,8,23,3,1,0,0,NULL
ofl,BranchProjectOrgUpazila_STAGE,10,EndDate,datetime,8,23,3,1,0,0,NULL
ofl,BranchProjectOrgUpazila_STAGE,11,CreatedBy,int,4,10,0,1,0,0,NULL
ofl,BranchProjectOrgUpazila_STAGE,12,CreatedDate,datetime,8,23,3,1,0,0,NULL
ofl,BranchProjectOrgUpazila_STAGE,13,UpdatedBy,int,4,10,0,1,0,0,NULL
ofl,BranchProjectOrgUpazila_STAGE,14,UpdatedDate,datetime,8,23,3,1,0,0,NULL
ofl,BranchProjectOrgUpazila_STAGE,15,IsDeleted,bit,1,1,0,1,0,0,NULL
ofl,BranchProjectOrgUpazila_STAGE,16,DeletedBy,int,4,10,0,1,0,0,NULL
ofl,BranchProjectOrgUpazila_STAGE,17,DeletedReason,datetime,8,23,3,1,0,0,NULL
ofl,BranchProjectRisk_STAGE,1,BranchProjectRiskId,int,4,10,0,0,1,0,NULL
ofl,BranchProjectRisk_STAGE,2,BranchProjectId,int,4,10,0,1,0,0,NULL
ofl,BranchProjectRisk_STAGE,3,BranchId,int,4,10,0,1,0,0,NULL
ofl,BranchProjectRisk_STAGE,4,ProgrammeGroupId,int,4,10,0,1,0,0,NULL
ofl,BranchProjectRisk_STAGE,5,ProgrammeId,int,4,10,0,1,0,0,NULL
ofl,BranchProjectRisk_STAGE,6,ProjectId,int,4,10,0,0,0,0,NULL
ofl,BranchProjectRisk_STAGE,7,RefId,varchar,50,0,0,1,0,0,NULL
ofl,BranchProjectRisk_STAGE,8,MeasuringYear,int,4,10,0,0,0,0,NULL
ofl,BranchProjectRisk_STAGE,9,MeasuringMonth,int,4,10,0,0,0,0,NULL
ofl,BranchProjectRisk_STAGE,10,MeasurementFromDate,datetime,8,23,3,1,0,0,NULL
ofl,BranchProjectRisk_STAGE,11,MeasurementToDate,datetime,8,23,3,1,0,0,NULL
ofl,BranchProjectRisk_STAGE,12,EffectiveDate,datetime,8,23,3,1,0,0,NULL
ofl,BranchProjectRisk_STAGE,13,RiskTypeId,int,4,10,0,0,0,0,NULL
ofl,BranchProjectRisk_STAGE,14,FinancialRiskRating,decimal,5,5,2,1,0,0,NULL
ofl,BranchProjectRisk_STAGE,15,NonFinancialRiskRating,decimal,5,5,2,1,0,0,NULL
ofl,BranchProjectRisk_STAGE,16,RiskRating,decimal,5,5,2,1,0,0,NULL
ofl,BranchProjectRisk_STAGE,17,IsSync,bit,1,1,0,1,0,0,NULL
ofl,BranchProjectRisk_STAGE,18,IsActive,bit,1,1,0,0,0,0,NULL
ofl,BranchProjectRisk_STAGE,19,CreatedBy,int,4,10,0,1,0,0,NULL
ofl,BranchProjectRisk_STAGE,20,CreatedDate,datetime,8,23,3,1,0,0,NULL
ofl,BranchProjectRisk_STAGE,21,UpdatedBy,int,4,10,0,1,0,0,NULL
ofl,BranchProjectRisk_STAGE,22,UpdatedDate,datetime,8,23,3,1,0,0,NULL
ofl,BranchProjectRisk_STAGE,23,IsDeleted,bit,1,1,0,1,0,0,NULL
ofl,BranchProjectRisk_STAGE,24,DeletedBy,int,4,10,0,1,0,0,NULL
ofl,BranchProjectRisk_STAGE,25,DeletedDate,datetime,8,23,3,1,0,0,NULL
ofl,BranchProjectRisk_STAGE,26,DeleteReason,varchar,500,0,0,1,0,0,NULL
ofl,BranchProjectRiskDetail_STAGE,1,BranchProjectRiskDetailId,int,4,10,0,0,1,0,NULL
ofl,BranchProjectRiskDetail_STAGE,2,BranchProjectRiskId,int,4,10,0,0,0,0,NULL
ofl,BranchProjectRiskDetail_STAGE,3,RiskCriteriaId,int,4,10,0,0,0,0,NULL
ofl,BranchProjectRiskDetail_STAGE,4,RefId,varchar,50,0,0,1,0,0,NULL
ofl,BranchProjectRiskDetail_STAGE,5,RiskValue,decimal,5,5,2,1,0,0,NULL
ofl,BranchProjectRiskDetail_STAGE,6,Rating,int,4,10,0,1,0,0,NULL
ofl,BranchProjectRiskDetail_STAGE,7,IsActive,bit,1,1,0,0,0,0,NULL
ofl,BranchProjectRiskDetail_STAGE,8,CreatedBy,int,4,10,0,1,0,0,NULL
ofl,BranchProjectRiskDetail_STAGE,9,CreatedOn,datetime,8,23,3,1,0,0,NULL
ofl,BranchProjectRiskDetail_STAGE,10,UpdatedBy,int,4,10,0,1,0,0,NULL
ofl,BranchProjectRiskDetail_STAGE,11,UpdatedDate,datetime,8,23,3,1,0,0,NULL
ofl,BranchProjectRiskDetail_STAGE,12,IsDeleted,bit,1,1,0,1,0,0,NULL
ofl,BranchProjectRiskDetail_STAGE,13,DeletedBy,int,4,10,0,1,0,0,NULL
ofl,BranchProjectRiskDetail_STAGE,14,DeletedDate,datetime,8,23,3,1,0,0,NULL
ofl,BranchProjectRiskDetail_STAGE,15,DeleteReason,varchar,500,0,0,1,0,0,NULL
ofl,BRiskProject_STAGE,1,BRiskProjectId,int,4,10,0,0,0,0,NULL
ofl,BRiskProject_STAGE,2,ProjectCode,varchar,10,0,0,0,0,0,NULL
ofl,BRiskProject_STAGE,3,BRiskProjectName,nvarchar,100,0,0,0,0,0,NULL
ofl,BRiskProject_STAGE,4,IsDeleted,bit,1,1,0,1,0,0,NULL
ofl,BRiskProject_STAGE,5,DeletedBy,int,4,10,0,1,0,0,NULL
ofl,BRiskProject_STAGE,6,DeletedDate,datetime,8,23,3,1,0,0,NULL
ofl,BRiskProject_STAGE,7,DeletedReason,nvarchar,500,0,0,1,0,0,NULL
ofl,Compliance_STAGE,1,ComplianceId,int,4,10,0,0,1,0,NULL
ofl,Compliance_STAGE,2,AuditScheduleId,int,4,10,0,1,0,0,NULL
ofl,Compliance_STAGE,3,AuditConductionId,int,4,10,0,1,0,0,NULL
ofl,Compliance_STAGE,4,BranchId,int,4,10,0,1,0,0,NULL
ofl,Compliance_STAGE,5,ProjectId,int,4,10,0,1,0,0,NULL
ofl,Compliance_STAGE,6,Year,int,4,10,0,1,0,0,NULL
ofl,Compliance_STAGE,7,AuditPeriodFrom,datetime,8,23,3,1,0,0,NULL
ofl,Compliance_STAGE,8,AuditPeriodTo,datetime,8,23,3,1,0,0,NULL
ofl,Compliance_STAGE,9,AudConObsId,int,4,10,0,1,0,0,NULL
ofl,Compliance_STAGE,10,AudConObsName,varchar,150,0,0,1,0,0,NULL
ofl,Compliance_STAGE,11,BrManagementComment,varchar,250,0,0,1,0,0,NULL
ofl,Compliance_STAGE,12,CompliamceStatusId,int,4,10,0,1,0,0,NULL
ofl,Compliance_STAGE,13,Comments,varchar,250,0,0,1,0,0,NULL
ofl,Compliance_STAGE,14,IsActive,bit,1,1,0,1,0,0,NULL
ofl,Compliance_STAGE,15,CreatedBy,int,4,10,0,1,0,0,NULL
ofl,Compliance_STAGE,16,CreatedDate,datetime,8,23,3,1,0,0,NULL
ofl,Compliance_STAGE,17,UpdatedBy,int,4,10,0,1,0,0,NULL
ofl,Compliance_STAGE,18,UpdatedDate,datetime,8,23,3,1,0,0,NULL
ofl,Compliance_STAGE,19,IsDeleted,bit,1,1,0,1,0,0,NULL
ofl,Compliance_STAGE,20,DeletedBy,int,4,10,0,1,0,0,NULL
ofl,Compliance_STAGE,21,DeletedDate,datetime,8,23,3,1,0,0,NULL
ofl,Contain_STAGE,1,ContainId,int,4,10,0,0,1,0,NULL
ofl,Contain_STAGE,2,ContainName,nvarchar,500,0,0,0,0,0,NULL
ofl,Contain_STAGE,3,ContainCode,nvarchar,50,0,0,1,0,0,NULL
ofl,Contain_STAGE,4,Description,nvarchar,5000,0,0,1,0,0,NULL
ofl,Contain_STAGE,5,ContainTypeId,int,4,10,0,1,0,0,NULL
ofl,Contain_STAGE,6,ContainStatusId,int,4,10,0,1,0,0,NULL
ofl,Contain_STAGE,7,DisplayOrder,int,4,10,0,1,0,0,NULL
ofl,Contain_STAGE,8,IsActive,bit,1,1,0,0,0,0,NULL
ofl,Contain_STAGE,9,CreatedBy,int,4,10,0,1,0,0,NULL
ofl,Contain_STAGE,10,CreatedDate,datetime,8,23,3,1,0,0,NULL
ofl,Contain_STAGE,11,UpdatedBy,int,4,10,0,1,0,0,NULL
ofl,Contain_STAGE,12,UpdatedDate,datetime,8,23,3,1,0,0,NULL
ofl,Contain_STAGE,13,IsDeleted,bit,1,1,0,1,0,0,NULL
ofl,Contain_STAGE,14,DeletedBy,int,4,10,0,1,0,0,NULL
ofl,Contain_STAGE,15,DeletedDate,datetime,8,23,3,1,0,0,NULL
ofl,Contain_STAGE,16,DeleteReason,nvarchar,1000,0,0,1,0,0,NULL
ofl,Container_STAGE,1,ContainerId,int,4,10,0,0,1,0,NULL
ofl,Container_STAGE,2,ContainerName,nvarchar,500,0,0,0,0,0,NULL
ofl,Container_STAGE,3,ContainerCode,nvarchar,50,0,0,1,0,0,NULL
ofl,Container_STAGE,4,Description,nvarchar,5000,0,0,1,0,0,NULL
ofl,Container_STAGE,5,ContainerStatusId,int,4,10,0,1,0,0,NULL
ofl,Container_STAGE,6,AuditTypeId,int,4,10,0,1,0,0,NULL
ofl,Container_STAGE,7,ProjectId,int,4,10,0,1,0,0,NULL
ofl,Container_STAGE,8,IsActive,bit,1,1,0,0,0,0,NULL
ofl,Container_STAGE,9,CreatedBy,int,4,10,0,1,0,0,NULL
ofl,Container_STAGE,10,CreatedDate,datetime,8,23,3,1,0,0,NULL
ofl,Container_STAGE,11,UpdatedBy,int,4,10,0,1,0,0,NULL
ofl,Container_STAGE,12,UpdatedDate,datetime,8,23,3,1,0,0,NULL
ofl,Container_STAGE,13,IsDeleted,bit,1,1,0,1,0,0,NULL
ofl,Container_STAGE,14,DeletedBy,int,4,10,0,1,0,0,NULL
ofl,Container_STAGE,15,DeletedDate,datetime,8,23,3,1,0,0,NULL
ofl,Container_STAGE,16,DeleteReason,nvarchar,1000,0,0,1,0,0,NULL
ofl,ContainerContain_STAGE,1,ContainerContainId,int,4,10,0,0,1,0,NULL
ofl,ContainerContain_STAGE,2,ContainerId,int,4,10,0,0,0,0,NULL
ofl,ContainerContain_STAGE,3,ContainId,int,4,10,0,0,0,0,NULL
ofl,ContainerContain_STAGE,4,ContainerContainStatusId,int,4,10,0,1,0,0,NULL
ofl,ContainerContain_STAGE,5,DisplayOrder,int,4,10,0,1,0,0,NULL
ofl,ContainerContain_STAGE,6,IsActive,bit,1,1,0,0,0,0,NULL
ofl,ContainerContain_STAGE,7,CreatedBy,int,4,10,0,1,0,0,NULL
ofl,ContainerContain_STAGE,8,CreatedDate,datetime,8,23,3,1,0,0,NULL
ofl,ContainerContain_STAGE,9,UpdatedBy,int,4,10,0,1,0,0,NULL
ofl,ContainerContain_STAGE,10,UpdatedDate,datetime,8,23,3,1,0,0,NULL
ofl,ContainerContain_STAGE,11,IsDeleted,bit,1,1,0,1,0,0,NULL
ofl,ContainerContain_STAGE,12,DeletedBy,int,4,10,0,1,0,0,NULL
ofl,ContainerContain_STAGE,13,DeletedDate,datetime,8,23,3,1,0,0,NULL
ofl,ContainerContain_STAGE,14,DeleteReason,nvarchar,1000,0,0,1,0,0,NULL
ofl,ContainerContainRow_STAGE,1,ContainerContainRowId,int,4,10,0,0,1,0,NULL
ofl,ContainerContainRow_STAGE,2,ContainerContainId,int,4,10,0,0,0,0,NULL
ofl,ContainerContainRow_STAGE,3,ContainerContainRowName,nvarchar,500,0,0,0,0,0,NULL
ofl,ContainerContainRow_STAGE,4,ColumnNumber,int,4,10,0,1,0,0,NULL
ofl,ContainerContainRow_STAGE,5,DisplayOrder,int,4,10,0,1,0,0,NULL
ofl,ContainerContainRow_STAGE,6,IsActive,bit,1,1,0,0,0,0,NULL
ofl,ContainerContainRow_STAGE,7,CreatedBy,int,4,10,0,1,0,0,NULL
ofl,ContainerContainRow_STAGE,8,CreatedDate,datetime,8,23,3,1,0,0,NULL
ofl,ContainerContainRow_STAGE,9,UpdatedBy,int,4,10,0,1,0,0,NULL
ofl,ContainerContainRow_STAGE,10,UpdatedDate,datetime,8,23,3,1,0,0,NULL
ofl,ContainerContainRow_STAGE,11,IsDeleted,bit,1,1,0,1,0,0,NULL
ofl,ContainerContainRow_STAGE,12,DeletedBy,int,4,10,0,1,0,0,NULL
ofl,ContainerContainRow_STAGE,13,DeletedDate,datetime,8,23,3,1,0,0,NULL
ofl,ContainerContainRow_STAGE,14,DeleteReason,nvarchar,1000,0,0,1,0,0,NULL
ofl,ContainerContainRowColumn_STAGE,1,ContainerContainRowColumnId,int,4,10,0,0,1,0,NULL
ofl,ContainerContainRowColumn_STAGE,2,ContainerContainRowId,int,4,10,0,0,0,0,NULL
ofl,ContainerContainRowColumn_STAGE,3,ContainerContainRowColumnName,nvarchar,500,0,0,0,0,0,NULL
ofl,ContainerContainRowColumn_STAGE,4,HeadingId,int,4,10,0,0,0,0,NULL
ofl,ContainerContainRowColumn_STAGE,5,HeadingName,nvarchar,500,0,0,0,0,0,NULL
ofl,ContainerContainRowColumn_STAGE,6,TextWidth,varchar,50,0,0,1,0,0,NULL
ofl,ContainerContainRowColumn_STAGE,7,TextAlign,varchar,50,0,0,1,0,0,NULL
ofl,ContainerContainRowColumn_STAGE,8,TextStyle,varchar,50,0,0,1,0,0,NULL
ofl,ContainerContainRowColumn_STAGE,9,TextWeight,varchar,50,0,0,1,0,0,NULL
ofl,ContainerContainRowColumn_STAGE,10,TextDecoration,varchar,50,0,0,1,0,0,NULL
ofl,ContainerContainRowColumn_STAGE,11,InlineCssStyle,nvarchar,500,0,0,1,0,0,NULL
ofl,ContainerContainRowColumn_STAGE,12,DisplayOrder,int,4,10,0,1,0,0,NULL
ofl,ContainerContainRowColumn_STAGE,13,IsActive,bit,1,1,0,0,0,0,NULL
ofl,ContainerContainRowColumn_STAGE,14,CreatedBy,int,4,10,0,1,0,0,NULL
ofl,ContainerContainRowColumn_STAGE,15,CreatedDate,datetime,8,23,3,1,0,0,NULL
ofl,ContainerContainRowColumn_STAGE,16,UpdatedBy,int,4,10,0,1,0,0,NULL
ofl,ContainerContainRowColumn_STAGE,17,UpdatedDate,datetime,8,23,3,1,0,0,NULL
ofl,ContainerContainRowColumn_STAGE,18,IsDeleted,bit,1,1,0,1,0,0,NULL
ofl,ContainerContainRowColumn_STAGE,19,DeletedBy,int,4,10,0,1,0,0,NULL
ofl,ContainerContainRowColumn_STAGE,20,DeletedDate,datetime,8,23,3,1,0,0,NULL
ofl,ContainerContainRowColumn_STAGE,21,DeleteReason,nvarchar,1000,0,0,1,0,0,NULL
ofl,ContainerStaging_STAGE,1,ContainerId,int,4,10,0,0,1,0,NULL
ofl,ContainerStaging_STAGE,2,ContainerName,nvarchar,500,0,0,0,0,0,NULL
ofl,ContainerStaging_STAGE,3,ContainerCode,nvarchar,50,0,0,1,0,0,NULL
ofl,ContainerStaging_STAGE,4,Description,nvarchar,5000,0,0,1,0,0,NULL
ofl,ContainerStaging_STAGE,5,ContainerStatusId,int,4,10,0,1,0,0,NULL
ofl,ContainerStaging_STAGE,6,AuditTypeId,int,4,10,0,1,0,0,NULL
ofl,ContainerStaging_STAGE,7,ProjectId,int,4,10,0,1,0,0,NULL
ofl,ContainerStaging_STAGE,8,IsActive,bit,1,1,0,0,0,0,NULL
ofl,ContainerStaging_STAGE,9,CreatedBy,int,4,10,0,1,0,0,NULL
ofl,ContainerStaging_STAGE,10,CreatedDate,datetime,8,23,3,1,0,0,NULL
ofl,ContainerStaging_STAGE,11,UpdatedBy,int,4,10,0,1,0,0,NULL
ofl,ContainerStaging_STAGE,12,UpdatedDate,datetime,8,23,3,1,0,0,NULL
ofl,ContainerStaging_STAGE,13,IsDeleted,bit,1,1,0,1,0,0,NULL
ofl,ContainerStaging_STAGE,14,DeletedBy,int,4,10,0,1,0,0,NULL
ofl,ContainerStaging_STAGE,15,DeletedDate,datetime,8,23,3,1,0,0,NULL
ofl,ContainerStaging_STAGE,16,DeleteReason,nvarchar,1000,0,0,1,0,0,NULL
ofl,ContainType_STAGE,1,ContainTypeId,int,4,10,0,0,1,0,NULL
ofl,ContainType_STAGE,2,ContainTypeName,nvarchar,200,0,0,0,0,0,NULL
ofl,ContainType_STAGE,3,IsActive,bit,1,1,0,1,0,0,NULL
ofl,ContainType_STAGE,4,CreatedBy,int,4,10,0,1,0,0,NULL
ofl,ContainType_STAGE,5,CreatedDate,datetime,8,23,3,1,0,0,NULL
ofl,ContainType_STAGE,6,UpdatedBy,int,4,10,0,1,0,0,NULL
ofl,ContainType_STAGE,7,UpdatedDate,datetime,8,23,3,1,0,0,NULL
ofl,ContainType_STAGE,8,IsDeleted,bit,1,1,0,1,0,0,NULL
ofl,ContainType_STAGE,9,DeletedBy,int,4,10,0,1,0,0,NULL
ofl,ContainType_STAGE,10,DeletedDate,datetime,8,23,3,1,0,0,NULL
ofl,ContainType_STAGE,11,DeleteReason,nvarchar,1000,0,0,1,0,0,NULL
ofl,Country_STAGE,1,CountryId,int,4,10,0,0,1,0,NULL
ofl,Country_STAGE,2,RefId,nvarchar,100,0,0,1,0,0,NULL
ofl,Country_STAGE,3,CountryCode,varchar,15,0,0,1,0,0,NULL
ofl,Country_STAGE,4,CountryName,varchar,50,0,0,1,0,0,NULL
ofl,Country_STAGE,5,ISO2,char,2,0,0,1,0,0,NULL
ofl,Country_STAGE,6,ISO3,varchar,5,0,0,1,0,0,NULL
ofl,Country_STAGE,7,HR_Code,char,2,0,0,1,0,0,NULL
ofl,Country_STAGE,8,Nationality,varchar,100,0,0,1,0,0,NULL
ofl,Country_STAGE,9,IsInception,bit,1,1,0,1,0,0,NULL
ofl,Country_STAGE,10,InceptionLabel,nvarchar,100,0,0,1,0,0,NULL
ofl,Country_STAGE,11,IsDefault,bit,1,1,0,1,0,0,NULL
ofl,Country_STAGE,12,IsActive,bit,1,1,0,1,0,0,NULL
ofl,Country_STAGE,13,IsSync,bit,1,1,0,1,0,0,NULL
ofl,Country_STAGE,14,StartDate,datetime,8,23,3,1,0,0,NULL
ofl,Country_STAGE,15,EndDate,datetime,8,23,3,1,0,0,NULL
ofl,Country_STAGE,16,CreatedBy,int,4,10,0,1,0,0,NULL
ofl,Country_STAGE,17,CreatedDate,datetime,8,23,3,1,0,0,NULL
ofl,Country_STAGE,18,UpdatedBy,int,4,10,0,1,0,0,NULL
ofl,Country_STAGE,19,UpdatedDate,datetime,8,23,3,1,0,0,NULL
ofl,Country_STAGE,20,IsDeleted,bit,1,1,0,1,0,0,NULL
ofl,Country_STAGE,21,DeletedBy,int,4,10,0,1,0,0,NULL
ofl,Country_STAGE,22,DeletedDate,datetime,8,23,3,1,0,0,NULL
ofl,Country_STAGE,23,DeleteReason,nvarchar,1000,0,0,1,0,0,NULL
ofl,DashboardCard_STAGE,1,DashboardCardId,int,4,10,0,0,1,0,NULL
ofl,DashboardCard_STAGE,2,DashboardCardName,varchar,150,0,0,0,0,0,NULL
ofl,DashboardCard_STAGE,3,Description,varchar,500,0,0,1,0,0,NULL
ofl,DashboardCard_STAGE,4,OrderLevel,int,4,10,0,0,0,0,NULL
ofl,DashboardCard_STAGE,5,IsActive,bit,1,1,0,0,0,0,NULL
ofl,DashboardCard_STAGE,6,CreatedBy,int,4,10,0,1,0,0,NULL
ofl,DashboardCard_STAGE,7,CreatedDate,datetime,8,23,3,1,0,0,NULL
ofl,DashboardCard_STAGE,8,UpdatedBy,int,4,10,0,1,0,0,NULL
ofl,DashboardCard_STAGE,9,UpdatedDate,datetime,8,23,3,1,0,0,NULL
ofl,DashboardCard_STAGE,10,IsDeleted,bit,1,1,0,1,0,0,NULL
ofl,DashboardCard_STAGE,11,DeletedBy,int,4,10,0,1,0,0,NULL
ofl,DashboardCard_STAGE,12,DeletedDate,datetime,8,23,3,1,0,0,NULL
ofl,DashboardCard_STAGE,13,DeleteReason,nvarchar,1000,0,0,1,0,0,NULL
ofl,Department_STAGE,1,DepartmentId,int,4,10,0,0,1,0,NULL
ofl,Department_STAGE,2,Name,nvarchar,300,0,0,1,0,0,NULL
ofl,Department_STAGE,3,ShortName,nvarchar,300,0,0,1,0,0,NULL
ofl,Department_STAGE,4,CreatedBy,int,4,10,0,1,0,0,NULL
ofl,Department_STAGE,5,CreatedDate,datetime,8,23,3,1,0,0,NULL
ofl,Department_STAGE,6,UpdatedBy,int,4,10,0,1,0,0,NULL
ofl,Department_STAGE,7,UpdatedDate,datetime,8,23,3,1,0,0,NULL
ofl,Department_STAGE,8,IsDeleted,bit,1,1,0,1,0,0,NULL
ofl,Department_STAGE,9,DeletedBy,int,4,10,0,1,0,0,NULL
ofl,Department_STAGE,10,DeletedDate,datetime,8,23,3,1,0,0,NULL
ofl,Department_STAGE,11,DeleteReason,nvarchar,1000,0,0,1,0,0,NULL
ofl,Depratment_STAGE,1,DepratmentId,int,4,10,0,0,1,0,NULL
ofl,Depratment_STAGE,2,DepratmentName,nvarchar,200,0,0,0,0,0,NULL
ofl,Depratment_STAGE,3,Description,nvarchar,510,0,0,1,0,0,NULL
ofl,Depratment_STAGE,4,IsActive,bit,1,1,0,0,0,0,NULL
ofl,Depratment_STAGE,5,StartDate,date,3,10,0,0,0,0,NULL
ofl,Depratment_STAGE,6,EndDate,date,3,10,0,1,0,0,NULL
ofl,Depratment_STAGE,7,CreateBy,int,4,10,0,1,0,0,NULL
ofl,Depratment_STAGE,8,CreateDate,datetime,8,23,3,1,0,0,NULL
ofl,Depratment_STAGE,9,ModifyBy,int,4,10,0,1,0,0,NULL
ofl,Depratment_STAGE,10,ModifyDate,datetime,8,23,3,1,0,0,NULL
ofl,Depratment_STAGE,11,IsDeleted,bit,1,1,0,1,0,0,NULL
ofl,Depratment_STAGE,12,DeletedBy,int,4,10,0,1,0,0,NULL
ofl,Depratment_STAGE,13,DeletedOn,datetime,8,23,3,1,0,0,NULL
ofl,Designation_STAGE,1,DesignationId,int,4,10,0,0,1,0,NULL
ofl,Designation_STAGE,2,DesignationName,nvarchar,500,0,0,0,0,0,NULL
ofl,Designation_STAGE,3,Description,nvarchar,5000,0,0,1,0,0,NULL
ofl,Designation_STAGE,4,IsActive,bit,1,1,0,0,0,0,NULL
ofl,Designation_STAGE,5,CreatedBy,int,4,10,0,1,0,0,NULL
ofl,Designation_STAGE,6,CreatedDate,datetime,8,23,3,1,0,0,NULL
ofl,Designation_STAGE,7,UpdatedBy,int,4,10,0,1,0,0,NULL
ofl,Designation_STAGE,8,UpdatedDate,datetime,8,23,3,1,0,0,NULL
ofl,Designation_STAGE,9,IsDeleted,bit,1,1,0,1,0,0,NULL
ofl,Designation_STAGE,10,DeletedBy,int,4,10,0,1,0,0,NULL
ofl,Designation_STAGE,11,DeletedDate,datetime,8,23,3,1,0,0,NULL
ofl,Designation_STAGE,12,DeleteReason,nvarchar,1000,0,0,1,0,0,NULL
ofl,Designation_STAGE,13,RefId,varchar,50,0,0,1,0,0,NULL
ofl,District_STAGE,1,DistrictId,int,4,10,0,0,1,0,NULL
ofl,District_STAGE,2,DivisionId,int,4,10,0,0,0,0,NULL
ofl,District_STAGE,3,RefId,nvarchar,100,0,0,1,0,0,NULL
ofl,District_STAGE,4,DistrictCode,nvarchar,30,0,0,1,0,0,NULL
ofl,District_STAGE,5,DistrictName,nvarchar,100,0,0,0,0,0,NULL
ofl,District_STAGE,6,IsInception,bit,1,1,0,1,0,0,NULL
ofl,District_STAGE,7,InceptionLabel,nvarchar,100,0,0,1,0,0,NULL
ofl,District_STAGE,8,Lat,float,8,53,0,1,0,0,NULL
ofl,District_STAGE,9,Long,float,8,53,0,1,0,0,NULL
ofl,District_STAGE,10,IsActive,bit,1,1,0,1,0,0,NULL
ofl,District_STAGE,11,IsSync,bit,1,1,0,1,0,0,NULL
ofl,District_STAGE,12,StartDate,datetime,8,23,3,1,0,0,NULL
ofl,District_STAGE,13,EndDate,datetime,8,23,3,1,0,0,NULL
ofl,District_STAGE,14,CreatedBy,int,4,10,0,1,0,0,NULL
ofl,District_STAGE,15,CreatedDate,datetime,8,23,3,1,0,0,NULL
ofl,District_STAGE,16,UpdatedBy,int,4,10,0,1,0,0,NULL
ofl,District_STAGE,17,UpdatedDate,datetime,8,23,3,1,0,0,NULL
ofl,District_STAGE,18,IsDeleted,bit,1,1,0,1,0,0,NULL
ofl,District_STAGE,19,DeletedBy,int,4,10,0,1,0,0,NULL
ofl,District_STAGE,20,DeletedDate,datetime,8,23,3,1,0,0,NULL
ofl,District_STAGE,21,DeleteReason,nvarchar,1000,0,0,1,0,0,NULL
ofl,Division_STAGE,1,DivisionId,int,4,10,0,0,1,0,NULL
ofl,Division_STAGE,2,CountryId,int,4,10,0,0,0,0,NULL
ofl,Division_STAGE,3,RefId,nvarchar,100,0,0,1,0,0,NULL
ofl,Division_STAGE,4,DivisionCode,nvarchar,30,0,0,0,0,0,NULL
ofl,Division_STAGE,5,DivisionName,nvarchar,100,0,0,0,0,0,NULL
ofl,Division_STAGE,6,IsInception,bit,1,1,0,1,0,0,NULL
ofl,Division_STAGE,7,InceptionLabel,nvarchar,100,0,0,1,0,0,NULL
ofl,Division_STAGE,8,Lat,float,8,53,0,1,0,0,NULL
ofl,Division_STAGE,9,Long,float,8,53,0,1,0,0,NULL
ofl,Division_STAGE,10,IsActive,bit,1,1,0,1,0,0,NULL
ofl,Division_STAGE,11,IsSync,bit,1,1,0,1,0,0,NULL
ofl,Division_STAGE,12,StartDate,datetime,8,23,3,1,0,0,NULL
ofl,Division_STAGE,13,EndDate,datetime,8,23,3,1,0,0,NULL
ofl,Division_STAGE,14,CreatedBy,int,4,10,0,1,0,0,NULL
ofl,Division_STAGE,15,CreatedDate,datetime,8,23,3,1,0,0,NULL
ofl,Division_STAGE,16,UpdatedBy,int,4,10,0,1,0,0,NULL
ofl,Division_STAGE,17,UpdatedDate,datetime,8,23,3,1,0,0,NULL
ofl,Division_STAGE,18,IsDeleted,bit,1,1,0,1,0,0,NULL
ofl,Division_STAGE,19,DeletedBy,int,4,10,0,1,0,0,NULL
ofl,Division_STAGE,20,DeletedDate,datetime,8,23,3,1,0,0,NULL
ofl,Division_STAGE,21,DeleteReason,nvarchar,1000,0,0,1,0,0,NULL
ofl,DonarInformation_STAGE,1,DonarInformationId,int,4,10,0,0,1,0,NULL
ofl,DonarInformation_STAGE,2,DonarName,nvarchar,300,0,0,0,0,0,NULL
ofl,DonarInformation_STAGE,3,ProgrammeGroupId,int,4,10,0,0,0,0,NULL
ofl,DonarInformation_STAGE,4,ProgrammeId,int,4,10,0,0,0,0,NULL
ofl,DonarInformation_STAGE,5,ProjectId,int,4,10,0,0,0,0,NULL
ofl,DonarInformation_STAGE,6,IsActive,bit,1,1,0,0,0,0,NULL
ofl,DonarInformation_STAGE,7,CreatedBy,int,4,10,0,1,0,0,NULL
ofl,DonarInformation_STAGE,8,CreatedDate,datetime,8,23,3,1,0,0,NULL
ofl,DonarInformation_STAGE,9,UpdatedBy,int,4,10,0,1,0,0,NULL
ofl,DonarInformation_STAGE,10,UpdatedDate,datetime,8,23,3,1,0,0,NULL
ofl,DonarInformation_STAGE,11,IsDeleted,bit,1,1,0,1,0,0,NULL
ofl,DonarInformation_STAGE,12,DeletedBy,int,4,10,0,1,0,0,NULL
ofl,DonarInformation_STAGE,13,DeletedDate,datetime,8,23,3,1,0,0,NULL
ofl,DonarInformation_STAGE,14,DeleteReason,nvarchar,1000,0,0,1,0,0,NULL
ofl,EmailAddressBook_STAGE,1,EmailAddressBookId,int,4,10,0,0,1,0,NULL
ofl,EmailAddressBook_STAGE,2,EmailAddress,nvarchar,200,0,0,0,0,0,NULL
ofl,EmailAddressBook_STAGE,3,EmailName,nvarchar,600,0,0,1,0,0,NULL
ofl,EmailAddressBook_STAGE,4,RefId,nvarchar,100,0,0,1,0,0,NULL
ofl,EmailAddressBook_STAGE,5,IsActive,bit,1,1,0,0,0,0,NULL
ofl,EmailAddressBook_STAGE,6,CreatedBy,int,4,10,0,0,0,0,NULL
ofl,EmailAddressBook_STAGE,7,CreatedDate,datetime,8,23,3,0,0,0,NULL
ofl,EmailAddressBook_STAGE,8,UpdatedBy,int,4,10,0,1,0,0,NULL
ofl,EmailAddressBook_STAGE,9,UpdatedDate,datetime,8,23,3,1,0,0,NULL
ofl,EmailAddressBook_STAGE,10,IsDeleted,bit,1,1,0,1,0,0,NULL
ofl,EmailAddressBook_STAGE,11,DeletedBy,int,4,10,0,1,0,0,NULL
ofl,EmailAddressBook_STAGE,12,DeletedOn,datetime,8,23,3,1,0,0,NULL
ofl,EmailDirectoryUpdateHistory_STAGE,1,UpdateHistoryId,int,4,10,0,0,1,0,NULL
ofl,EmailDirectoryUpdateHistory_STAGE,2,EmailGroupId,int,4,10,0,0,0,0,NULL
ofl,EmailDirectoryUpdateHistory_STAGE,3,IsActive,bit,1,1,0,1,0,0,NULL
ofl,EmailDirectoryUpdateHistory_STAGE,4,CreatedBy,int,4,10,0,1,0,0,NULL
ofl,EmailDirectoryUpdateHistory_STAGE,5,CreatedDate,datetime,8,23,3,1,0,0,NULL
ofl,EmailDirectoryUpdateHistory_STAGE,6,UpdatedBy,int,4,10,0,1,0,0,NULL
ofl,EmailDirectoryUpdateHistory_STAGE,7,UpdatedDate,datetime,8,23,3,1,0,0,NULL
ofl,EmailDirectoryUpdateHistory_STAGE,8,IsDeleted,bit,1,1,0,1,0,0,NULL
ofl,EmailDirectoryUpdateHistory_STAGE,9,DeletedBy,int,4,10,0,1,0,0,NULL
ofl,EmailDirectoryUpdateHistory_STAGE,10,DeletedOn,datetime,8,23,3,1,0,0,NULL
ofl,EmailGroup_STAGE,1,EmailGroupId,int,4,10,0,0,1,0,NULL
ofl,EmailGroup_STAGE,2,GroupName,nvarchar,500,0,0,0,0,0,NULL
ofl,EmailGroup_STAGE,3,Description,nvarchar,5000,0,0,1,0,0,NULL
ofl,EmailGroup_STAGE,4,IsActive,bit,1,1,0,0,0,0,NULL
ofl,EmailGroup_STAGE,5,CreatedBy,int,4,10,0,1,0,0,NULL
ofl,EmailGroup_STAGE,6,CreatedDate,datetime,8,23,3,1,0,0,NULL
ofl,EmailGroup_STAGE,7,UpdatedBy,int,4,10,0,1,0,0,NULL
ofl,EmailGroup_STAGE,8,UpdatedDate,datetime,8,23,3,1,0,0,NULL
ofl,EmailGroup_STAGE,9,IsDeleted,bit,1,1,0,1,0,0,NULL
ofl,EmailGroup_STAGE,10,DeletedBy,int,4,10,0,1,0,0,NULL
ofl,EmailGroup_STAGE,11,DeletedDate,datetime,8,23,3,1,0,0,NULL
ofl,EmailGroup_STAGE,12,DeleteReason,nvarchar,1000,0,0,1,0,0,NULL
ofl,EmailGroupDetail_STAGE,1,EmailGroupDetailId,int,4,10,0,0,1,0,NULL
ofl,EmailGroupDetail_STAGE,2,EmailGroupId,int,4,10,0,0,0,0,NULL
ofl,EmailGroupDetail_STAGE,3,EmailAddressBookId,int,4,10,0,0,0,0,NULL
ofl,EmailGroupDetail_STAGE,4,IsActive,bit,1,1,0,0,0,0,NULL
ofl,EmailGroupDetail_STAGE,5,CreatedBy,int,4,10,0,0,0,0,NULL
ofl,EmailGroupDetail_STAGE,6,CreatedDate,datetime,8,23,3,0,0,0,NULL
ofl,EmailGroupDetail_STAGE,7,UpdatedBy,int,4,10,0,1,0,0,NULL
ofl,EmailGroupDetail_STAGE,8,UpdatedDate,datetime,8,23,3,1,0,0,NULL
ofl,EmailGroupDetail_STAGE,9,IsDeleted,bit,1,1,0,1,0,0,NULL
ofl,EmailGroupDetail_STAGE,10,DeletedBy,int,4,10,0,1,0,0,NULL
ofl,EmailGroupDetail_STAGE,11,DeletedOn,datetime,8,23,3,1,0,0,NULL
ofl,EntranceMeetingDecision_STAGE,1,EntranceMeetingDecisionId,int,4,10,0,0,1,0,NULL
ofl,EntranceMeetingDecision_STAGE,2,AuditConductionEntranceMeetingId,int,4,10,0,0,0,0,NULL
ofl,EntranceMeetingDecision_STAGE,3,AuditConductionPlanningProcessId,int,4,10,0,1,0,0,NULL
ofl,EntranceMeetingDecision_STAGE,4,PlanningProcessId,int,4,10,0,0,0,0,NULL
ofl,EntranceMeetingDecision_STAGE,5,EntranceMeetingDecisionName,nvarchar,1000,0,0,0,0,0,NULL
ofl,EntranceMeetingDecision_STAGE,6,IsActive,bit,1,1,0,0,0,0,NULL
ofl,EntranceMeetingDecision_STAGE,7,CreatedBy,int,4,10,0,1,0,0,NULL
ofl,EntranceMeetingDecision_STAGE,8,CreatedDate,datetime,8,23,3,1,0,0,NULL
ofl,EntranceMeetingDecision_STAGE,9,UpdatedBy,int,4,10,0,1,0,0,NULL
ofl,EntranceMeetingDecision_STAGE,10,UpdatedDate,datetime,8,23,3,1,0,0,NULL
ofl,EntranceMeetingDecision_STAGE,11,IsDeleted,bit,1,1,0,1,0,0,NULL
ofl,EntranceMeetingDecision_STAGE,12,DeletedBy,int,4,10,0,1,0,0,NULL
ofl,EntranceMeetingDecision_STAGE,13,DeletedDate,datetime,8,23,3,1,0,0,NULL
ofl,EntranceMeetingDecision_STAGE,14,DeleteReason,nvarchar,1000,0,0,1,0,0,NULL
ofl,Heading_STAGE,1,HeadingId,int,4,10,0,0,1,0,NULL
ofl,Heading_STAGE,2,HeadingName,nvarchar,500,0,0,0,0,0,NULL
ofl,Heading_STAGE,3,HeadingPlaceholder,nvarchar,500,0,0,1,0,0,NULL
ofl,Heading_STAGE,4,Description,nvarchar,5000,0,0,1,0,0,NULL
ofl,Heading_STAGE,5,HeadingTypeId,int,4,10,0,1,0,0,NULL
ofl,Heading_STAGE,6,HeadingSourceId,int,4,10,0,1,0,0,NULL
ofl,Heading_STAGE,7,TextWidth,varchar,50,0,0,1,0,0,NULL
ofl,Heading_STAGE,8,TextAlign,varchar,50,0,0,1,0,0,NULL
ofl,Heading_STAGE,9,TextStyle,varchar,50,0,0,1,0,0,NULL
ofl,Heading_STAGE,10,TextWeight,varchar,50,0,0,1,0,0,NULL
ofl,Heading_STAGE,11,TextDecoration,varchar,50,0,0,1,0,0,NULL
ofl,Heading_STAGE,12,InlineCssStyle,nvarchar,500,0,0,1,0,0,NULL
ofl,Heading_STAGE,13,IsActive,bit,1,1,0,0,0,0,NULL
ofl,Heading_STAGE,14,CreatedBy,int,4,10,0,1,0,0,NULL
ofl,Heading_STAGE,15,CreatedDate,datetime,8,23,3,1,0,0,NULL
ofl,Heading_STAGE,16,UpdatedBy,int,4,10,0,1,0,0,NULL
ofl,Heading_STAGE,17,UpdatedDate,datetime,8,23,3,1,0,0,NULL
ofl,Heading_STAGE,18,IsDeleted,bit,1,1,0,1,0,0,NULL
ofl,Heading_STAGE,19,DeletedBy,int,4,10,0,1,0,0,NULL
ofl,Heading_STAGE,20,DeletedDate,datetime,8,23,3,1,0,0,NULL
ofl,Heading_STAGE,21,DeleteReason,nvarchar,1000,0,0,1,0,0,NULL
ofl,HeadingSource_STAGE,1,HeadingSourceId,int,4,10,0,0,1,0,NULL
ofl,HeadingSource_STAGE,2,HeadingSourceName,nvarchar,200,0,0,0,0,0,NULL
ofl,HeadingSource_STAGE,3,DataSource,nvarchar,200,0,0,0,0,0,NULL
ofl,HeadingSource_STAGE,4,IsActive,bit,1,1,0,1,0,0,NULL
ofl,HeadingSource_STAGE,5,CreatedBy,int,4,10,0,1,0,0,NULL
ofl,HeadingSource_STAGE,6,CreatedDate,datetime,8,23,3,1,0,0,NULL
ofl,HeadingSource_STAGE,7,UpdatedBy,int,4,10,0,1,0,0,NULL
ofl,HeadingSource_STAGE,8,UpdatedDate,datetime,8,23,3,1,0,0,NULL
ofl,HeadingSource_STAGE,9,IsDeleted,bit,1,1,0,1,0,0,NULL
ofl,HeadingSource_STAGE,10,DeletedBy,int,4,10,0,1,0,0,NULL
ofl,HeadingSource_STAGE,11,DeletedDate,datetime,8,23,3,1,0,0,NULL
ofl,HeadingSource_STAGE,12,DeleteReason,nvarchar,1000,0,0,1,0,0,NULL
ofl,HeadingType_STAGE,1,HeadingTypeId,int,4,10,0,0,1,0,NULL
ofl,HeadingType_STAGE,2,HeadingTypeName,nvarchar,200,0,0,0,0,0,NULL
ofl,HeadingType_STAGE,3,DisplayName,nvarchar,500,0,0,1,0,0,NULL
ofl,HeadingType_STAGE,4,IsSystem,bit,1,1,0,1,0,0,NULL
ofl,HeadingType_STAGE,5,IsActive,bit,1,1,0,0,0,0,NULL
ofl,HeadingType_STAGE,6,CreatedBy,int,4,10,0,1,0,0,NULL
ofl,HeadingType_STAGE,7,CreatedDate,datetime,8,23,3,0,0,0,NULL
ofl,HeadingType_STAGE,8,UpdatedBy,int,4,10,0,1,0,0,NULL
ofl,HeadingType_STAGE,9,UpdatedDate,datetime,8,23,3,1,0,0,NULL
ofl,HeadingType_STAGE,10,IsDeleted,bit,1,1,0,1,0,0,NULL
ofl,HeadingType_STAGE,11,DeletedBy,int,4,10,0,1,0,0,NULL
ofl,HeadingType_STAGE,12,DeletedDate,datetime,8,23,3,1,0,0,NULL
ofl,HeadingType_STAGE,13,DeleteReason,nvarchar,1000,0,0,1,0,0,NULL
ofl,Language_STAGE,1,LanguageId,int,4,10,0,0,1,0,NULL
ofl,Language_STAGE,2,LanguageName,nvarchar,300,0,0,0,0,0,NULL
ofl,Language_STAGE,3,LanguageCode,nvarchar,50,0,0,1,0,0,NULL
ofl,Language_STAGE,4,Description,nvarchar,500,0,0,1,0,0,NULL
ofl,Language_STAGE,5,IsActive,bit,1,1,0,0,0,0,NULL
ofl,Language_STAGE,6,CreateBy,int,4,10,0,0,0,0,NULL
ofl,Language_STAGE,7,CreateDate,datetime,8,23,3,0,0,0,NULL
ofl,Language_STAGE,8,ModifyBy,int,4,10,0,1,0,0,NULL
ofl,Language_STAGE,9,ModifyDate,datetime,8,23,3,1,0,0,NULL
ofl,Language_STAGE,10,IsDeleted,bit,1,1,0,1,0,0,NULL
ofl,Language_STAGE,11,DeletedBy,int,4,10,0,1,0,0,NULL
ofl,Language_STAGE,12,DeletedOn,datetime,8,23,3,1,0,0,NULL
ofl,LOG_STAGE,1,ID,int,4,10,0,0,1,0,NULL
ofl,LOG_STAGE,2,LogType,nvarchar,200,0,0,1,0,0,NULL
ofl,LOG_STAGE,3,LogTblName,nvarchar,200,0,0,1,0,0,NULL
ofl,LOG_STAGE,4,Remarks,nvarchar,200,0,0,1,0,0,NULL
ofl,LOG_STAGE,5,CreatedDate,datetime,8,23,3,1,0,0,NULL
ofl,MovementType_STAGE,1,MovementTypeId,int,4,10,0,0,1,0,NULL
ofl,MovementType_STAGE,2,MovementTypeName,nvarchar,500,0,0,0,0,0,NULL
ofl,MovementType_STAGE,3,Description,nvarchar,5000,0,0,1,0,0,NULL
ofl,MovementType_STAGE,4,IsActive,bit,1,1,0,0,0,0,NULL
ofl,MovementType_STAGE,5,StartDate,date,3,10,0,1,0,0,NULL
ofl,MovementType_STAGE,6,EndDate,date,3,10,0,1,0,0,NULL
ofl,MovementType_STAGE,7,CreatedBy,int,4,10,0,1,0,0,NULL
ofl,MovementType_STAGE,8,CreatedDate,datetime,8,23,3,1,0,0,NULL
ofl,MovementType_STAGE,9,UpdatedBy,int,4,10,0,1,0,0,NULL
ofl,MovementType_STAGE,10,UpdatedDate,datetime,8,23,3,1,0,0,NULL
ofl,MovementType_STAGE,11,IsDeleted,bit,1,1,0,1,0,0,NULL
ofl,MovementType_STAGE,12,DeletedBy,int,4,10,0,1,0,0,NULL
ofl,MovementType_STAGE,13,DeletedDate,datetime,8,23,3,1,0,0,NULL
ofl,MovementType_STAGE,14,DeleteReason,nvarchar,1000,0,0,1,0,0,NULL
ofl,Observation_STAGE,1,ObservationId,int,4,10,0,0,1,0,NULL
ofl,Observation_STAGE,2,ObservationName,nvarchar,1000,0,0,0,0,0,NULL
ofl,Observation_STAGE,3,ObservationNameBn,nvarchar,1000,0,0,1,0,0,NULL
ofl,Observation_STAGE,4,RequesterId,int,4,10,0,1,0,0,NULL
ofl,Observation_STAGE,5,IsAmountMandatory,bit,1,1,0,1,0,0,NULL
ofl,Observation_STAGE,6,Code,nvarchar,40,0,0,1,0,0,NULL
ofl,Observation_STAGE,7,LanguageId,int,4,10,0,1,0,0,NULL
ofl,Observation_STAGE,8,ObservationCategoryId,int,4,10,0,0,0,0,NULL
ofl,Observation_STAGE,9,Description,nvarchar,5000,0,0,1,0,0,NULL
ofl,Observation_STAGE,10,IsActive,bit,1,1,0,0,0,0,NULL
ofl,Observation_STAGE,11,StartDate,date,3,10,0,1,0,0,NULL
ofl,Observation_STAGE,12,EndDate,date,3,10,0,1,0,0,NULL
ofl,Observation_STAGE,13,CreatedBy,int,4,10,0,1,0,0,NULL
ofl,Observation_STAGE,14,CreatedDate,datetime,8,23,3,1,0,0,NULL
ofl,Observation_STAGE,15,UpdatedBy,int,4,10,0,1,0,0,NULL
ofl,Observation_STAGE,16,UpdatedDate,datetime,8,23,3,1,0,0,NULL
ofl,Observation_STAGE,17,IsDeleted,bit,1,1,0,1,0,0,NULL
ofl,Observation_STAGE,18,DeletedBy,int,4,10,0,1,0,0,NULL
ofl,Observation_STAGE,19,DeletedDate,datetime,8,23,3,1,0,0,NULL
ofl,Observation_STAGE,20,DeleteReason,nvarchar,1000,0,0,1,0,0,NULL
ofl,Observation_STAGE,21,IsApprove,bit,1,1,0,1,0,0,NULL
ofl,Observation_STAGE,22,ApprovedOn,datetime,8,23,3,1,0,0,NULL
ofl,Observation_STAGE,23,ApprovedBy,int,4,10,0,1,0,0,NULL
ofl,Observation_TMP_STAGE,1,ObservationId,int,4,10,0,0,0,0,NULL
ofl,Observation_TMP_STAGE,2,ObservationName,nvarchar,1000,0,0,0,0,0,NULL
ofl,Observation_TMP_STAGE,3,ObservationNameBn,nvarchar,1000,0,0,1,0,0,NULL
ofl,Observation_TMP_STAGE,4,RequesterId,int,4,10,0,1,0,0,NULL
ofl,Observation_TMP_STAGE,5,IsAmountMandatory,bit,1,1,0,1,0,0,NULL
ofl,Observation_TMP_STAGE,6,Code,nvarchar,40,0,0,1,0,0,NULL
ofl,Observation_TMP_STAGE,7,LanguageId,int,4,10,0,1,0,0,NULL
ofl,Observation_TMP_STAGE,8,ObservationCategoryId,int,4,10,0,0,0,0,NULL
ofl,Observation_TMP_STAGE,9,Description,nvarchar,5000,0,0,1,0,0,NULL
ofl,Observation_TMP_STAGE,10,IsActive,bit,1,1,0,0,0,0,NULL
ofl,Observation_TMP_STAGE,11,StartDate,date,3,10,0,1,0,0,NULL
ofl,Observation_TMP_STAGE,12,EndDate,date,3,10,0,1,0,0,NULL
ofl,Observation_TMP_STAGE,13,CreatedBy,int,4,10,0,1,0,0,NULL
ofl,Observation_TMP_STAGE,14,CreatedDate,datetime,8,23,3,1,0,0,NULL
ofl,Observation_TMP_STAGE,15,UpdatedBy,int,4,10,0,1,0,0,NULL
ofl,Observation_TMP_STAGE,16,UpdatedDate,datetime,8,23,3,1,0,0,NULL
ofl,Observation_TMP_STAGE,17,IsDeleted,bit,1,1,0,1,0,0,NULL
ofl,Observation_TMP_STAGE,18,DeletedBy,int,4,10,0,1,0,0,NULL
ofl,Observation_TMP_STAGE,19,DeletedDate,datetime,8,23,3,1,0,0,NULL
ofl,Observation_TMP_STAGE,20,DeleteReason,nvarchar,1000,0,0,1,0,0,NULL
ofl,Observation_TMP_STAGE,21,IsApprove,bit,1,1,0,1,0,0,NULL
ofl,Observation_TMP_STAGE,22,ApprovedOn,datetime,8,23,3,1,0,0,NULL
ofl,Observation_TMP_STAGE,23,ApprovedBy,int,4,10,0,1,0,0,NULL
ofl,ObservationCategory_STAGE,1,ObservationCategoryId,int,4,10,0,0,1,0,NULL
ofl,ObservationCategory_STAGE,2,ObservationCategoryName,nvarchar,500,0,0,0,0,0,NULL
ofl,ObservationCategory_STAGE,3,Description,nvarchar,5000,0,0,1,0,0,NULL
ofl,ObservationCategory_STAGE,4,IsActive,bit,1,1,0,0,0,0,NULL
ofl,ObservationCategory_STAGE,5,StartDate,date,3,10,0,1,0,0,NULL
ofl,ObservationCategory_STAGE,6,EndDate,date,3,10,0,1,0,0,NULL
ofl,ObservationCategory_STAGE,7,CreatedBy,int,4,10,0,1,0,0,NULL
ofl,ObservationCategory_STAGE,8,CreatedDate,datetime,8,23,3,1,0,0,NULL
ofl,ObservationCategory_STAGE,9,UpdatedBy,int,4,10,0,1,0,0,NULL
ofl,ObservationCategory_STAGE,10,UpdatedDate,datetime,8,23,3,1,0,0,NULL
ofl,ObservationCategory_STAGE,11,IsDeleted,bit,1,1,0,1,0,0,NULL
ofl,ObservationCategory_STAGE,12,DeletedBy,int,4,10,0,1,0,0,NULL
ofl,ObservationCategory_STAGE,13,DeletedDate,datetime,8,23,3,1,0,0,NULL
ofl,ObservationCategory_STAGE,14,DeleteReason,nvarchar,1000,0,0,1,0,0,NULL
ofl,ObservationCharacteristic_STAGE,1,ObservationCharacteristicId,int,4,10,0,0,1,0,NULL
ofl,ObservationCharacteristic_STAGE,2,ObservationCharacteristicName,nvarchar,500,0,0,0,0,0,NULL
ofl,ObservationCharacteristic_STAGE,3,ObservationCharacteristicShortName,nvarchar,30,0,0,1,0,0,NULL
ofl,ObservationCharacteristic_STAGE,4,ShortOrderNo,int,4,10,0,1,0,0,NULL
ofl,ObservationCharacteristic_STAGE,5,Description,nvarchar,5000,0,0,1,0,0,NULL
ofl,ObservationCharacteristic_STAGE,6,IsActive,bit,1,1,0,1,0,0,NULL
ofl,ObservationCharacteristic_STAGE,7,CreatedBy,int,4,10,0,1,0,0,NULL
ofl,ObservationCharacteristic_STAGE,8,CreatedDate,datetime,8,23,3,1,0,0,NULL
ofl,ObservationCharacteristic_STAGE,9,UpdatedBy,int,4,10,0,1,0,0,NULL
ofl,ObservationCharacteristic_STAGE,10,UpdatedDate,datetime,8,23,3,1,0,0,NULL
ofl,ObservationCharacteristic_STAGE,11,IsDeleted,bit,1,1,0,1,0,0,NULL
ofl,ObservationCharacteristic_STAGE,12,DeletedBy,int,4,10,0,1,0,0,NULL
ofl,ObservationCharacteristic_STAGE,13,DeletedDate,datetime,8,23,3,1,0,0,NULL
ofl,ObservationCharacteristic_STAGE,14,DeleteReason,nvarchar,1000,0,0,1,0,0,NULL
ofl,ObservationCharacteristicDetail_STAGE,1,ObservationCharacteristicDetailId,int,4,10,0,0,1,0,NULL
ofl,ObservationCharacteristicDetail_STAGE,2,ObservationCharacteristicId,int,4,10,0,0,0,0,NULL
ofl,ObservationCharacteristicDetail_STAGE,3,ObservationCharacteristicDetailName,nvarchar,512,0,0,0,0,0,NULL
ofl,ObservationCharacteristicDetail_STAGE,4,ObservationCharacteristicDetailCode,nvarchar,40,0,0,1,0,0,NULL
ofl,ObservationCharacteristicDetail_STAGE,5,Seriouseness,nvarchar,512,0,0,1,0,0,NULL
ofl,ObservationCharacteristicDetail_STAGE,6,ColorCode,nvarchar,20,0,0,1,0,0,NULL
ofl,ObservationCharacteristicDetail_STAGE,7,Description,nvarchar,5000,0,0,1,0,0,NULL
ofl,ObservationCharacteristicDetail_STAGE,8,RiskWeight,int,4,10,0,1,0,0,NULL
ofl,ObservationCharacteristicDetail_STAGE,9,IsActive,bit,1,1,0,1,0,0,NULL
ofl,ObservationCharacteristicDetail_STAGE,10,CreatedBy,int,4,10,0,1,0,0,NULL
ofl,ObservationCharacteristicDetail_STAGE,11,CreatedDate,datetime,8,23,3,1,0,0,NULL
ofl,ObservationCharacteristicDetail_STAGE,12,UpdatedBy,int,4,10,0,1,0,0,NULL
ofl,ObservationCharacteristicDetail_STAGE,13,UpdatedDate,datetime,8,23,3,1,0,0,NULL
ofl,ObservationCharacteristicDetail_STAGE,14,IsDeleted,bit,1,1,0,1,0,0,NULL
ofl,ObservationCharacteristicDetail_STAGE,15,DeletedBy,int,4,10,0,1,0,0,NULL
ofl,ObservationCharacteristicDetail_STAGE,16,DeletedDate,datetime,8,23,3,1,0,0,NULL
ofl,ObservationCharacteristicDetail_STAGE,17,DeleteReason,nvarchar,1000,0,0,1,0,0,NULL
ofl,ObservationDetail_STAGE,1,ObservationDetailId,int,4,10,0,0,1,0,NULL
ofl,ObservationDetail_STAGE,2,ObservationId,int,4,10,0,0,0,0,NULL
ofl,ObservationDetail_STAGE,3,ObservationCharacteristicDetailId,int,4,10,0,0,0,0,NULL
ofl,ObservationDetail_STAGE,4,IsActive,bit,1,1,0,0,0,0,NULL
ofl,ObservationDetail_STAGE,5,CreateBy,int,4,10,0,0,0,0,NULL
ofl,ObservationDetail_STAGE,6,CreateDate,datetime,8,23,3,0,0,0,NULL
ofl,ObservationDetail_STAGE,7,ModifyBy,int,4,10,0,1,0,0,NULL
ofl,ObservationDetail_STAGE,8,ModifyDate,datetime,8,23,3,1,0,0,NULL
ofl,ObservationDetail_STAGE,9,IsDeleted,bit,1,1,0,1,0,0,NULL
ofl,ObservationDetail_STAGE,10,DeletedBy,int,4,10,0,1,0,0,NULL
ofl,ObservationDetail_STAGE,11,DeletedOn,datetime,8,23,3,1,0,0,NULL
ofl,Organization_STAGE,1,OrganizationId,int,4,10,0,0,1,0,NULL
ofl,Organization_STAGE,2,CountryId,int,4,10,0,0,0,0,NULL
ofl,Organization_STAGE,3,OrganizationName,nvarchar,500,0,0,0,0,0,NULL
ofl,Organization_STAGE,4,Code,nvarchar,100,0,0,0,0,0,NULL
ofl,Organization_STAGE,5,Description,nvarchar,5000,0,0,1,0,0,NULL
ofl,Organization_STAGE,6,IsActive,bit,1,1,0,0,0,0,NULL
ofl,Organization_STAGE,7,StartDate,date,3,10,0,1,0,0,NULL
ofl,Organization_STAGE,8,EndDate,date,3,10,0,1,0,0,NULL
ofl,Organization_STAGE,9,CreatedBy,int,4,10,0,1,0,0,NULL
ofl,Organization_STAGE,10,CreatedDate,datetime,8,23,3,1,0,0,NULL
ofl,Organization_STAGE,11,UpdatedBy,int,4,10,0,1,0,0,NULL
ofl,Organization_STAGE,12,UpdatedDate,datetime,8,23,3,1,0,0,NULL
ofl,Organization_STAGE,13,IsDeleted,bit,1,1,0,1,0,0,NULL
ofl,Organization_STAGE,14,DeletedBy,int,4,10,0,1,0,0,NULL
ofl,Organization_STAGE,15,DeletedDate,datetime,8,23,3,1,0,0,NULL
ofl,Organization_STAGE,16,DeleteReason,nvarchar,1000,0,0,1,0,0,NULL
ofl,OrgArea_STAGE,1,OrgAreaId,int,4,10,0,0,1,0,NULL
ofl,OrgArea_STAGE,2,CountryId,int,4,10,0,1,0,0,NULL
ofl,OrgArea_STAGE,3,RefId,nvarchar,100,0,0,1,0,0,NULL
ofl,OrgArea_STAGE,4,OrgAreaCode,varchar,15,0,0,1,0,0,NULL
ofl,OrgArea_STAGE,5,OrgAreaName,nvarchar,300,0,0,0,0,0,NULL
ofl,OrgArea_STAGE,6,IsInception,bit,1,1,0,1,0,0,NULL
ofl,OrgArea_STAGE,7,InceptionLabel,nvarchar,100,0,0,1,0,0,NULL
ofl,OrgArea_STAGE,8,IsActive,bit,1,1,0,0,0,0,NULL
ofl,OrgArea_STAGE,9,IsSync,bit,1,1,0,1,0,0,NULL
ofl,OrgArea_STAGE,10,StartDate,datetime,8,23,3,1,0,0,NULL
ofl,OrgArea_STAGE,11,EndDate,datetime,8,23,3,1,0,0,NULL
ofl,OrgArea_STAGE,12,CreatedBy,int,4,10,0,1,0,0,NULL
ofl,OrgArea_STAGE,13,CreatedDate,datetime,8,23,3,1,0,0,NULL
ofl,OrgArea_STAGE,14,UpdatedBy,int,4,10,0,1,0,0,NULL
ofl,OrgArea_STAGE,15,UpdatedDate,datetime,8,23,3,1,0,0,NULL
ofl,OrgArea_STAGE,16,IsDeleted,bit,1,1,0,1,0,0,NULL
ofl,OrgArea_STAGE,17,DeletedBy,int,4,10,0,1,0,0,NULL
ofl,OrgArea_STAGE,18,DeletedDate,datetime,8,23,3,1,0,0,NULL
ofl,OrgArea_STAGE,19,DeleteReason,varchar,500,0,0,1,0,0,NULL
ofl,OrgDistrict_STAGE,1,OrgDistrictId,int,4,10,0,0,1,0,NULL
ofl,OrgDistrict_STAGE,2,CountryId,int,4,10,0,1,0,0,NULL
ofl,OrgDistrict_STAGE,3,RefId,nvarchar,100,0,0,1,0,0,NULL
ofl,OrgDistrict_STAGE,4,OrgDistrictCode,varchar,15,0,0,1,0,0,NULL
ofl,OrgDistrict_STAGE,5,OrgDistrictName,nvarchar,300,0,0,0,0,0,NULL
ofl,OrgDistrict_STAGE,6,IsInception,bit,1,1,0,1,0,0,NULL
ofl,OrgDistrict_STAGE,7,InceptionLabel,nvarchar,100,0,0,1,0,0,NULL
ofl,OrgDistrict_STAGE,8,IsActive,bit,1,1,0,0,0,0,NULL
ofl,OrgDistrict_STAGE,9,IsSync,bit,1,1,0,1,0,0,NULL
ofl,OrgDistrict_STAGE,10,StartDate,datetime,8,23,3,1,0,0,NULL
ofl,OrgDistrict_STAGE,11,EndDate,datetime,8,23,3,1,0,0,NULL
ofl,OrgDistrict_STAGE,12,CreatedBy,int,4,10,0,1,0,0,NULL
ofl,OrgDistrict_STAGE,13,CreatedDate,datetime,8,23,3,1,0,0,NULL
ofl,OrgDistrict_STAGE,14,UpdatedBy,int,4,10,0,1,0,0,NULL
ofl,OrgDistrict_STAGE,15,UpdatedDate,datetime,8,23,3,1,0,0,NULL
ofl,OrgDistrict_STAGE,16,IsDeleted,bit,1,1,0,1,0,0,NULL
ofl,OrgDistrict_STAGE,17,DeletedBy,int,4,10,0,1,0,0,NULL
ofl,OrgDistrict_STAGE,18,DeletedDate,datetime,8,23,3,1,0,0,NULL
ofl,OrgDistrict_STAGE,19,DeleteReason,varchar,500,0,0,1,0,0,NULL
ofl,OrgDivision_STAGE,1,OrgDivisionId,int,4,10,0,0,1,0,NULL
ofl,OrgDivision_STAGE,2,CountryId,int,4,10,0,1,0,0,NULL
ofl,OrgDivision_STAGE,3,RefId,nvarchar,100,0,0,1,0,0,NULL
ofl,OrgDivision_STAGE,4,OrgDivisionCode,varchar,15,0,0,1,0,0,NULL
ofl,OrgDivision_STAGE,5,OrgDivisionName,nvarchar,300,0,0,0,0,0,NULL
ofl,OrgDivision_STAGE,6,IsInception,bit,1,1,0,1,0,0,NULL
ofl,OrgDivision_STAGE,7,InceptionLabel,nvarchar,100,0,0,1,0,0,NULL
ofl,OrgDivision_STAGE,8,IsActive,bit,1,1,0,0,0,0,NULL
ofl,OrgDivision_STAGE,9,IsSync,bit,1,1,0,1,0,0,NULL
ofl,OrgDivision_STAGE,10,StartDate,datetime,8,23,3,1,0,0,NULL
ofl,OrgDivision_STAGE,11,EndDate,datetime,8,23,3,1,0,0,NULL
ofl,OrgDivision_STAGE,12,CreatedBy,int,4,10,0,1,0,0,NULL
ofl,OrgDivision_STAGE,13,CreatedDate,datetime,8,23,3,1,0,0,NULL
ofl,OrgDivision_STAGE,14,UpdatedBy,int,4,10,0,1,0,0,NULL
ofl,OrgDivision_STAGE,15,UpdatedDate,datetime,8,23,3,1,0,0,NULL
ofl,OrgDivision_STAGE,16,IsDeleted,bit,1,1,0,1,0,0,NULL
ofl,OrgDivision_STAGE,17,DeletedBy,int,4,10,0,1,0,0,NULL
ofl,OrgDivision_STAGE,18,DeletedDate,datetime,8,23,3,1,0,0,NULL
ofl,OrgDivision_STAGE,19,DeleteReason,varchar,500,0,0,1,0,0,NULL
ofl,OrgUpazila_STAGE,1,OrgUpazilaId,int,4,10,0,0,1,0,NULL
ofl,OrgUpazila_STAGE,2,CountryId,int,4,10,0,1,0,0,NULL
ofl,OrgUpazila_STAGE,3,RefId,nvarchar,100,0,0,1,0,0,NULL
ofl,OrgUpazila_STAGE,4,OrgUpazilaCode,varchar,15,0,0,1,0,0,NULL
ofl,OrgUpazila_STAGE,5,OrgUpazilaName,nvarchar,300,0,0,0,0,0,NULL
ofl,OrgUpazila_STAGE,6,IsInception,bit,1,1,0,1,0,0,NULL
ofl,OrgUpazila_STAGE,7,InceptionLabel,nvarchar,100,0,0,1,0,0,NULL
ofl,OrgUpazila_STAGE,8,IsActive,bit,1,1,0,0,0,0,NULL
ofl,OrgUpazila_STAGE,9,IsSync,bit,1,1,0,1,0,0,NULL
ofl,OrgUpazila_STAGE,10,StartDate,datetime,8,23,3,1,0,0,NULL
ofl,OrgUpazila_STAGE,11,EndDate,datetime,8,23,3,1,0,0,NULL
ofl,OrgUpazila_STAGE,12,CreatedBy,int,4,10,0,1,0,0,NULL
ofl,OrgUpazila_STAGE,13,CreatedDate,datetime,8,23,3,1,0,0,NULL
ofl,OrgUpazila_STAGE,14,UpdatedBy,int,4,10,0,1,0,0,NULL
ofl,OrgUpazila_STAGE,15,UpdatedDate,datetime,8,23,3,1,0,0,NULL
ofl,OrgUpazila_STAGE,16,IsDeleted,bit,1,1,0,1,0,0,NULL
ofl,OrgUpazila_STAGE,17,DeletedBy,int,4,10,0,1,0,0,NULL
ofl,OrgUpazila_STAGE,18,DeletedDate,datetime,8,23,3,1,0,0,NULL
ofl,OrgUpazila_STAGE,19,DeleteReason,varchar,500,0,0,1,0,0,NULL
ofl,PlanningDocumentComment_STAGE,1,PlanningDocumentCommentId,int,4,10,0,0,1,0,NULL
ofl,PlanningDocumentComment_STAGE,2,AuditConductionPlanningDocumentId,int,4,10,0,0,0,0,NULL
ofl,PlanningDocumentComment_STAGE,3,Comment,nvarchar,1200,0,0,0,0,0,NULL
ofl,PlanningDocumentComment_STAGE,4,IsActive,bit,1,1,0,1,0,0,NULL
ofl,PlanningDocumentComment_STAGE,5,CreatedBy,int,4,10,0,1,0,0,NULL
ofl,PlanningDocumentComment_STAGE,6,CreatedDate,datetime,8,23,3,1,0,0,NULL
ofl,PlanningDocumentComment_STAGE,7,UpdatedBy,int,4,10,0,1,0,0,NULL
ofl,PlanningDocumentComment_STAGE,8,UpdatedDate,datetime,8,23,3,1,0,0,NULL
ofl,PlanningDocumentComment_STAGE,9,IsDeleted,bit,1,1,0,1,0,0,NULL
ofl,PlanningDocumentComment_STAGE,10,DeletedBy,int,4,10,0,1,0,0,NULL
ofl,PlanningDocumentComment_STAGE,11,DeletedDate,datetime,8,23,3,1,0,0,NULL
ofl,PlanningDocumentComment_STAGE,12,DeleteReason,nvarchar,1000,0,0,1,0,0,NULL
ofl,PlanningDocumentRequisition_STAGE,1,PlanningDocumentRequisitionId,int,4,10,0,0,1,0,NULL
ofl,PlanningDocumentRequisition_STAGE,2,AuditConductionPlanningDocumentId,int,4,10,0,0,0,0,NULL
ofl,PlanningDocumentRequisition_STAGE,3,SlotName,nvarchar,400,0,0,1,0,0,NULL
ofl,PlanningDocumentRequisition_STAGE,4,ExpectedReceiveDate,datetime,8,23,3,1,0,0,NULL
ofl,PlanningDocumentRequisition_STAGE,5,ActualReceiveDate,datetime,8,23,3,1,0,0,NULL
ofl,PlanningDocumentRequisition_STAGE,6,DocumentId,int,4,10,0,1,0,0,NULL
ofl,PlanningDocumentRequisition_STAGE,7,Remarks,nvarchar,1000,0,0,1,0,0,NULL
ofl,PlanningDocumentRequisition_STAGE,8,IsActive,bit,1,1,0,1,0,0,NULL
ofl,PlanningDocumentRequisition_STAGE,9,CreatedBy,int,4,10,0,1,0,0,NULL
ofl,PlanningDocumentRequisition_STAGE,10,CreatedDate,datetime,8,23,3,1,0,0,NULL
ofl,PlanningDocumentRequisition_STAGE,11,UpdatedBy,int,4,10,0,1,0,0,NULL
ofl,PlanningDocumentRequisition_STAGE,12,UpdatedDate,datetime,8,23,3,1,0,0,NULL
ofl,PlanningDocumentRequisition_STAGE,13,IsDeleted,bit,1,1,0,1,0,0,NULL
ofl,PlanningDocumentRequisition_STAGE,14,DeletedBy,int,4,10,0,1,0,0,NULL
ofl,PlanningDocumentRequisition_STAGE,15,DeletedDate,datetime,8,23,3,1,0,0,NULL
ofl,PlanningDocumentRequisition_STAGE,16,DeleteReason,nvarchar,1000,0,0,1,0,0,NULL
ofl,PlanningDocumentRequisitionSlotDetail_STAGE,1,PlanningDocumentRequisitionSlotDetailId,int,4,10,0,0,1,0,NULL
ofl,PlanningDocumentRequisitionSlotDetail_STAGE,2,PlanningDocumentRequisitionId,int,4,10,0,0,0,0,NULL
ofl,PlanningDocumentRequisitionSlotDetail_STAGE,3,DocumentId,int,4,10,0,1,0,0,NULL
ofl,PlanningDocumentRequisitionSlotDetail_STAGE,4,SlotDetailName,nvarchar,1200,0,0,0,0,0,NULL
ofl,PlanningDocumentRequisitionSlotDetail_STAGE,5,Remarks,nvarchar,1000,0,0,1,0,0,NULL
ofl,PlanningDocumentRequisitionSlotDetail_STAGE,6,IsActive,bit,1,1,0,1,0,0,NULL
ofl,PlanningDocumentRequisitionSlotDetail_STAGE,7,CreatedBy,int,4,10,0,1,0,0,NULL
ofl,PlanningDocumentRequisitionSlotDetail_STAGE,8,CreatedDate,datetime,8,23,3,1,0,0,NULL
ofl,PlanningDocumentRequisitionSlotDetail_STAGE,9,UpdatedBy,int,4,10,0,1,0,0,NULL
ofl,PlanningDocumentRequisitionSlotDetail_STAGE,10,UpdatedDate,datetime,8,23,3,1,0,0,NULL
ofl,PlanningDocumentRequisitionSlotDetail_STAGE,11,IsDeleted,bit,1,1,0,1,0,0,NULL
ofl,PlanningDocumentRequisitionSlotDetail_STAGE,12,DeletedBy,int,4,10,0,1,0,0,NULL
ofl,PlanningDocumentRequisitionSlotDetail_STAGE,13,DeletedDate,datetime,8,23,3,1,0,0,NULL
ofl,PlanningDocumentRequisitionSlotDetail_STAGE,14,DeleteReason,nvarchar,1000,0,0,1,0,0,NULL
ofl,Programme_STAGE,1,ProgrammeId,int,4,10,0,0,1,0,NULL
ofl,Programme_STAGE,2,CountryId,int,4,10,0,1,0,0,NULL
ofl,Programme_STAGE,3,ProgrammeGroupId,int,4,10,0,1,0,0,NULL
ofl,Programme_STAGE,4,RefId,nvarchar,100,0,0,1,0,0,NULL
ofl,Programme_STAGE,5,ProgrammeName,nvarchar,300,0,0,0,0,0,NULL
ofl,Programme_STAGE,6,ShortName,nvarchar,100,0,0,1,0,0,NULL
ofl,Programme_STAGE,7,ProgrammeCode,nvarchar,30,0,0,1,0,0,NULL
ofl,Programme_STAGE,8,HrCoreProgrammeId,varchar,10,0,0,1,0,0,NULL
ofl,Programme_STAGE,9,IsInception,bit,1,1,0,1,0,0,NULL
ofl,Programme_STAGE,10,InceptionLabel,nvarchar,100,0,0,1,0,0,NULL
ofl,Programme_STAGE,11,IsActive,bit,1,1,0,0,0,0,NULL
ofl,Programme_STAGE,12,IsSync,bit,1,1,0,1,0,0,NULL
ofl,Programme_STAGE,13,StartDate,datetime,8,23,3,1,0,0,NULL
ofl,Programme_STAGE,14,EndDate,datetime,8,23,3,1,0,0,NULL
ofl,Programme_STAGE,15,CreatedBy,int,4,10,0,1,0,0,NULL
ofl,Programme_STAGE,16,CreatedDate,datetime,8,23,3,1,0,0,NULL
ofl,Programme_STAGE,17,UpdatedBy,int,4,10,0,1,0,0,NULL
ofl,Programme_STAGE,18,UpdatedDate,datetime,8,23,3,1,0,0,NULL
ofl,Programme_STAGE,19,IsDeleted,bit,1,1,0,1,0,0,NULL
ofl,Programme_STAGE,20,DeletedBy,int,4,10,0,1,0,0,NULL
ofl,Programme_STAGE,21,DeletedDate,datetime,8,23,3,1,0,0,NULL
ofl,Programme_STAGE,22,DeleteReason,nvarchar,1000,0,0,1,0,0,NULL
ofl,ProgrammeGroup_STAGE,1,ProgrammeGroupId,int,4,10,0,0,1,0,NULL
ofl,ProgrammeGroup_STAGE,2,CountryId,int,4,10,0,1,0,0,NULL
ofl,ProgrammeGroup_STAGE,3,ProgrammeGroupCode,nvarchar,40,0,0,0,0,0,NULL
ofl,ProgrammeGroup_STAGE,4,ProgrammeGroupName,nvarchar,500,0,0,0,0,0,NULL
ofl,ProgrammeGroup_STAGE,5,ShortName,nvarchar,100,0,0,1,0,0,NULL
ofl,ProgrammeGroup_STAGE,6,IsInception,bit,1,1,0,1,0,0,NULL
ofl,ProgrammeGroup_STAGE,7,InceptionLabel,nvarchar,500,0,0,1,0,0,NULL
ofl,ProgrammeGroup_STAGE,8,IsActive,bit,1,1,0,0,0,0,NULL
ofl,ProgrammeGroup_STAGE,9,CreatedBy,int,4,10,0,1,0,0,NULL
ofl,ProgrammeGroup_STAGE,10,CreatedDate,datetime,8,23,3,1,0,0,NULL
ofl,ProgrammeGroup_STAGE,11,UpdatedBy,int,4,10,0,1,0,0,NULL
ofl,ProgrammeGroup_STAGE,12,UpdatedDate,datetime,8,23,3,1,0,0,NULL
ofl,ProgrammeGroup_STAGE,13,IsDeleted,bit,1,1,0,1,0,0,NULL
ofl,ProgrammeGroup_STAGE,14,DeletedBy,int,4,10,0,1,0,0,NULL
ofl,ProgrammeGroup_STAGE,15,DeletedDate,datetime,8,23,3,1,0,0,NULL
ofl,ProgrammeGroup_STAGE,16,DeleteReason,nvarchar,1000,0,0,1,0,0,NULL
ofl,ProgrammeGroupProgramme_STAGE,1,ProgrammeGroupProgrammeId,int,4,10,0,0,1,0,NULL
ofl,ProgrammeGroupProgramme_STAGE,2,ProgrammeGroupId,int,4,10,0,0,0,0,NULL
ofl,ProgrammeGroupProgramme_STAGE,3,ProgrammeId,int,4,10,0,0,0,0,NULL
ofl,ProgrammeGroupProgramme_STAGE,4,IsActive,bit,1,1,0,1,0,0,NULL
ofl,ProgrammeGroupProgramme_STAGE,5,IsSync,bit,1,1,0,1,0,0,NULL
ofl,ProgrammeGroupProgramme_STAGE,6,CreatedBy,int,4,10,0,1,0,0,NULL
ofl,ProgrammeGroupProgramme_STAGE,7,CreatedDate,datetime,8,23,3,1,0,0,NULL
ofl,ProgrammeGroupProgramme_STAGE,8,UpdatedBy,int,4,10,0,1,0,0,NULL
ofl,ProgrammeGroupProgramme_STAGE,9,UpdatedDate,datetime,8,23,3,1,0,0,NULL
ofl,ProgrammeGroupProgramme_STAGE,10,IsDeleted,bit,1,1,0,1,0,0,NULL
ofl,ProgrammeGroupProgramme_STAGE,11,DeletedBy,int,4,10,0,1,0,0,NULL
ofl,ProgrammeGroupProgramme_STAGE,12,DeletedDate,datetime,8,23,3,1,0,0,NULL
ofl,ProgrammeGroupProgramme_STAGE,13,DeleteReason,nvarchar,1000,0,0,1,0,0,NULL
ofl,ProgrammeSubProgramme_STAGE,1,ProgrammeSubProgrammeId,int,4,10,0,0,1,0,NULL
ofl,ProgrammeSubProgramme_STAGE,2,ProgrammeGroupId,int,4,10,0,0,0,0,NULL
ofl,ProgrammeSubProgramme_STAGE,3,ProgrammeId,int,4,10,0,0,0,0,NULL
ofl,ProgrammeSubProgramme_STAGE,4,SubProgrammeId,int,4,10,0,0,0,0,NULL
ofl,ProgrammeSubProgramme_STAGE,5,IsActive,bit,1,1,0,1,0,0,NULL
ofl,ProgrammeSubProgramme_STAGE,6,IsSync,bit,1,1,0,1,0,0,NULL
ofl,ProgrammeSubProgramme_STAGE,7,CreatedBy,int,4,10,0,1,0,0,NULL
ofl,ProgrammeSubProgramme_STAGE,8,CreatedDate,datetime,8,23,3,1,0,0,NULL
ofl,ProgrammeSubProgramme_STAGE,9,UpdatedBy,int,4,10,0,1,0,0,NULL
ofl,ProgrammeSubProgramme_STAGE,10,UpdatedDate,datetime,8,23,3,1,0,0,NULL
ofl,ProgrammeSubProgramme_STAGE,11,IsDeleted,bit,1,1,0,1,0,0,NULL
ofl,ProgrammeSubProgramme_STAGE,12,DeletedBy,int,4,10,0,1,0,0,NULL
ofl,ProgrammeSubProgramme_STAGE,13,DeletedDate,datetime,8,23,3,1,0,0,NULL
ofl,ProgrammeSubProgramme_STAGE,14,DeleteReason,nvarchar,1000,0,0,1,0,0,NULL
ofl,Project_STAGE,1,ProjectId,int,4,10,0,0,1,0,NULL
ofl,Project_STAGE,2,CountryId,int,4,10,0,1,0,0,NULL
ofl,Project_STAGE,3,ProgrammeId,int,4,10,0,1,0,0,NULL
ofl,Project_STAGE,4,SubProgrammeId,int,4,10,0,1,0,0,NULL
ofl,Project_STAGE,5,RefId,varchar,50,0,0,1,0,0,NULL
ofl,Project_STAGE,6,ProjectName,nvarchar,300,0,0,0,0,0,NULL
ofl,Project_STAGE,7,ProjectCode,varchar,15,0,0,1,0,0,NULL
ofl,Project_STAGE,8,ProjectShortName,nvarchar,300,0,0,1,0,0,NULL
ofl,Project_STAGE,9,IsInception,bit,1,1,0,1,0,0,NULL
ofl,Project_STAGE,10,InceptionLabel,nvarchar,100,0,0,1,0,0,NULL
ofl,Project_STAGE,11,IsActive,bit,1,1,0,1,0,0,NULL
ofl,Project_STAGE,12,IsSync,bit,1,1,0,1,0,0,NULL
ofl,Project_STAGE,13,StartDate,datetime,8,23,3,1,0,0,NULL
ofl,Project_STAGE,14,EndDate,datetime,8,23,3,1,0,0,NULL
ofl,Project_STAGE,15,CreatedBy,int,4,10,0,1,0,0,NULL
ofl,Project_STAGE,16,CreatedDate,datetime,8,23,3,1,0,0,NULL
ofl,Project_STAGE,17,UpdatedBy,int,4,10,0,1,0,0,NULL
ofl,Project_STAGE,18,UpdatedDate,datetime,8,23,3,1,0,0,NULL
ofl,Project_STAGE,19,IsDeleted,bit,1,1,0,1,0,0,NULL
ofl,Project_STAGE,20,DeletedBy,int,4,10,0,1,0,0,NULL
ofl,Project_STAGE,21,DeletedDate,datetime,8,23,3,1,0,0,NULL
ofl,Project_STAGE,22,DeleteReason,nvarchar,1000,0,0,1,0,0,NULL
ofl,QueryDataDictionary_STAGE,1,Id,uniqueidentifier,16,0,0,0,0,0,NULL
ofl,QueryDataDictionary_STAGE,2,FormKey,varchar,250,0,0,0,0,0,NULL
ofl,QueryDataDictionary_STAGE,3,UserId,int,4,10,0,1,0,0,NULL
ofl,QueryDataDictionary_STAGE,4,FormValue,nvarchar,-1,0,0,1,0,0,NULL
ofl,QueryDataDictionary_STAGE,5,IsDeleted,bit,1,1,0,1,0,0,NULL
ofl,QueryDataDictionary_STAGE,6,DeletedBy,int,4,10,0,1,0,0,NULL
ofl,QueryDataDictionary_STAGE,7,DeletedDate,datetime,8,23,3,1,0,0,NULL
ofl,ReportContent_STAGE,1,ReportContentId,int,4,10,0,0,1,0,NULL
ofl,ReportContent_STAGE,2,ReportContentName,nvarchar,500,0,0,0,0,0,NULL
ofl,ReportContent_STAGE,3,Description,nvarchar,1000,0,0,1,0,0,NULL
ofl,ReportContent_STAGE,4,IsActive,bit,1,1,0,0,0,0,NULL
ofl,ReportContent_STAGE,5,CreatedBy,int,4,10,0,1,0,0,NULL
ofl,ReportContent_STAGE,6,CreatedTime,datetime,8,23,3,1,0,0,NULL
ofl,ReportContent_STAGE,7,ModifyBy,int,4,10,0,1,0,0,NULL
ofl,ReportContent_STAGE,8,ModifyTime,datetime,8,23,3,1,0,0,NULL
ofl,ReportContent_STAGE,9,IsDeleted,bit,1,1,0,1,0,0,NULL
ofl,ReportContent_STAGE,10,DeletedBy,int,4,10,0,1,0,0,NULL
ofl,ReportContent_STAGE,11,DeletedOn,datetime,8,23,3,1,0,0,NULL
ofl,ReportContentHeading_STAGE,1,ReportContentHeadingId,int,4,10,0,0,1,0,NULL
ofl,ReportContentHeading_STAGE,2,HeadingDataTypeId,int,4,10,0,0,0,0,NULL
ofl,ReportContentHeading_STAGE,3,ReportContentHeadingName,nvarchar,500,0,0,0,0,0,NULL
ofl,ReportContentHeading_STAGE,4,Description,nvarchar,1000,0,0,1,0,0,NULL
ofl,ReportContentHeading_STAGE,5,IsActive,bit,1,1,0,0,0,0,NULL
ofl,ReportContentHeading_STAGE,6,CreatedBy,int,4,10,0,1,0,0,NULL
ofl,ReportContentHeading_STAGE,7,CreatedTime,datetime,8,23,3,1,0,0,NULL
ofl,ReportContentHeading_STAGE,8,ModifyBy,int,4,10,0,1,0,0,NULL
ofl,ReportContentHeading_STAGE,9,ModifyTime,datetime,8,23,3,1,0,0,NULL
ofl,ReportContentHeading_STAGE,10,IsDeleted,bit,1,1,0,1,0,0,NULL
ofl,ReportContentHeading_STAGE,11,DeletedBy,int,4,10,0,1,0,0,NULL
ofl,ReportContentHeading_STAGE,12,DeletedOn,datetime,8,23,3,1,0,0,NULL
ofl,ReportTemplate_STAGE,1,ReportTemplateId,int,4,10,0,0,1,0,NULL
ofl,ReportTemplate_STAGE,2,ReportTemplateName,nvarchar,500,0,0,0,0,0,NULL
ofl,ReportTemplate_STAGE,3,Description,nvarchar,1000,0,0,1,0,0,NULL
ofl,ReportTemplate_STAGE,4,IsActive,bit,1,1,0,0,0,0,NULL
ofl,ReportTemplate_STAGE,5,CreatedBy,int,4,10,0,1,0,0,NULL
ofl,ReportTemplate_STAGE,6,CreatedTime,datetime,8,23,3,1,0,0,NULL
ofl,ReportTemplate_STAGE,7,ModifyBy,int,4,10,0,1,0,0,NULL
ofl,ReportTemplate_STAGE,8,ModifyTime,datetime,8,23,3,1,0,0,NULL
ofl,ReportTemplate_STAGE,9,IsDeleted,bit,1,1,0,1,0,0,NULL
ofl,ReportTemplate_STAGE,10,DeletedBy,int,4,10,0,1,0,0,NULL
ofl,ReportTemplate_STAGE,11,DeletedOn,datetime,8,23,3,1,0,0,NULL
ofl,ReportType_STAGE,1,ReportTypeId,int,4,10,0,0,1,0,NULL
ofl,ReportType_STAGE,2,ReportTypeName,nvarchar,500,0,0,0,0,0,NULL
ofl,ReportType_STAGE,3,Description,nvarchar,5000,0,0,1,0,0,NULL
ofl,ReportType_STAGE,4,IsActive,bit,1,1,0,0,0,0,NULL
ofl,ReportType_STAGE,5,IsAuditCycleConfigurable,bit,1,1,0,0,0,0,NULL
ofl,ReportType_STAGE,6,StartDate,date,3,10,0,1,0,0,NULL
ofl,ReportType_STAGE,7,EndDate,date,3,10,0,1,0,0,NULL
ofl,ReportType_STAGE,8,CreatedBy,int,4,10,0,1,0,0,NULL
ofl,ReportType_STAGE,9,CreatedDate,datetime,8,23,3,1,0,0,NULL
ofl,ReportType_STAGE,10,UpdatedBy,int,4,10,0,1,0,0,NULL
ofl,ReportType_STAGE,11,UpdatedDate,datetime,8,23,3,1,0,0,NULL
ofl,ReportType_STAGE,12,IsDeleted,bit,1,1,0,1,0,0,NULL
ofl,ReportType_STAGE,13,DeletedBy,int,4,10,0,1,0,0,NULL
ofl,ReportType_STAGE,14,DeletedDate,datetime,8,23,3,1,0,0,NULL
ofl,ReportType_STAGE,15,DeleteReason,nvarchar,1000,0,0,1,0,0,NULL
ofl,ReportWritingAnnexure_STAGE,1,ReportWritingAnnexureId,int,4,10,0,0,1,0,NULL
ofl,ReportWritingAnnexure_STAGE,2,AuditScheduleId,int,4,10,0,1,0,0,NULL
ofl,ReportWritingAnnexure_STAGE,3,AuditConductionId,int,4,10,0,1,0,0,NULL
ofl,ReportWritingAnnexure_STAGE,4,AudConObsId,int,4,10,0,1,0,0,NULL
ofl,ReportWritingAnnexure_STAGE,5,Headlines,nvarchar,-1,0,0,1,0,0,NULL
ofl,ReportWritingAnnexure_STAGE,6,KeyFindings,nvarchar,-1,0,0,1,0,0,NULL
ofl,ReportWritingAnnexure_STAGE,7,ProgramOperation,nvarchar,-1,0,0,1,0,0,NULL
ofl,ReportWritingAnnexure_STAGE,8,RecommendationKeyFindings,nvarchar,-1,0,0,1,0,0,NULL
ofl,ReportWritingAnnexure_STAGE,9,ManagementResponse,nvarchar,-1,0,0,1,0,0,NULL
ofl,ReportWritingAnnexure_STAGE,10,IsActive,bit,1,1,0,1,0,0,NULL
ofl,ReportWritingAnnexure_STAGE,11,CreatedBy,int,4,10,0,1,0,0,NULL
ofl,ReportWritingAnnexure_STAGE,12,CreatedDate,datetime,8,23,3,1,0,0,NULL
ofl,ReportWritingAnnexure_STAGE,13,UpdatedBy,int,4,10,0,1,0,0,NULL
ofl,ReportWritingAnnexure_STAGE,14,UpdatedDate,datetime,8,23,3,1,0,0,NULL
ofl,ReportWritingAnnexure_STAGE,15,IsDeleted,bit,1,1,0,1,0,0,NULL
ofl,ReportWritingAnnexure_STAGE,16,DeletedBy,int,4,10,0,1,0,0,NULL
ofl,ReportWritingAnnexure_STAGE,17,DeletedDate,datetime,8,23,3,1,0,0,NULL
ofl,ReportWritingAnnexure_STAGE,18,DeleteReason,nchar,20,0,0,1,0,0,NULL
ofl,ReportWritingAPR_STAGE,1,ReportWritingAPRId,int,4,10,0,0,1,0,NULL
ofl,ReportWritingAPR_STAGE,2,ContainerContainId,int,4,10,0,1,0,0,NULL
ofl,ReportWritingAPR_STAGE,3,AuditScheduleId,int,4,10,0,1,0,0,NULL
ofl,ReportWritingAPR_STAGE,4,AuditConductionId,int,4,10,0,1,0,0,NULL
ofl,ReportWritingAPR_STAGE,5,BranchId,int,4,10,0,1,0,0,NULL
ofl,ReportWritingAPR_STAGE,6,BranchName,varchar,150,0,0,1,0,0,NULL
ofl,ReportWritingAPR_STAGE,7,ProjectId,int,4,10,0,1,0,0,NULL
ofl,ReportWritingAPR_STAGE,8,ProjectName,varchar,150,0,0,1,0,0,NULL
ofl,ReportWritingAPR_STAGE,9,ObservationCategoryId,int,4,10,0,1,0,0,NULL
ofl,ReportWritingAPR_STAGE,10,ObservationCategory,varchar,150,0,0,1,0,0,NULL
ofl,ReportWritingAPR_STAGE,11,ObservationId,int,4,10,0,1,0,0,NULL
ofl,ReportWritingAPR_STAGE,12,ObservationTitle,varchar,150,0,0,1,0,0,NULL
ofl,ReportWritingAPR_STAGE,13,ObservationAmount,varchar,150,0,0,1,0,0,NULL
ofl,ReportWritingAPR_STAGE,14,ObservationGradeId,int,4,10,0,1,0,0,NULL
ofl,ReportWritingAPR_STAGE,15,ObservationGrade,varchar,50,0,0,1,0,0,NULL
ofl,ReportWritingAPR_STAGE,16,GradColor,varchar,150,0,0,1,0,0,NULL
ofl,ReportWritingAPR_STAGE,17,OservationGradeWeight,int,4,10,0,1,0,0,NULL
ofl,ReportWritingAPR_STAGE,18,SampleSize,int,4,10,0,1,0,0,NULL
ofl,ReportWritingAPR_STAGE,19,Instance,int,4,10,0,1,0,0,NULL
ofl,ReportWritingAPR_STAGE,20,AuditPerformance,varchar,150,0,0,1,0,0,NULL
ofl,ReportWritingAPR_STAGE,21,RiskWeightOfSampleSize,int,4,10,0,1,0,0,NULL
ofl,ReportWritingAPR_STAGE,22,Unsatisfactory,int,4,10,0,1,0,0,NULL
ofl,ReportWritingAPR_STAGE,23,Majar,int,4,10,0,1,0,0,NULL
ofl,ReportWritingAPR_STAGE,24,Minor,int,4,10,0,1,0,0,NULL
ofl,ReportWritingAPR_STAGE,25,Total,int,4,10,0,1,0,0,NULL
ofl,ReportWritingAPR_STAGE,26,IsActive,bit,1,1,0,0,0,0,NULL
ofl,ReportWritingAPR_STAGE,27,CreatedBy,int,4,10,0,1,0,0,NULL
ofl,ReportWritingAPR_STAGE,28,CreatedDate,datetime,8,23,3,1,0,0,NULL
ofl,ReportWritingAPR_STAGE,29,UpdatedBy,int,4,10,0,1,0,0,NULL
ofl,ReportWritingAPR_STAGE,30,UpdatedDate,datetime,8,23,3,1,0,0,NULL
ofl,ReportWritingAPR_STAGE,31,IsDeleted,bit,1,1,0,1,0,0,NULL
ofl,ReportWritingAPR_STAGE,32,DeletedBy,int,4,10,0,1,0,0,NULL
ofl,ReportWritingAPR_STAGE,33,DeletedDate,datetime,8,23,3,1,0,0,NULL
ofl,ReportWritingAPR_STAGE,34,DeleteReason,nvarchar,1000,0,0,1,0,0,NULL
ofl,ReportWritingBasicInformation_STAGE,1,ReportWritingBasicInfoId,int,4,10,0,0,1,0,NULL
ofl,ReportWritingBasicInformation_STAGE,2,AuditScheduleId,int,4,10,0,0,0,0,NULL
ofl,ReportWritingBasicInformation_STAGE,3,AuditConductionId,int,4,10,0,0,0,0,NULL
ofl,ReportWritingBasicInformation_STAGE,4,BranchId,int,4,10,0,0,0,0,NULL
ofl,ReportWritingBasicInformation_STAGE,5,BranchName,varchar,150,0,0,0,0,0,NULL
ofl,ReportWritingBasicInformation_STAGE,6,BranchLocation,varchar,150,0,0,1,0,0,NULL
ofl,ReportWritingBasicInformation_STAGE,7,BranchManagerPIN,varchar,8,0,0,1,0,0,NULL
ofl,ReportWritingBasicInformation_STAGE,8,BranchManagerName,varchar,150,0,0,1,0,0,NULL
ofl,ReportWritingBasicInformation_STAGE,9,BranchManagerDOJ,datetime,8,23,3,1,0,0,NULL
ofl,ReportWritingBasicInformation_STAGE,10,AreaId,int,4,10,0,1,0,0,NULL
ofl,ReportWritingBasicInformation_STAGE,11,AreaName,varchar,150,0,0,1,0,0,NULL
ofl,ReportWritingBasicInformation_STAGE,12,AreaManagerPIN,varchar,8,0,0,1,0,0,NULL
ofl,ReportWritingBasicInformation_STAGE,13,AreaManagerName,varchar,150,0,0,1,0,0,NULL
ofl,ReportWritingBasicInformation_STAGE,14,UpazilaAccountManagerPIN,varchar,8,0,0,1,0,0,NULL
ofl,ReportWritingBasicInformation_STAGE,15,UpazilaAccountManagerName,varchar,150,0,0,1,0,0,NULL
ofl,ReportWritingBasicInformation_STAGE,16,RegionId,int,4,10,0,1,0,0,NULL
ofl,ReportWritingBasicInformation_STAGE,17,RegionName,varchar,150,0,0,1,0,0,NULL
ofl,ReportWritingBasicInformation_STAGE,18,RegionalManagerPIN,varchar,8,0,0,1,0,0,NULL
ofl,ReportWritingBasicInformation_STAGE,19,RegionalManagerName,varchar,150,0,0,1,0,0,NULL
ofl,ReportWritingBasicInformation_STAGE,20,ProgrammeEstablishmentYear,int,4,10,0,1,0,0,NULL
ofl,ReportWritingBasicInformation_STAGE,21,TotalNumberOfFieldOrganization,int,4,10,0,1,0,0,NULL
ofl,ReportWritingBasicInformation_STAGE,22,ActiveFieldOrganization,int,4,10,0,1,0,0,NULL
ofl,ReportWritingBasicInformation_STAGE,23,InActiveFieldOrganization,int,4,10,0,1,0,0,NULL
ofl,ReportWritingBasicInformation_STAGE,24,TotalMember,int,4,10,0,1,0,0,NULL
ofl,ReportWritingBasicInformation_STAGE,25,ActiveMember,int,4,10,0,1,0,0,NULL
ofl,ReportWritingBasicInformation_STAGE,26,InActiveMember,int,4,10,0,1,0,0,NULL
ofl,ReportWritingBasicInformation_STAGE,27,NumberOfBorrower,int,4,10,0,1,0,0,NULL
ofl,ReportWritingBasicInformation_STAGE,28,TotalPO,int,4,10,0,1,0,0,NULL
ofl,ReportWritingBasicInformation_STAGE,29,VOPerPO,int,4,10,0,1,0,0,NULL
ofl,ReportWritingBasicInformation_STAGE,30,BorrowerPerPO,int,4,10,0,1,0,0,NULL
ofl,ReportWritingBasicInformation_STAGE,31,IsActive,bit,1,1,0,0,0,0,NULL
ofl,ReportWritingBasicInformation_STAGE,32,CreatedBy,int,4,10,0,1,0,0,NULL
ofl,ReportWritingBasicInformation_STAGE,33,CreatedDate,datetime,8,23,3,1,0,0,NULL
ofl,ReportWritingBasicInformation_STAGE,34,UpdatedBy,int,4,10,0,1,0,0,NULL
ofl,ReportWritingBasicInformation_STAGE,35,UpdatedDate,datetime,8,23,3,1,0,0,NULL
ofl,ReportWritingBasicInformation_STAGE,36,IsDeleted,bit,1,1,0,1,0,0,NULL
ofl,ReportWritingBasicInformation_STAGE,37,DeletedBy,int,4,10,0,1,0,0,NULL
ofl,ReportWritingBasicInformation_STAGE,38,DeletedDate,datetime,8,23,3,1,0,0,NULL
ofl,ReportWritingBasicInformation_STAGE,39,DeleteReason,nvarchar,1000,0,0,1,0,0,NULL
ofl,ReportWritingBasicInformation_STAGE,40,RegionalAccountManagerPIN,varchar,8,0,0,1,0,0,NULL
ofl,ReportWritingBasicInformation_STAGE,41,RegionalAccountManagerName,varchar,150,0,0,1,0,0,NULL
ofl,ReportWritingBasicInformation_STAGE,42,UpazilaName,nvarchar,300,0,0,1,0,0,NULL
ofl,ReportWritingConplianceExternal_STAGE,1,ReportWritingConplianceExternalId,int,4,10,0,0,1,0,NULL
ofl,ReportWritingConplianceExternal_STAGE,2,Year,int,4,10,0,1,0,0,NULL
ofl,ReportWritingConplianceExternal_STAGE,3,AuditScheduleId,int,4,10,0,1,0,0,NULL
ofl,ReportWritingConplianceExternal_STAGE,4,AuditConductionId,int,4,10,0,1,0,0,NULL
ofl,ReportWritingConplianceExternal_STAGE,5,BranchId,int,4,10,0,1,0,0,NULL
ofl,ReportWritingConplianceExternal_STAGE,6,ProjectId,int,4,10,0,1,0,0,NULL
ofl,ReportWritingConplianceExternal_STAGE,7,AudConObsTypeId,int,4,10,0,1,0,0,NULL
ofl,ReportWritingConplianceExternal_STAGE,8,ObservationId,int,4,10,0,1,0,0,NULL
ofl,ReportWritingConplianceExternal_STAGE,9,ObservationTitle,nvarchar,500,0,0,1,0,0,NULL
ofl,ReportWritingConplianceExternal_STAGE,10,ObservationCategoryId,int,4,10,0,1,0,0,NULL
ofl,ReportWritingConplianceExternal_STAGE,11,PeriodFromDate,datetime,8,23,3,1,0,0,NULL
ofl,ReportWritingConplianceExternal_STAGE,12,PeriodToDate,datetime,8,23,3,1,0,0,NULL
ofl,ReportWritingConplianceExternal_STAGE,13,ConplianceStatusId,int,4,10,0,1,0,0,NULL
ofl,ReportWritingConplianceExternal_STAGE,14,Comments,nvarchar,500,0,0,1,0,0,NULL
ofl,ReportWritingConplianceExternal_STAGE,15,Attachment,nvarchar,-1,0,0,1,0,0,NULL
ofl,ReportWritingConplianceExternal_STAGE,16,Amount,decimal,9,18,2,1,0,0,NULL
ofl,ReportWritingConplianceExternal_STAGE,17,IsPreviousYear,bit,1,1,0,1,0,0,NULL
ofl,ReportWritingConplianceExternal_STAGE,18,IsActive,bit,1,1,0,1,0,0,NULL
ofl,ReportWritingConplianceExternal_STAGE,19,CreatedBy,int,4,10,0,1,0,0,NULL
ofl,ReportWritingConplianceExternal_STAGE,20,CreatedDate,datetime,8,23,3,1,0,0,NULL
ofl,ReportWritingConplianceExternal_STAGE,21,UpdatedBy,int,4,10,0,1,0,0,NULL
ofl,ReportWritingConplianceExternal_STAGE,22,UpdatedDate,datetime,8,23,3,1,0,0,NULL
ofl,ReportWritingConplianceExternal_STAGE,23,IsDeleted,bit,1,1,0,1,0,0,NULL
ofl,ReportWritingConplianceExternal_STAGE,24,DeletedBy,int,4,10,0,1,0,0,NULL
ofl,ReportWritingConplianceExternal_STAGE,25,DeletedDate,datetime,8,23,3,1,0,0,NULL
ofl,ReportWritingConplianceExternal_STAGE,26,DeleteReason,nchar,20,0,0,1,0,0,NULL
ofl,ReportWritingConplianceICQ_STAGE,1,ReportWritingConplianceICQId,int,4,10,0,0,1,0,NULL
ofl,ReportWritingConplianceICQ_STAGE,2,Year,int,4,10,0,1,0,0,NULL
ofl,ReportWritingConplianceICQ_STAGE,3,AuditScheduleId,int,4,10,0,1,0,0,NULL
ofl,ReportWritingConplianceICQ_STAGE,4,AuditConductionId,int,4,10,0,1,0,0,NULL
ofl,ReportWritingConplianceICQ_STAGE,5,BranchId,int,4,10,0,1,0,0,NULL
ofl,ReportWritingConplianceICQ_STAGE,6,ProjectId,int,4,10,0,1,0,0,NULL
ofl,ReportWritingConplianceICQ_STAGE,7,PeriodFromDate,datetime,8,23,3,1,0,0,NULL
ofl,ReportWritingConplianceICQ_STAGE,8,PeriodToDate,datetime,8,23,3,1,0,0,NULL
ofl,ReportWritingConplianceICQ_STAGE,9,ReportWritingIcqCategoryId,int,4,10,0,1,0,0,NULL
ofl,ReportWritingConplianceICQ_STAGE,10,ReportWritingIcqParticularId,int,4,10,0,1,0,0,NULL
ofl,ReportWritingConplianceICQ_STAGE,11,ConplianceStatusId,int,4,10,0,1,0,0,NULL
ofl,ReportWritingConplianceICQ_STAGE,12,ConplianceResult,nvarchar,500,0,0,1,0,0,NULL
ofl,ReportWritingConplianceICQ_STAGE,13,Comments,nvarchar,500,0,0,1,0,0,NULL
ofl,ReportWritingConplianceICQ_STAGE,14,Attachment,nvarchar,-1,0,0,1,0,0,NULL
ofl,ReportWritingConplianceICQ_STAGE,15,IsPreviousYear,bit,1,1,0,1,0,0,NULL
ofl,ReportWritingConplianceICQ_STAGE,16,IsActive,bit,1,1,0,1,0,0,NULL
ofl,ReportWritingConplianceICQ_STAGE,17,CreatedBy,int,4,10,0,1,0,0,NULL
ofl,ReportWritingConplianceICQ_STAGE,18,CreatedDate,datetime,8,23,3,1,0,0,NULL
ofl,ReportWritingConplianceICQ_STAGE,19,UpdatedBy,int,4,10,0,1,0,0,NULL
ofl,ReportWritingConplianceICQ_STAGE,20,UpdatedDate,datetime,8,23,3,1,0,0,NULL
ofl,ReportWritingConplianceICQ_STAGE,21,IsDeleted,bit,1,1,0,1,0,0,NULL
ofl,ReportWritingConplianceICQ_STAGE,22,DeletedBy,int,4,10,0,1,0,0,NULL
ofl,ReportWritingConplianceICQ_STAGE,23,DeletedDate,datetime,8,23,3,1,0,0,NULL
ofl,ReportWritingConplianceICQ_STAGE,24,DeleteReason,nchar,20,0,0,1,0,0,NULL
ofl,ReportWritingConplianceInternal_STAGE,1,ReportWritingConplianceInternalId,int,4,10,0,0,1,0,NULL
ofl,ReportWritingConplianceInternal_STAGE,2,Year,int,4,10,0,1,0,0,NULL
ofl,ReportWritingConplianceInternal_STAGE,3,AuditScheduleId,int,4,10,0,1,0,0,NULL
ofl,ReportWritingConplianceInternal_STAGE,4,AuditConductionId,int,4,10,0,1,0,0,NULL
ofl,ReportWritingConplianceInternal_STAGE,5,BranchId,int,4,10,0,1,0,0,NULL
ofl,ReportWritingConplianceInternal_STAGE,6,ProjectId,int,4,10,0,1,0,0,NULL
ofl,ReportWritingConplianceInternal_STAGE,7,AudConObsTypeId,int,4,10,0,1,0,0,NULL
ofl,ReportWritingConplianceInternal_STAGE,8,ObservationId,int,4,10,0,1,0,0,NULL
ofl,ReportWritingConplianceInternal_STAGE,9,ObservationTitle,nvarchar,500,0,0,1,0,0,NULL
ofl,ReportWritingConplianceInternal_STAGE,10,ObservationCategoryId,int,4,10,0,1,0,0,NULL
ofl,ReportWritingConplianceInternal_STAGE,11,PeriodFromDate,datetime,8,23,3,1,0,0,NULL
ofl,ReportWritingConplianceInternal_STAGE,12,PeriodToDate,datetime,8,23,3,1,0,0,NULL
ofl,ReportWritingConplianceInternal_STAGE,13,Comments,nvarchar,500,0,0,1,0,0,NULL
ofl,ReportWritingConplianceInternal_STAGE,14,ConplianceStatusId,int,4,10,0,1,0,0,NULL
ofl,ReportWritingConplianceInternal_STAGE,15,PeriodStatus,nvarchar,500,0,0,1,0,0,NULL
ofl,ReportWritingConplianceInternal_STAGE,16,Attachment,nvarchar,-1,0,0,1,0,0,NULL
ofl,ReportWritingConplianceInternal_STAGE,17,Amount,decimal,9,18,2,1,0,0,NULL
ofl,ReportWritingConplianceInternal_STAGE,18,IsPreviousYear,bit,1,1,0,1,0,0,NULL
ofl,ReportWritingConplianceInternal_STAGE,19,IsActive,bit,1,1,0,1,0,0,NULL
ofl,ReportWritingConplianceInternal_STAGE,20,CreatedBy,int,4,10,0,1,0,0,NULL
ofl,ReportWritingConplianceInternal_STAGE,21,CreatedDate,datetime,8,23,3,1,0,0,NULL
ofl,ReportWritingConplianceInternal_STAGE,22,UpdatedBy,int,4,10,0,1,0,0,NULL
ofl,ReportWritingConplianceInternal_STAGE,23,UpdatedDate,datetime,8,23,3,1,0,0,NULL
ofl,ReportWritingConplianceInternal_STAGE,24,IsDeleted,bit,1,1,0,1,0,0,NULL
ofl,ReportWritingConplianceInternal_STAGE,25,DeletedBy,int,4,10,0,1,0,0,NULL
ofl,ReportWritingConplianceInternal_STAGE,26,DeletedDate,datetime,8,23,3,1,0,0,NULL
ofl,ReportWritingConplianceInternal_STAGE,27,DeleteReason,nchar,20,0,0,1,0,0,NULL
ofl,ReportWritingConplianceStatus_STAGE,1,ReportWritingConplianceStatusId,int,4,10,0,0,1,0,NULL
ofl,ReportWritingConplianceStatus_STAGE,2,StatusName,nvarchar,300,0,0,1,0,0,NULL
ofl,ReportWritingConplianceStatus_STAGE,3,StatusCode,nchar,20,0,0,1,0,0,NULL
ofl,ReportWritingConplianceStatus_STAGE,4,ColorCode,varchar,20,0,0,1,0,0,NULL
ofl,ReportWritingConplianceStatus_STAGE,5,IsActive,bit,1,1,0,1,0,0,NULL
ofl,ReportWritingConplianceStatus_STAGE,6,CreatedBy,int,4,10,0,1,0,0,NULL
ofl,ReportWritingConplianceStatus_STAGE,7,CreatedDate,datetime,8,23,3,1,0,0,NULL
ofl,ReportWritingConplianceStatus_STAGE,8,UpdatedBy,int,4,10,0,1,0,0,NULL
ofl,ReportWritingConplianceStatus_STAGE,9,UpdatedDate,datetime,8,23,3,1,0,0,NULL
ofl,ReportWritingConplianceStatus_STAGE,10,IsDeleted,bit,1,1,0,1,0,0,NULL
ofl,ReportWritingConplianceStatus_STAGE,11,DeletedBy,int,4,10,0,1,0,0,NULL
ofl,ReportWritingConplianceStatus_STAGE,12,DeletedDate,datetime,8,23,3,1,0,0,NULL
ofl,ReportWritingConplianceStatus_STAGE,13,DeleteReason,nchar,20,0,0,1,0,0,NULL
ofl,ReportWritingEngagementBackground_STAGE,1,ReportWritingEngagementBackgroundId,int,4,10,0,0,1,0,NULL
ofl,ReportWritingEngagementBackground_STAGE,2,AuditScheduleId,int,4,10,0,1,0,0,NULL
ofl,ReportWritingEngagementBackground_STAGE,3,AuditConductionId,int,4,10,0,1,0,0,NULL
ofl,ReportWritingEngagementBackground_STAGE,4,IsActive,bit,1,1,0,1,0,0,NULL
ofl,ReportWritingEngagementBackground_STAGE,5,Indroduction,nvarchar,-1,0,0,1,0,0,NULL
ofl,ReportWritingEngagementBackground_STAGE,6,Objective,nvarchar,-1,0,0,1,0,0,NULL
ofl,ReportWritingEngagementBackground_STAGE,7,EngagementScope,nvarchar,-1,0,0,1,0,0,NULL
ofl,ReportWritingEngagementBackground_STAGE,8,Disclosure,nvarchar,-1,0,0,1,0,0,NULL
ofl,ReportWritingEngagementBackground_STAGE,9,CreatedBy,int,4,10,0,1,0,0,NULL
ofl,ReportWritingEngagementBackground_STAGE,10,CreatedDate,datetime,8,23,3,1,0,0,NULL
ofl,ReportWritingEngagementBackground_STAGE,11,UpdatedBy,int,4,10,0,1,0,0,NULL
ofl,ReportWritingEngagementBackground_STAGE,12,UpdatedDate,datetime,8,23,3,1,0,0,NULL
ofl,ReportWritingEngagementBackground_STAGE,13,IsDeleted,bit,1,1,0,1,0,0,NULL
ofl,ReportWritingEngagementBackground_STAGE,14,DeletedBy,int,4,10,0,1,0,0,NULL
ofl,ReportWritingEngagementBackground_STAGE,15,DeletedDate,datetime,8,23,3,1,0,0,NULL
ofl,ReportWritingEngagementBackground_STAGE,16,DeleteReason,nchar,20,0,0,1,0,0,NULL
ofl,ReportWritingExecutiveSummary_STAGE,1,ReportWritingExecutiveSummaryId,int,4,10,0,0,1,0,NULL
ofl,ReportWritingExecutiveSummary_STAGE,2,AuditScheduleId,int,4,10,0,1,0,0,NULL
ofl,ReportWritingExecutiveSummary_STAGE,3,AuditConductionId,int,4,10,0,1,0,0,NULL
ofl,ReportWritingExecutiveSummary_STAGE,4,Headlines,nvarchar,-1,0,0,1,0,0,NULL
ofl,ReportWritingExecutiveSummary_STAGE,5,KeyFindings,nvarchar,-1,0,0,1,0,0,NULL
ofl,ReportWritingExecutiveSummary_STAGE,6,ProgramOperation,nvarchar,-1,0,0,1,0,0,NULL
ofl,ReportWritingExecutiveSummary_STAGE,7,RecommendationKeyFindings,nvarchar,-1,0,0,1,0,0,NULL
ofl,ReportWritingExecutiveSummary_STAGE,8,ManagementResponse,nvarchar,-1,0,0,1,0,0,NULL
ofl,ReportWritingExecutiveSummary_STAGE,9,IsActive,bit,1,1,0,1,0,0,NULL
ofl,ReportWritingExecutiveSummary_STAGE,10,CreatedBy,int,4,10,0,1,0,0,NULL
ofl,ReportWritingExecutiveSummary_STAGE,11,CreatedDate,datetime,8,23,3,1,0,0,NULL
ofl,ReportWritingExecutiveSummary_STAGE,12,UpdatedBy,int,4,10,0,1,0,0,NULL
ofl,ReportWritingExecutiveSummary_STAGE,13,UpdatedDate,datetime,8,23,3,1,0,0,NULL
ofl,ReportWritingExecutiveSummary_STAGE,14,IsDeleted,bit,1,1,0,1,0,0,NULL
ofl,ReportWritingExecutiveSummary_STAGE,15,DeletedBy,int,4,10,0,1,0,0,NULL
ofl,ReportWritingExecutiveSummary_STAGE,16,DeletedDate,datetime,8,23,3,1,0,0,NULL
ofl,ReportWritingExecutiveSummary_STAGE,17,DeleteReason,nchar,20,0,0,1,0,0,NULL
ofl,ReportWritingFinancialInformation_STAGE,1,ReportWritingFinancialInformationId,int,4,10,0,0,1,0,NULL
ofl,ReportWritingFinancialInformation_STAGE,2,AuditScheduleId,int,4,10,0,1,0,0,NULL
ofl,ReportWritingFinancialInformation_STAGE,3,AuditConductionId,int,4,10,0,1,0,0,NULL
ofl,ReportWritingFinancialInformation_STAGE,4,ThreeYearsComparativeStatements,nvarchar,-1,0,0,1,0,0,NULL
ofl,ReportWritingFinancialInformation_STAGE,5,RoomOccupancyAnalysis,nvarchar,-1,0,0,1,0,0,NULL
ofl,ReportWritingFinancialInformation_STAGE,6,IsActive,bit,1,1,0,1,0,0,NULL
ofl,ReportWritingFinancialInformation_STAGE,7,CreatedBy,int,4,10,0,1,0,0,NULL
ofl,ReportWritingFinancialInformation_STAGE,8,CreatedDate,datetime,8,23,3,1,0,0,NULL
ofl,ReportWritingFinancialInformation_STAGE,9,UpdatedBy,int,4,10,0,1,0,0,NULL
ofl,ReportWritingFinancialInformation_STAGE,10,UpdatedDate,datetime,8,23,3,1,0,0,NULL
ofl,ReportWritingFinancialInformation_STAGE,11,IsDeleted,bit,1,1,0,1,0,0,NULL
ofl,ReportWritingFinancialInformation_STAGE,12,DeletedBy,int,4,10,0,1,0,0,NULL
ofl,ReportWritingFinancialInformation_STAGE,13,DeletedDate,datetime,8,23,3,1,0,0,NULL
ofl,ReportWritingFinancialInformation_STAGE,14,DeleteReason,nchar,20,0,0,1,0,0,NULL
ofl,ReportWritingForwardingLetter_STAGE,1,RptWrtForLetId,int,4,10,0,0,1,0,NULL
ofl,ReportWritingForwardingLetter_STAGE,2,RptWrtForLetName,nvarchar,500,0,0,0,0,0,NULL
ofl,ReportWritingForwardingLetter_STAGE,3,RptWrtForLetTypeId,int,4,10,0,0,0,0,NULL
ofl,ReportWritingForwardingLetter_STAGE,4,AuditScheduleId,int,4,10,0,0,0,0,NULL
ofl,ReportWritingForwardingLetter_STAGE,5,AuditConductionId,int,4,10,0,0,0,0,NULL
ofl,ReportWritingForwardingLetter_STAGE,6,ContainerContainId,int,4,10,0,0,0,0,NULL
ofl,ReportWritingForwardingLetter_STAGE,7,IsActive,bit,1,1,0,0,0,0,NULL
ofl,ReportWritingForwardingLetter_STAGE,8,CreatedBy,int,4,10,0,1,0,0,NULL
ofl,ReportWritingForwardingLetter_STAGE,9,CreatedDate,datetime,8,23,3,1,0,0,NULL
ofl,ReportWritingForwardingLetter_STAGE,10,UpdatedBy,int,4,10,0,1,0,0,NULL
ofl,ReportWritingForwardingLetter_STAGE,11,UpdatedDate,datetime,8,23,3,1,0,0,NULL
ofl,ReportWritingForwardingLetter_STAGE,12,IsDeleted,bit,1,1,0,1,0,0,NULL
ofl,ReportWritingForwardingLetter_STAGE,13,DeletedBy,int,4,10,0,1,0,0,NULL
ofl,ReportWritingForwardingLetter_STAGE,14,DeletedDate,datetime,8,23,3,1,0,0,NULL
ofl,ReportWritingForwardingLetter_STAGE,15,DeleteReason,nvarchar,1000,0,0,1,0,0,NULL
ofl,ReportWritingForwardingLetterRow_STAGE,1,RptWrtForLetRowId,int,4,10,0,0,1,0,NULL
ofl,ReportWritingForwardingLetterRow_STAGE,2,RptWrtForLetId,int,4,10,0,0,0,0,NULL
ofl,ReportWritingForwardingLetterRow_STAGE,3,ContainerContainRowId,int,4,10,0,0,0,0,NULL
ofl,ReportWritingForwardingLetterRow_STAGE,4,ColumnNumber,int,4,10,0,1,0,0,NULL
ofl,ReportWritingForwardingLetterRow_STAGE,5,DisplayOrder,int,4,10,0,1,0,0,NULL
ofl,ReportWritingForwardingLetterRow_STAGE,6,IsActive,bit,1,1,0,0,0,0,NULL
ofl,ReportWritingForwardingLetterRow_STAGE,7,IsDeleted,bit,1,1,0,1,0,0,NULL
ofl,ReportWritingForwardingLetterRow_STAGE,8,DeletedBy,int,4,10,0,1,0,0,NULL
ofl,ReportWritingForwardingLetterRow_STAGE,9,DeletedDate,datetime,8,23,3,1,0,0,NULL
ofl,ReportWritingForwardingLetterRowColumn_STAGE,1,RptWrtForLetRowColumnId,int,4,10,0,0,1,0,NULL
ofl,ReportWritingForwardingLetterRowColumn_STAGE,2,RptWrtForLetId,int,4,10,0,0,0,0,NULL
ofl,ReportWritingForwardingLetterRowColumn_STAGE,3,RptWrtForLetRowId,int,4,10,0,0,0,0,NULL
ofl,ReportWritingForwardingLetterRowColumn_STAGE,4,ContainerContainRowId,int,4,10,0,0,0,0,NULL
ofl,ReportWritingForwardingLetterRowColumn_STAGE,5,ContainerContainRowColumnId,int,4,10,0,0,0,0,NULL
ofl,ReportWritingForwardingLetterRowColumn_STAGE,6,HeadingId,int,4,10,0,0,0,0,NULL
ofl,ReportWritingForwardingLetterRowColumn_STAGE,7,HeadingTypeId,int,4,10,0,1,0,0,NULL
ofl,ReportWritingForwardingLetterRowColumn_STAGE,8,HeadingSourceId,int,4,10,0,1,0,0,NULL
ofl,ReportWritingForwardingLetterRowColumn_STAGE,9,ContainerContainRowColValue,nvarchar,-1,0,0,1,0,0,NULL
ofl,ReportWritingForwardingLetterRowColumn_STAGE,10,ContainerContainRowColText,nvarchar,-1,0,0,1,0,0,NULL
ofl,ReportWritingForwardingLetterRowColumn_STAGE,11,ContainerContainRowColJson,nvarchar,-1,0,0,1,0,0,NULL
ofl,ReportWritingForwardingLetterRowColumn_STAGE,12,DisplayOrder,int,4,10,0,1,0,0,NULL
ofl,ReportWritingForwardingLetterRowColumn_STAGE,13,IsActive,bit,1,1,0,0,0,0,NULL
ofl,ReportWritingForwardingLetterRowColumn_STAGE,14,IsDeleted,bit,1,1,0,1,0,0,NULL
ofl,ReportWritingForwardingLetterRowColumn_STAGE,15,DeletedBy,int,4,10,0,1,0,0,NULL
ofl,ReportWritingForwardingLetterRowColumn_STAGE,16,DeletedDate,datetime,8,23,3,1,0,0,NULL
ofl,ReportWritingForwardingLetterTemplate_STAGE,1,RptWrtForLetTempId,int,4,10,0,0,1,0,NULL
ofl,ReportWritingForwardingLetterTemplate_STAGE,2,RptWrtForLetTempName,nvarchar,500,0,0,0,0,0,NULL
ofl,ReportWritingForwardingLetterTemplate_STAGE,3,ForwardingLetterTypeId,int,4,10,0,1,0,0,NULL
ofl,ReportWritingForwardingLetterTemplate_STAGE,4,ProgrammeGroupId,int,4,10,0,1,0,0,NULL
ofl,ReportWritingForwardingLetterTemplate_STAGE,5,AuditTypeId,int,4,10,0,1,0,0,NULL
ofl,ReportWritingForwardingLetterTemplate_STAGE,6,ProjectId,int,4,10,0,1,0,0,NULL
ofl,ReportWritingForwardingLetterTemplate_STAGE,7,TemplateSubject,nvarchar,500,0,0,1,0,0,NULL
ofl,ReportWritingForwardingLetterTemplate_STAGE,8,TemplateBody,text,16,0,0,1,0,0,NULL
ofl,ReportWritingForwardingLetterTemplate_STAGE,9,IsActive,bit,1,1,0,0,0,0,NULL
ofl,ReportWritingForwardingLetterTemplate_STAGE,10,CreatedBy,int,4,10,0,1,0,0,NULL
ofl,ReportWritingForwardingLetterTemplate_STAGE,11,CreatedDate,datetime,8,23,3,1,0,0,NULL
ofl,ReportWritingForwardingLetterTemplate_STAGE,12,UpdatedBy,int,4,10,0,1,0,0,NULL
ofl,ReportWritingForwardingLetterTemplate_STAGE,13,UpdatedDate,datetime,8,23,3,1,0,0,NULL
ofl,ReportWritingForwardingLetterTemplate_STAGE,14,IsDeleted,bit,1,1,0,1,0,0,NULL
ofl,ReportWritingForwardingLetterTemplate_STAGE,15,DeletedBy,int,4,10,0,1,0,0,NULL
ofl,ReportWritingForwardingLetterTemplate_STAGE,16,DeletedDate,datetime,8,23,3,1,0,0,NULL
ofl,ReportWritingForwardingLetterTemplate_STAGE,17,DeleteReason,nvarchar,1000,0,0,1,0,0,NULL
ofl,ReportWritingIAD_STAGE,1,ReportWritingIADId,int,4,10,0,0,1,0,NULL
ofl,ReportWritingIAD_STAGE,2,AuditScheduleId,int,4,10,0,1,0,0,NULL
ofl,ReportWritingIAD_STAGE,3,AuditConductionId,int,4,10,0,1,0,0,NULL
ofl,ReportWritingIAD_STAGE,4,AuditPeriodFrom,datetime,8,23,3,1,0,0,NULL
ofl,ReportWritingIAD_STAGE,5,AuditPeriodTo,datetime,8,23,3,1,0,0,NULL
ofl,ReportWritingIAD_STAGE,6,AuditConductionFrom,datetime,8,23,3,1,0,0,NULL
ofl,ReportWritingIAD_STAGE,7,AuditConductionTo,datetime,8,23,3,1,0,0,NULL
ofl,ReportWritingIAD_STAGE,8,RiskDate,datetime,8,23,3,1,0,0,NULL
ofl,ReportWritingIAD_STAGE,9,BranchName,nvarchar,200,0,0,1,0,0,NULL
ofl,ReportWritingIAD_STAGE,10,BranchManager,nvarchar,300,0,0,1,0,0,NULL
ofl,ReportWritingIAD_STAGE,11,RiskTypeName,nvarchar,100,0,0,1,0,0,NULL
ofl,ReportWritingIAD_STAGE,12,ColorCode,nvarchar,100,0,0,1,0,0,NULL
ofl,ReportWritingIAD_STAGE,13,JoiningDateMentionedBranch,datetime,8,23,3,1,0,0,NULL
ofl,ReportWritingIAD_STAGE,14,LastMonitoringMonth,datetime,8,23,3,1,0,0,NULL
ofl,ReportWritingIAD_STAGE,15,IsActive,bit,1,1,0,1,0,0,NULL
ofl,ReportWritingIAD_STAGE,16,CreatedBy,int,4,10,0,1,0,0,NULL
ofl,ReportWritingIAD_STAGE,17,CreatedDate,datetime,8,23,3,1,0,0,NULL
ofl,ReportWritingIAD_STAGE,18,UpdatedBy,int,4,10,0,1,0,0,NULL
ofl,ReportWritingIAD_STAGE,19,UpdatedDate,datetime,8,23,3,1,0,0,NULL
ofl,ReportWritingIAD_STAGE,20,IsDeleted,bit,1,1,0,1,0,0,NULL
ofl,ReportWritingIAD_STAGE,21,DeletedBy,int,4,10,0,1,0,0,NULL
ofl,ReportWritingIAD_STAGE,22,DeletedDate,datetime,8,23,3,1,0,0,NULL
ofl,ReportWritingIAD_STAGE,23,DeleteReason,nchar,20,0,0,1,0,0,NULL
ofl,ReportWritingIAD_STAGE,24,UpazilaName,nvarchar,300,0,0,1,0,0,NULL
ofl,ReportWritingIAD_STAGE,25,UpazilaAccountManagerName,nvarchar,300,0,0,1,0,0,NULL
ofl,ReportWritingIcqCategory_STAGE,1,ReportWritingIcqCategoryId,int,4,10,0,0,1,0,NULL
ofl,ReportWritingIcqCategory_STAGE,2,CategoryCode,nvarchar,30,0,0,1,0,0,NULL
ofl,ReportWritingIcqCategory_STAGE,3,CategoryName,nvarchar,100,0,0,1,0,0,NULL
ofl,ReportWritingIcqCategory_STAGE,4,IsActive,bit,1,1,0,1,0,0,NULL
ofl,ReportWritingIcqCategory_STAGE,5,CreatedBy,int,4,10,0,1,0,0,NULL
ofl,ReportWritingIcqCategory_STAGE,6,CreatedDate,datetime,8,23,3,1,0,0,NULL
ofl,ReportWritingIcqCategory_STAGE,7,UpdatedBy,int,4,10,0,1,0,0,NULL
ofl,ReportWritingIcqCategory_STAGE,8,UpdatedDate,datetime,8,23,3,1,0,0,NULL
ofl,ReportWritingIcqCategory_STAGE,9,IsDeleted,bit,1,1,0,1,0,0,NULL
ofl,ReportWritingIcqCategory_STAGE,10,DeletedBy,int,4,10,0,1,0,0,NULL
ofl,ReportWritingIcqCategory_STAGE,11,DeletedDate,datetime,8,23,3,1,0,0,NULL
ofl,ReportWritingIcqCategory_STAGE,12,DeleteReason,nchar,20,0,0,1,0,0,NULL
ofl,ReportWritingIcqParticular_STAGE,1,ReportWritingIcqParticularId,int,4,10,0,0,1,0,NULL
ofl,ReportWritingIcqParticular_STAGE,2,ProjectId,int,4,10,0,1,0,0,NULL
ofl,ReportWritingIcqParticular_STAGE,3,ReportWritingIcqCategoryId,int,4,10,0,1,0,0,NULL
ofl,ReportWritingIcqParticular_STAGE,4,Particulars,nvarchar,-1,0,0,1,0,0,NULL
ofl,ReportWritingIcqParticular_STAGE,5,IsActive,bit,1,1,0,1,0,0,NULL
ofl,ReportWritingIcqParticular_STAGE,6,CreatedBy,int,4,10,0,1,0,0,NULL
ofl,ReportWritingIcqParticular_STAGE,7,CreatedDate,datetime,8,23,3,1,0,0,NULL
ofl,ReportWritingIcqParticular_STAGE,8,UpdatedBy,int,4,10,0,1,0,0,NULL
ofl,ReportWritingIcqParticular_STAGE,9,UpdatedDate,datetime,8,23,3,1,0,0,NULL
ofl,ReportWritingIcqParticular_STAGE,10,IsDeleted,bit,1,1,0,1,0,0,NULL
ofl,ReportWritingIcqParticular_STAGE,11,DeletedBy,int,4,10,0,1,0,0,NULL
ofl,ReportWritingIcqParticular_STAGE,12,DeletedDate,datetime,8,23,3,1,0,0,NULL
ofl,ReportWritingIcqParticular_STAGE,13,DeleteReason,nchar,20,0,0,1,0,0,NULL
ofl,ReportWritingPageIndex_STAGE,1,PageIndexId,int,4,10,0,0,1,0,NULL
ofl,ReportWritingPageIndex_STAGE,2,PageIndexParentId,int,4,10,0,1,0,0,NULL
ofl,ReportWritingPageIndex_STAGE,3,DisplaySlNo,varchar,20,0,0,1,0,0,NULL
ofl,ReportWritingPageIndex_STAGE,4,AuditConductionId,int,4,10,0,1,0,0,NULL
ofl,ReportWritingPageIndex_STAGE,5,AuditScheduleId,int,4,10,0,1,0,0,NULL
ofl,ReportWritingPageIndex_STAGE,6,Title,nvarchar,2000,0,0,1,0,0,NULL
ofl,ReportWritingPageIndex_STAGE,7,SortDescription,nvarchar,4000,0,0,1,0,0,NULL
ofl,ReportWritingPageIndex_STAGE,8,Amount,int,4,10,0,1,0,0,NULL
ofl,ReportWritingPageIndex_STAGE,9,Grade,nvarchar,100,0,0,1,0,0,NULL
ofl,ReportWritingPageIndex_STAGE,10,PageNoFrom,int,4,10,0,1,0,0,NULL
ofl,ReportWritingPageIndex_STAGE,11,PageNoTo,int,4,10,0,1,0,0,NULL
ofl,ReportWritingPageIndex_STAGE,12,CssStyle,varchar,500,0,0,1,0,0,NULL
ofl,ReportWritingPageIndex_STAGE,13,DisplayOrder,int,4,10,0,1,0,0,NULL
ofl,ReportWritingPageIndex_STAGE,14,IsActive,bit,1,1,0,0,0,0,NULL
ofl,ReportWritingPageIndex_STAGE,15,CreatedBy,int,4,10,0,1,0,0,NULL
ofl,ReportWritingPageIndex_STAGE,16,CreatedDate,datetime,8,23,3,1,0,0,NULL
ofl,ReportWritingPageIndex_STAGE,17,UpdatedBy,int,4,10,0,1,0,0,NULL
ofl,ReportWritingPageIndex_STAGE,18,UpdatedDate,datetime,8,23,3,1,0,0,NULL
ofl,ReportWritingPageIndex_STAGE,19,IsDeleted,bit,1,1,0,1,0,0,NULL
ofl,ReportWritingPageIndex_STAGE,20,DeletedBy,int,4,10,0,1,0,0,NULL
ofl,ReportWritingPageIndex_STAGE,21,DeletedDate,datetime,8,23,3,1,0,0,NULL
ofl,ReportWritingPageIndex_STAGE,22,DeleteReason,nvarchar,1000,0,0,1,0,0,NULL
ofl,ReportWritingPageIndexSection_STAGE,1,TemplateSectionId,int,4,10,0,0,0,0,NULL
ofl,ReportWritingPageIndexSection_STAGE,2,TemplateSectionName,nvarchar,500,0,0,0,0,0,NULL
ofl,ReportWritingPageIndexSection_STAGE,3,DisplayOrder,int,4,10,0,1,0,0,NULL
ofl,ReportWritingPageIndexSection_STAGE,4,IsActive,bit,1,1,0,1,0,0,NULL
ofl,ReportWritingPageIndexSection_STAGE,5,CreatedBy,int,4,10,0,1,0,0,NULL
ofl,ReportWritingPageIndexSection_STAGE,6,CreatedDate,datetime,8,23,3,1,0,0,NULL
ofl,ReportWritingPageIndexSection_STAGE,7,UpdatedBy,int,4,10,0,1,0,0,NULL
ofl,ReportWritingPageIndexSection_STAGE,8,UpdatedDate,datetime,8,23,3,1,0,0,NULL
ofl,ReportWritingPageIndexSection_STAGE,9,IsDeleted,bit,1,1,0,1,0,0,NULL
ofl,ReportWritingPageIndexSection_STAGE,10,DeletedBy,int,4,10,0,1,0,0,NULL
ofl,ReportWritingPageIndexSection_STAGE,11,DeletedDate,datetime,8,23,3,1,0,0,NULL
ofl,ReportWritingPageIndexSection_STAGE,12,DeleteReason,nvarchar,1000,0,0,1,0,0,NULL
ofl,ReportWritingPageIndexTemplate_STAGE,1,PageIndexId,int,4,10,0,0,1,0,NULL
ofl,ReportWritingPageIndexTemplate_STAGE,2,PageIndexParentId,int,4,10,0,1,0,0,NULL
ofl,ReportWritingPageIndexTemplate_STAGE,3,TemplateSectionId,int,4,10,0,1,0,0,NULL
ofl,ReportWritingPageIndexTemplate_STAGE,4,SerialNo,varchar,20,0,0,1,0,0,NULL
ofl,ReportWritingPageIndexTemplate_STAGE,5,AuditConductionId,int,4,10,0,1,0,0,NULL
ofl,ReportWritingPageIndexTemplate_STAGE,6,AuditScheduleId,int,4,10,0,1,0,0,NULL
ofl,ReportWritingPageIndexTemplate_STAGE,7,Title,nvarchar,1000,0,0,1,0,0,NULL
ofl,ReportWritingPageIndexTemplate_STAGE,8,Description,nvarchar,2000,0,0,1,0,0,NULL
ofl,ReportWritingPageIndexTemplate_STAGE,9,Amount,int,4,10,0,1,0,0,NULL
ofl,ReportWritingPageIndexTemplate_STAGE,10,Grade,nvarchar,100,0,0,1,0,0,NULL
ofl,ReportWritingPageIndexTemplate_STAGE,11,PageNoFrom,int,4,10,0,1,0,0,NULL
ofl,ReportWritingPageIndexTemplate_STAGE,12,PageNoTo,int,4,10,0,1,0,0,NULL
ofl,ReportWritingPageIndexTemplate_STAGE,13,CssStyle,varchar,500,0,0,1,0,0,NULL
ofl,ReportWritingPageIndexTemplate_STAGE,14,DisplayOrder,int,4,10,0,1,0,0,NULL
ofl,ReportWritingPageIndexTemplate_STAGE,15,IsActive,bit,1,1,0,0,0,0,NULL
ofl,ReportWritingPageIndexTemplate_STAGE,16,CreatedBy,int,4,10,0,1,0,0,NULL
ofl,ReportWritingPageIndexTemplate_STAGE,17,CreatedDate,datetime,8,23,3,1,0,0,NULL
ofl,ReportWritingPageIndexTemplate_STAGE,18,UpdatedBy,int,4,10,0,1,0,0,NULL
ofl,ReportWritingPageIndexTemplate_STAGE,19,UpdatedDate,datetime,8,23,3,1,0,0,NULL
ofl,ReportWritingPageIndexTemplate_STAGE,20,IsDeleted,bit,1,1,0,1,0,0,NULL
ofl,ReportWritingPageIndexTemplate_STAGE,21,DeletedBy,int,4,10,0,1,0,0,NULL
ofl,ReportWritingPageIndexTemplate_STAGE,22,DeletedDate,datetime,8,23,3,1,0,0,NULL
ofl,ReportWritingPageIndexTemplate_STAGE,23,DeleteReason,nvarchar,1000,0,0,1,0,0,NULL
ofl,ReportWritingReportCategory_STAGE,1,ReportWritingReportCategoryId,int,4,10,0,0,1,0,NULL
ofl,ReportWritingReportCategory_STAGE,2,SeriousnessFindings,nvarchar,100,0,0,1,0,0,NULL
ofl,ReportWritingReportCategory_STAGE,3,Grade,nchar,20,0,0,1,0,0,NULL
ofl,ReportWritingReportCategory_STAGE,4,ColorCode,nvarchar,20,0,0,1,0,0,NULL
ofl,ReportWritingReportCategory_STAGE,5,Description,nvarchar,-1,0,0,1,0,0,NULL
ofl,ReportWritingReportCategory_STAGE,6,IsActive,bit,1,1,0,1,0,0,NULL
ofl,ReportWritingReportCategory_STAGE,7,CreatedBy,int,4,10,0,1,0,0,NULL
ofl,ReportWritingReportCategory_STAGE,8,CreatedDate,datetime,8,23,3,1,0,0,NULL
ofl,ReportWritingReportCategory_STAGE,9,UpdatedBy,int,4,10,0,1,0,0,NULL
ofl,ReportWritingReportCategory_STAGE,10,UpdatedDate,datetime,8,23,3,1,0,0,NULL
ofl,ReportWritingReportCategory_STAGE,11,IsDeleted,bit,1,1,0,1,0,0,NULL
ofl,ReportWritingReportCategory_STAGE,12,DeletedBy,int,4,10,0,1,0,0,NULL
ofl,ReportWritingReportCategory_STAGE,13,DeletedDate,datetime,8,23,3,1,0,0,NULL
ofl,ReportWritingReportCategory_STAGE,14,DeleteReason,nchar,20,0,0,1,0,0,NULL
ofl,ReportWritingReportSignature_STAGE,1,ReportSignatureId,int,4,10,0,0,1,0,NULL
ofl,ReportWritingReportSignature_STAGE,2,AuditScheduleId,int,4,10,0,1,0,0,NULL
ofl,ReportWritingReportSignature_STAGE,3,AuditConductionId,int,4,10,0,1,0,0,NULL
ofl,ReportWritingReportSignature_STAGE,4,ReportSignatureType,int,4,10,0,1,0,0,NULL
ofl,ReportWritingReportSignature_STAGE,5,Pin,varchar,20,0,0,1,0,0,NULL
ofl,ReportWritingReportSignature_STAGE,6,Name,nvarchar,400,0,0,1,0,0,NULL
ofl,ReportWritingReportSignature_STAGE,7,DesignationName,nvarchar,400,0,0,1,0,0,NULL
ofl,ReportWritingReportSignature_STAGE,8,SignatureImage,nvarchar,-1,0,0,1,0,0,NULL
ofl,ReportWritingReportSignature_STAGE,9,SignatureFor,nvarchar,-1,0,0,1,0,0,NULL
ofl,ReportWritingReportSignature_STAGE,10,SignaturePlacement,nvarchar,-1,0,0,1,0,0,NULL
ofl,ReportWritingReportSignature_STAGE,11,IsSignatureFor,bit,1,1,0,1,0,0,NULL
ofl,ReportWritingReportSignature_STAGE,12,IsActive,bit,1,1,0,1,0,0,NULL
ofl,ReportWritingReportSignature_STAGE,13,CreatedBy,int,4,10,0,1,0,0,NULL
ofl,ReportWritingReportSignature_STAGE,14,CreatedDate,datetime,8,23,3,1,0,0,NULL
ofl,ReportWritingReportSignature_STAGE,15,UpdatedBy,int,4,10,0,1,0,0,NULL
ofl,ReportWritingReportSignature_STAGE,16,UpdatedDate,datetime,8,23,3,1,0,0,NULL
ofl,ReportWritingReportSignature_STAGE,17,IsDeleted,bit,1,1,0,1,0,0,NULL
ofl,ReportWritingReportSignature_STAGE,18,DeletedBy,int,4,10,0,1,0,0,NULL
ofl,ReportWritingReportSignature_STAGE,19,DeletedDate,datetime,8,23,3,1,0,0,NULL
ofl,ReportWritingReportSignature_STAGE,20,DeleteReason,nchar,20,0,0,1,0,0,NULL
ofl,RiskCriteria_STAGE,1,RiskCriteriaId,int,4,10,0,0,1,0,NULL
ofl,RiskCriteria_STAGE,2,RiskCriteriaName,nvarchar,300,0,0,0,0,0,NULL
ofl,RiskCriteria_STAGE,3,RiskCriteriaCategoryId,int,4,10,0,0,0,0,NULL
ofl,RiskCriteria_STAGE,4,IsActive,bit,1,1,0,0,0,0,NULL
ofl,RiskCriteria_STAGE,5,CreatedBy,int,4,10,0,1,0,0,NULL
ofl,RiskCriteria_STAGE,6,CreatedDate,datetime,8,23,3,1,0,0,NULL
ofl,RiskCriteria_STAGE,7,UpdatedBy,int,4,10,0,1,0,0,NULL
ofl,RiskCriteria_STAGE,8,UpdatedDate,datetime,8,23,3,1,0,0,NULL
ofl,RiskCriteria_STAGE,9,IsDeleted,bit,1,1,0,1,0,0,NULL
ofl,RiskCriteria_STAGE,10,DeletedBy,int,4,10,0,1,0,0,NULL
ofl,RiskCriteria_STAGE,11,DeletedDate,datetime,8,23,3,1,0,0,NULL
ofl,RiskCriteria_STAGE,12,DeleteReason,varchar,250,0,0,1,0,0,NULL
ofl,RiskCriteriaCategory_STAGE,1,RiskCriteriaCategoryId,int,4,10,0,0,1,0,NULL
ofl,RiskCriteriaCategory_STAGE,2,RiskCriteriaCategoryName,nvarchar,300,0,0,0,0,0,NULL
ofl,RiskCriteriaCategory_STAGE,3,IsActive,bit,1,1,0,0,0,0,NULL
ofl,RiskCriteriaCategory_STAGE,4,CreatedBy,int,4,10,0,1,0,0,NULL
ofl,RiskCriteriaCategory_STAGE,5,CreatedDate,datetime,8,23,3,1,0,0,NULL
ofl,RiskCriteriaCategory_STAGE,6,UpdatedBy,int,4,10,0,1,0,0,NULL
ofl,RiskCriteriaCategory_STAGE,7,UpdatedDate,datetime,8,23,3,1,0,0,NULL
ofl,RiskCriteriaCategory_STAGE,8,IsDeleted,bit,1,1,0,1,0,0,NULL
ofl,RiskCriteriaCategory_STAGE,9,DeletedBy,int,4,10,0,1,0,0,NULL
ofl,RiskCriteriaCategory_STAGE,10,DeletedDate,datetime,8,23,3,1,0,0,NULL
ofl,RiskCriteriaCategory_STAGE,11,DeletedReason,varchar,250,0,0,1,0,0,NULL
ofl,RiskType_STAGE,1,RiskTypeId,int,4,10,0,0,1,0,NULL
ofl,RiskType_STAGE,2,RiskLevel,int,4,10,0,0,0,0,NULL
ofl,RiskType_STAGE,3,RiskTypeName,nvarchar,500,0,0,0,0,0,NULL
ofl,RiskType_STAGE,4,RiskTypeCode,varchar,10,0,0,0,0,0,NULL
ofl,RiskType_STAGE,5,ColorCode,nvarchar,20,0,0,1,0,0,NULL
ofl,RiskType_STAGE,6,Population,int,4,10,0,1,0,0,NULL
ofl,RiskType_STAGE,7,SamplePercentage,float,8,53,0,1,0,0,NULL
ofl,RiskType_STAGE,8,SampleSize,int,4,10,0,1,0,0,NULL
ofl,RiskType_STAGE,9,Description,nvarchar,5000,0,0,1,0,0,NULL
ofl,RiskType_STAGE,10,DisplayOrder,int,4,10,0,1,0,0,NULL
ofl,RiskType_STAGE,11,IsActive,bit,1,1,0,0,0,0,NULL
ofl,RiskType_STAGE,12,StartDate,date,3,10,0,0,0,0,NULL
ofl,RiskType_STAGE,13,EndDate,date,3,10,0,1,0,0,NULL
ofl,RiskType_STAGE,14,CreatedBy,int,4,10,0,1,0,0,NULL
ofl,RiskType_STAGE,15,CreatedDate,datetime,8,23,3,1,0,0,NULL
ofl,RiskType_STAGE,16,UpdatedBy,int,4,10,0,1,0,0,NULL
ofl,RiskType_STAGE,17,UpdatedDate,datetime,8,23,3,1,0,0,NULL
ofl,RiskType_STAGE,18,IsDeleted,bit,1,1,0,1,0,0,NULL
ofl,RiskType_STAGE,19,DeletedBy,int,4,10,0,1,0,0,NULL
ofl,RiskType_STAGE,20,DeletedDate,datetime,8,23,3,1,0,0,NULL
ofl,RiskType_STAGE,21,DeleteReason,nvarchar,1000,0,0,1,0,0,NULL
ofl,StructureCategory_STAGE,1,StructureCategoryId,int,4,10,0,0,1,0,NULL
ofl,StructureCategory_STAGE,2,Name,nvarchar,150,0,0,0,0,0,NULL
ofl,StructureCategory_STAGE,3,Description,nvarchar,500,0,0,1,0,0,NULL
ofl,StructureCategory_STAGE,4,StructureTypeId,int,4,10,0,0,0,0,NULL
ofl,StructureCategory_STAGE,5,CodePrefix,nvarchar,100,0,0,1,0,0,NULL
ofl,StructureCategory_STAGE,6,IsActive,bit,1,1,0,0,0,0,NULL
ofl,StructureCategory_STAGE,7,StartDate,date,3,10,0,1,0,0,NULL
ofl,StructureCategory_STAGE,8,EndDate,date,3,10,0,1,0,0,NULL
ofl,StructureCategory_STAGE,9,CreatedBy,int,4,10,0,1,0,0,NULL
ofl,StructureCategory_STAGE,10,CreatedDate,datetime,8,23,3,1,0,0,NULL
ofl,StructureCategory_STAGE,11,ModifyBy,int,4,10,0,1,0,0,NULL
ofl,StructureCategory_STAGE,12,ModifyDate,datetime,8,23,3,1,0,0,NULL
ofl,StructureCategory_STAGE,13,IsDeleted,bit,1,1,0,1,0,0,NULL
ofl,StructureCategory_STAGE,14,DeletedBy,int,4,10,0,1,0,0,NULL
ofl,StructureCategory_STAGE,15,DeletedOn,datetime,8,23,3,1,0,0,NULL
ofl,StructureElement_STAGE,1,StructureElementId,int,4,10,0,0,1,0,NULL
ofl,StructureElement_STAGE,2,Code,nvarchar,100,0,0,0,0,0,NULL
ofl,StructureElement_STAGE,3,Name,nvarchar,150,0,0,0,0,0,NULL
ofl,StructureElement_STAGE,4,StructureTypeId,int,4,10,0,1,0,0,NULL
ofl,StructureElement_STAGE,5,StructureCategoryId,int,4,10,0,0,0,0,NULL
ofl,StructureElement_STAGE,6,Remarks,nvarchar,500,0,0,1,0,0,NULL
ofl,StructureElement_STAGE,7,IsActive,bit,1,1,0,0,0,0,NULL
ofl,StructureElement_STAGE,8,StartDate,date,3,10,0,0,0,0,NULL
ofl,StructureElement_STAGE,9,EndDate,date,3,10,0,1,0,0,NULL
ofl,StructureElement_STAGE,10,CreatedBy,int,4,10,0,1,0,0,NULL
ofl,StructureElement_STAGE,11,CreatedDate,datetime,8,23,3,1,0,0,NULL
ofl,StructureElement_STAGE,12,ModifyBy,int,4,10,0,1,0,0,NULL
ofl,StructureElement_STAGE,13,ModifyDate,datetime,8,23,3,1,0,0,NULL
ofl,StructureElement_STAGE,14,IsDeleted,bit,1,1,0,1,0,0,NULL
ofl,StructureElement_STAGE,15,DeletedBy,int,4,10,0,1,0,0,NULL
ofl,StructureElement_STAGE,16,DeletedOn,datetime,8,23,3,1,0,0,NULL
ofl,StructureType_STAGE,1,StructureTypeId,int,4,10,0,0,1,0,NULL
ofl,StructureType_STAGE,2,Name,nvarchar,500,0,0,0,0,0,NULL
ofl,StructureType_STAGE,3,Description,nvarchar,5000,0,0,1,0,0,NULL
ofl,StructureType_STAGE,4,IsActive,bit,1,1,0,0,0,0,NULL
ofl,StructureType_STAGE,5,StartDate,date,3,10,0,1,0,0,NULL
ofl,StructureType_STAGE,6,EndDate,date,3,10,0,1,0,0,NULL
ofl,StructureType_STAGE,7,CreatedBy,int,4,10,0,1,0,0,NULL
ofl,StructureType_STAGE,8,CreatedDate,datetime,8,23,3,1,0,0,NULL
ofl,StructureType_STAGE,9,ModifyBy,int,4,10,0,1,0,0,NULL
ofl,StructureType_STAGE,10,ModifyDate,datetime,8,23,3,1,0,0,NULL
ofl,StructureType_STAGE,11,IsDeleted,bit,1,1,0,1,0,0,NULL
ofl,StructureType_STAGE,12,DeletedBy,int,4,10,0,1,0,0,NULL
ofl,StructureType_STAGE,13,DeletedOn,datetime,8,23,3,1,0,0,NULL
ofl,SubProgramme_STAGE,1,SubProgrammeId,int,4,10,0,0,1,0,NULL
ofl,SubProgramme_STAGE,2,CountryId,int,4,10,0,1,0,0,NULL
ofl,SubProgramme_STAGE,3,ProgrammeId,int,4,10,0,1,0,0,NULL
ofl,SubProgramme_STAGE,4,RefId,nvarchar,100,0,0,1,0,0,NULL
ofl,SubProgramme_STAGE,5,SubProgrammeName,nvarchar,300,0,0,0,0,0,NULL
ofl,SubProgramme_STAGE,6,ShortName,nvarchar,100,0,0,1,0,0,NULL
ofl,SubProgramme_STAGE,7,SubProgrammeCode,nvarchar,30,0,0,1,0,0,NULL
ofl,SubProgramme_STAGE,8,IsInception,bit,1,1,0,1,0,0,NULL
ofl,SubProgramme_STAGE,9,InceptionLabel,nvarchar,100,0,0,1,0,0,NULL
ofl,SubProgramme_STAGE,10,IsSync,bit,1,1,0,1,0,0,NULL
ofl,SubProgramme_STAGE,11,IsActive,bit,1,1,0,0,0,0,NULL
ofl,SubProgramme_STAGE,12,StartDate,datetime,8,23,3,1,0,0,NULL
ofl,SubProgramme_STAGE,13,EndDate,datetime,8,23,3,1,0,0,NULL
ofl,SubProgramme_STAGE,14,CreatedBy,int,4,10,0,1,0,0,NULL
ofl,SubProgramme_STAGE,15,CreatedDate,datetime,8,23,3,1,0,0,NULL
ofl,SubProgramme_STAGE,16,UpdatedBy,int,4,10,0,1,0,0,NULL
ofl,SubProgramme_STAGE,17,UpdatedDate,datetime,8,23,3,1,0,0,NULL
ofl,SubProgramme_STAGE,18,IsDeleted,bit,1,1,0,1,0,0,NULL
ofl,SubProgramme_STAGE,19,DeletedBy,int,4,10,0,1,0,0,NULL
ofl,SubProgramme_STAGE,20,DeletedDate,datetime,8,23,3,1,0,0,NULL
ofl,SubProgramme_STAGE,21,DeleteReason,nvarchar,1000,0,0,1,0,0,NULL
ofl,SubProgrammeProject_STAGE,1,SubProgrammeProjectId,int,4,10,0,0,1,0,NULL
ofl,SubProgrammeProject_STAGE,2,ProgrammeGroupId,int,4,10,0,0,0,0,NULL
ofl,SubProgrammeProject_STAGE,3,ProgrammeId,int,4,10,0,0,0,0,NULL
ofl,SubProgrammeProject_STAGE,4,SubProgrammeId,int,4,10,0,1,0,0,NULL
ofl,SubProgrammeProject_STAGE,5,ProjectId,int,4,10,0,0,0,0,NULL
ofl,SubProgrammeProject_STAGE,6,IsActive,bit,1,1,0,1,0,0,NULL
ofl,SubProgrammeProject_STAGE,7,IsSync,bit,1,1,0,1,0,0,NULL
ofl,SubProgrammeProject_STAGE,8,CreatedBy,int,4,10,0,1,0,0,NULL
ofl,SubProgrammeProject_STAGE,9,CreatedDate,datetime,8,23,3,1,0,0,NULL
ofl,SubProgrammeProject_STAGE,10,UpdatedBy,int,4,10,0,1,0,0,NULL
ofl,SubProgrammeProject_STAGE,11,UpdatedDate,datetime,8,23,3,1,0,0,NULL
ofl,SubProgrammeProject_STAGE,12,IsDeleted,bit,1,1,0,1,0,0,NULL
ofl,SubProgrammeProject_STAGE,13,DeletedBy,int,4,10,0,1,0,0,NULL
ofl,SubProgrammeProject_STAGE,14,DeletedDate,datetime,8,23,3,1,0,0,NULL
ofl,SubProgrammeProject_STAGE,15,DeleteReason,nvarchar,1000,0,0,1,0,0,NULL
ofl,TablePropertyConfiguration,1,ID,int,4,10,0,0,1,0,NULL
ofl,TablePropertyConfiguration,2,SourceSchemaName,varchar,200,0,0,1,0,0,NULL
ofl,TablePropertyConfiguration,3,SourceTblName,varchar,200,0,0,1,0,0,NULL
ofl,TablePropertyConfiguration,4,DestinationSchemaName,varchar,200,0,0,1,0,0,NULL
ofl,TablePropertyConfiguration,5,DestinationTblName,varchar,200,0,0,1,0,0,NULL
ofl,TablePropertyConfiguration,6,KeyName,varchar,200,0,0,1,0,0,NULL
ofl,TablePropertyConfiguration,7,IsOffLineSync,int,4,10,0,1,0,0,NULL
ofl,TablePropertyConfiguration,8,IsUserWiseData,bit,1,1,0,1,0,0,NULL
ofl,TablePropertyConfiguration,9,IsSyncBothWay,bit,1,1,0,1,0,0,NULL
ofl,TablePropertyConfiguration,10,Direction,varchar,100,0,0,1,0,0,NULL
ofl,Upazila_STAGE,1,UpazilaId,int,4,10,0,0,1,0,NULL
ofl,Upazila_STAGE,2,DistrictId,int,4,10,0,0,0,0,NULL
ofl,Upazila_STAGE,3,RefId,varchar,50,0,0,1,0,0,NULL
ofl,Upazila_STAGE,4,UpazilaCode,nvarchar,100,0,0,1,0,0,NULL
ofl,Upazila_STAGE,5,UpazilaName,nvarchar,100,0,0,0,0,0,NULL
ofl,Upazila_STAGE,6,IsInception,bit,1,1,0,1,0,0,NULL
ofl,Upazila_STAGE,7,InceptionLabel,nvarchar,100,0,0,1,0,0,NULL
ofl,Upazila_STAGE,8,Lat,float,8,53,0,1,0,0,NULL
ofl,Upazila_STAGE,9,Long,float,8,53,0,1,0,0,NULL
ofl,Upazila_STAGE,10,IsActive,bit,1,1,0,1,0,0,NULL
ofl,Upazila_STAGE,11,IsSync,bit,1,1,0,1,0,0,NULL
ofl,Upazila_STAGE,12,InactivationNote,varchar,200,0,0,1,0,0,NULL
ofl,Upazila_STAGE,13,IsThana,bit,1,1,0,1,0,0,NULL
ofl,Upazila_STAGE,14,StartDate,datetime,8,23,3,1,0,0,NULL
ofl,Upazila_STAGE,15,EndDate,datetime,8,23,3,1,0,0,NULL
ofl,Upazila_STAGE,16,CreatedBy,int,4,10,0,1,0,0,NULL
ofl,Upazila_STAGE,17,CreatedDate,datetime,8,23,3,1,0,0,NULL
ofl,Upazila_STAGE,18,UpdatedBy,int,4,10,0,1,0,0,NULL
ofl,Upazila_STAGE,19,UpdatedDate,datetime,8,23,3,1,0,0,NULL
ofl,Upazila_STAGE,20,IsDeleted,bit,1,1,0,1,0,0,NULL
ofl,Upazila_STAGE,21,DeletedBy,int,4,10,0,1,0,0,NULL
ofl,Upazila_STAGE,22,DeletedDate,datetime,8,23,3,1,0,0,NULL
ofl,Upazila_STAGE,23,DeleteReason,nvarchar,1000,0,0,1,0,0,NULL
ofl,UserRefreshToken_STAGE,1,RefreshTokenId,int,4,10,0,0,1,0,NULL
ofl,UserRefreshToken_STAGE,2,UserId,varchar,256,0,0,1,0,0,NULL
ofl,UserRefreshToken_STAGE,3,DeviceId,varchar,256,0,0,1,0,0,NULL
ofl,UserRefreshToken_STAGE,4,TokenHash,varchar,256,0,0,1,0,0,NULL
ofl,UserRefreshToken_STAGE,5,TokenSalt,varchar,256,0,0,1,0,0,NULL
ofl,UserRefreshToken_STAGE,6,TimeStamp,datetime,8,23,3,1,0,0,NULL
ofl,UserRefreshToken_STAGE,7,ExpiryDate,datetime,8,23,3,1,0,0,NULL
ofl,UserRefreshToken_STAGE,8,RefreshToken,varchar,256,0,0,1,0,0,NULL
ofl,UserRole_STAGE,1,UserRoleId,int,4,10,0,0,1,0,NULL
ofl,UserRole_STAGE,2,UserRoleName,nvarchar,500,0,0,0,0,0,NULL
ofl,UserRole_STAGE,3,UserRoleDefaultPageId,int,4,10,0,1,0,0,NULL
ofl,UserRole_STAGE,4,Description,nvarchar,5000,0,0,1,0,0,NULL
ofl,UserRole_STAGE,5,IsActive,bit,1,1,0,0,0,0,NULL
ofl,UserRole_STAGE,6,CreatedBy,int,4,10,0,1,0,0,NULL
ofl,UserRole_STAGE,7,CreatedDate,datetime,8,23,3,1,0,0,NULL
ofl,UserRole_STAGE,8,UpdatedBy,int,4,10,0,1,0,0,NULL
ofl,UserRole_STAGE,9,UpdatedDate,datetime,8,23,3,1,0,0,NULL
ofl,UserRole_STAGE,10,IsDeleted,bit,1,1,0,1,0,0,NULL
ofl,UserRole_STAGE,11,DeletedBy,int,4,10,0,1,0,0,NULL
ofl,UserRole_STAGE,12,DeletedDate,datetime,8,23,3,1,0,0,NULL
ofl,UserRole_STAGE,13,DeleteReason,nvarchar,1000,0,0,1,0,0,NULL
ofl,Zone_STAGE,1,ZoneId,int,4,10,0,0,1,0,NULL
ofl,Zone_STAGE,2,CountryId,int,4,10,0,1,0,0,NULL
ofl,Zone_STAGE,3,ZoneName,nvarchar,500,0,0,0,0,0,NULL
ofl,Zone_STAGE,4,ZoneCode,varchar,20,0,0,1,0,0,NULL
ofl,Zone_STAGE,5,Description,nvarchar,5000,0,0,1,0,0,NULL
ofl,Zone_STAGE,6,IsActive,bit,1,1,0,0,0,0,NULL
ofl,Zone_STAGE,7,StartDate,date,3,10,0,1,0,0,NULL
ofl,Zone_STAGE,8,EndDate,date,3,10,0,1,0,0,NULL
ofl,Zone_STAGE,9,CreatedBy,int,4,10,0,1,0,0,NULL
ofl,Zone_STAGE,10,CreatedDate,datetime,8,23,3,1,0,0,NULL
ofl,Zone_STAGE,11,UpdatedBy,int,4,10,0,1,0,0,NULL
ofl,Zone_STAGE,12,UpdatedDate,datetime,8,23,3,1,0,0,NULL
ofl,Zone_STAGE,13,IsDeleted,bit,1,1,0,1,0,0,NULL
ofl,Zone_STAGE,14,DeletedBy,int,4,10,0,1,0,0,NULL
ofl,Zone_STAGE,15,DeletedDate,datetime,8,23,3,1,0,0,NULL
ofl,Zone_STAGE,16,DeleteReason,nchar,20,0,0,1,0,0,NULL
onl,AuditConduction_STAGE,1,AuditConductionId,int,4,10,0,0,1,0,NULL
onl,AuditConduction_STAGE,2,AuditScheduleId,int,4,10,0,0,0,0,NULL
onl,AuditConduction_STAGE,3,AuditConductionStatusId,int,4,10,0,1,0,0,NULL
onl,AuditConduction_STAGE,4,AuditPeriodFrom,datetime,8,23,3,1,0,0,NULL
onl,AuditConduction_STAGE,5,AuditPeriodTo,datetime,8,23,3,1,0,0,NULL
onl,AuditConduction_STAGE,6,IsActive,bit,1,1,0,0,0,0,NULL
onl,AuditConduction_STAGE,7,CreatedBy,int,4,10,0,1,0,0,NULL
onl,AuditConduction_STAGE,8,CreatedDate,datetime,8,23,3,1,0,0,NULL
onl,AuditConduction_STAGE,9,UpdatedBy,int,4,10,0,1,0,0,NULL
onl,AuditConduction_STAGE,10,UpdatedDate,datetime,8,23,3,1,0,0,NULL
onl,AuditConduction_STAGE,11,IsDeleted,bit,1,1,0,1,0,0,NULL
onl,AuditConduction_STAGE,12,DeletedBy,int,4,10,0,1,0,0,NULL
onl,AuditConduction_STAGE,13,DeletedDate,datetime,8,23,3,1,0,0,NULL
onl,AuditConduction_STAGE,14,DeleteReason,nvarchar,1000,0,0,1,0,0,NULL
onl,AuditConductionControl_STAGE,1,AuditConductionControlId,int,4,10,0,0,1,0,NULL
onl,AuditConductionControl_STAGE,2,AuditConductionPlanningDocumentId,int,4,10,0,0,0,0,NULL
onl,AuditConductionControl_STAGE,3,AuditConductionPlanningProcessId,int,4,10,0,0,0,0,NULL
onl,AuditConductionControl_STAGE,4,AuditConductionPlanningSubProcessId,int,4,10,0,0,0,0,NULL
onl,AuditConductionControl_STAGE,5,ControlListId,int,4,10,0,1,0,0,NULL
onl,AuditConductionControl_STAGE,6,Question,nvarchar,400,0,0,1,0,0,NULL
onl,AuditConductionControl_STAGE,7,Objective,nvarchar,400,0,0,1,0,0,NULL
onl,AuditConductionControl_STAGE,8,ControlPerformed,nvarchar,400,0,0,1,0,0,NULL
onl,AuditConductionControl_STAGE,9,RiskDescription,nvarchar,400,0,0,1,0,0,NULL
onl,AuditConductionControl_STAGE,10,SampleTechnique,nvarchar,400,0,0,1,0,0,NULL
onl,AuditConductionControl_STAGE,11,Population,int,4,10,0,1,0,0,NULL
onl,AuditConductionControl_STAGE,12,RiskTypeId,int,4,10,0,1,0,0,NULL
onl,AuditConductionControl_STAGE,13,SampleSize,int,4,10,0,1,0,0,NULL
onl,AuditConductionControl_STAGE,14,SampleSizePercentage,int,4,10,0,1,0,0,NULL
onl,AuditConductionControl_STAGE,15,Instance,int,4,10,0,1,0,0,NULL
onl,AuditConductionControl_STAGE,16,NatureOfControlId,int,4,10,0,1,0,0,NULL
onl,AuditConductionControl_STAGE,17,FrequencyOfControlId,int,4,10,0,1,0,0,NULL
onl,AuditConductionControl_STAGE,18,RiskLevelId,int,4,10,0,1,0,0,NULL
onl,AuditConductionControl_STAGE,19,IsActive,bit,1,1,0,0,0,0,NULL
onl,AuditConductionControl_STAGE,20,CreatedBy,int,4,10,0,1,0,0,NULL
onl,AuditConductionControl_STAGE,21,CreatedDate,datetime,8,23,3,1,0,0,NULL
onl,AuditConductionControl_STAGE,22,UpdatedBy,int,4,10,0,1,0,0,NULL
onl,AuditConductionControl_STAGE,23,UpdatedDate,datetime,8,23,3,1,0,0,NULL
onl,AuditConductionControl_STAGE,24,IsDeleted,bit,1,1,0,1,0,0,NULL
onl,AuditConductionControl_STAGE,25,DeletedBy,int,4,10,0,1,0,0,NULL
onl,AuditConductionControl_STAGE,26,DeletedDate,datetime,8,23,3,1,0,0,NULL
onl,AuditConductionControl_STAGE,27,DeleteReason,nvarchar,1000,0,0,1,0,0,NULL
onl,AuditConductionControlAssertion_STAGE,1,AuditConductionControlAssertionId,int,4,10,0,0,1,0,NULL
onl,AuditConductionControlAssertion_STAGE,2,AuditConductionControlId,int,4,10,0,0,0,0,NULL
onl,AuditConductionControlAssertion_STAGE,3,AssertionId,int,4,10,0,1,0,0,NULL
onl,AuditConductionControlAssertion_STAGE,4,IsActive,bit,1,1,0,0,0,0,NULL
onl,AuditConductionControlAssertion_STAGE,5,IsDeleted,bit,1,1,0,1,0,0,NULL
onl,AuditConductionControlAssertion_STAGE,6,DeletedBy,int,4,10,0,1,0,0,NULL
onl,AuditConductionControlAssertion_STAGE,7,DeletedDate,datetime,8,23,3,1,0,0,NULL
onl,AuditConductionControlDetail_STAGE,1,AuditConductionControlDetailId,int,4,10,0,0,1,0,NULL
onl,AuditConductionControlDetail_STAGE,2,AuditConductionControlId,int,4,10,0,0,0,0,NULL
onl,AuditConductionControlDetail_STAGE,3,PlanningControlId,int,4,10,0,1,0,0,NULL
onl,AuditConductionControlDetail_STAGE,4,IsActive,bit,1,1,0,0,0,0,NULL
onl,AuditConductionControlDetail_STAGE,5,IsDeleted,bit,1,1,0,1,0,0,NULL
onl,AuditConductionControlDetail_STAGE,6,DeletedBy,int,4,10,0,1,0,0,NULL
onl,AuditConductionControlDetail_STAGE,7,DeletedDate,datetime,8,23,3,1,0,0,NULL
onl,AuditConductionDesignAssesment_STAGE,1,AuditConductionDesignAssesmentId,int,4,10,0,0,1,0,NULL
onl,AuditConductionDesignAssesment_STAGE,2,AuditConductionPlanningDocumentId,int,4,10,0,0,0,0,NULL
onl,AuditConductionDesignAssesment_STAGE,3,AuditConductionPlanningProcessId,int,4,10,0,0,0,0,NULL
onl,AuditConductionDesignAssesment_STAGE,4,AuditConductionPlanningSubProcessId,int,4,10,0,0,0,0,NULL
onl,AuditConductionDesignAssesment_STAGE,5,DesignAssesmentId,int,4,10,0,1,0,0,NULL
onl,AuditConductionDesignAssesment_STAGE,6,Question,nvarchar,400,0,0,1,0,0,NULL
onl,AuditConductionDesignAssesment_STAGE,7,DesignAssesmentDetailId,int,4,10,0,1,0,0,NULL
onl,AuditConductionDesignAssesment_STAGE,8,SampleSize,int,4,10,0,1,0,0,NULL
onl,AuditConductionDesignAssesment_STAGE,9,Instance,int,4,10,0,1,0,0,NULL
onl,AuditConductionDesignAssesment_STAGE,10,IsActive,bit,1,1,0,0,0,0,NULL
onl,AuditConductionDesignAssesment_STAGE,11,CreatedBy,int,4,10,0,1,0,0,NULL
onl,AuditConductionDesignAssesment_STAGE,12,CreatedDate,datetime,8,23,3,1,0,0,NULL
onl,AuditConductionDesignAssesment_STAGE,13,UpdatedBy,int,4,10,0,1,0,0,NULL
onl,AuditConductionDesignAssesment_STAGE,14,UpdatedDate,datetime,8,23,3,1,0,0,NULL
onl,AuditConductionDesignAssesment_STAGE,15,IsDeleted,bit,1,1,0,1,0,0,NULL
onl,AuditConductionDesignAssesment_STAGE,16,DeletedBy,int,4,10,0,1,0,0,NULL
onl,AuditConductionDesignAssesment_STAGE,17,DeletedDate,datetime,8,23,3,1,0,0,NULL
onl,AuditConductionDesignAssesment_STAGE,18,DeleteReason,nvarchar,1000,0,0,1,0,0,NULL
onl,AuditConductionMovement_STAGE,1,AuditConductionMovementId,int,4,10,0,0,1,0,NULL
onl,AuditConductionMovement_STAGE,2,AuditScheduleId,int,4,10,0,0,0,0,NULL
onl,AuditConductionMovement_STAGE,3,AuditConductionId,int,4,10,0,1,0,0,NULL
onl,AuditConductionMovement_STAGE,4,AuditConductionPlanningDocumentId,int,4,10,0,0,0,0,NULL
onl,AuditConductionMovement_STAGE,5,ProjectId,int,4,10,0,0,0,0,NULL
onl,AuditConductionMovement_STAGE,6,AuditScheduleAuditorId,int,4,10,0,1,0,0,NULL
onl,AuditConductionMovement_STAGE,7,AuditScheduleAuditorPin,nvarchar,100,0,0,1,0,0,NULL
onl,AuditConductionMovement_STAGE,8,ScheduleMovementDate,datetime,8,23,3,0,0,0,NULL
onl,AuditConductionMovement_STAGE,9,ExpectedStartDate,datetime,8,23,3,1,0,0,NULL
onl,AuditConductionMovement_STAGE,10,ExpectedReturnDate,datetime,8,23,3,0,0,0,NULL
onl,AuditConductionMovement_STAGE,11,ActualStartDate,datetime,8,23,3,1,0,0,NULL
onl,AuditConductionMovement_STAGE,12,ActualReturnDate,datetime,8,23,3,1,0,0,NULL
onl,AuditConductionMovement_STAGE,13,Remarks,nvarchar,500,0,0,1,0,0,NULL
onl,AuditConductionMovement_STAGE,14,ConductionRemarks,nvarchar,500,0,0,1,0,0,NULL
onl,AuditConductionMovement_STAGE,15,IsActive,bit,1,1,0,0,0,0,NULL
onl,AuditConductionMovement_STAGE,16,CreatedBy,int,4,10,0,1,0,0,NULL
onl,AuditConductionMovement_STAGE,17,CreatedDate,datetime,8,23,3,1,0,0,NULL
onl,AuditConductionMovement_STAGE,18,UpdatedBy,int,4,10,0,1,0,0,NULL
onl,AuditConductionMovement_STAGE,19,UpdatedDate,datetime,8,23,3,1,0,0,NULL
onl,AuditConductionMovement_STAGE,20,IsDeleted,bit,1,1,0,1,0,0,NULL
onl,AuditConductionMovement_STAGE,21,DeletedBy,int,4,10,0,1,0,0,NULL
onl,AuditConductionMovement_STAGE,22,DeletedDate,datetime,8,23,3,1,0,0,NULL
onl,AuditConductionMovement_STAGE,23,DeleteReason,nvarchar,1000,0,0,1,0,0,NULL
onl,AuditConductionObservation_STAGE,1,AudConObsId,int,4,10,0,0,1,0,NULL
onl,AuditConductionObservation_STAGE,2,AudConObsName,nvarchar,500,0,0,0,0,0,NULL
onl,AuditConductionObservation_STAGE,3,AudConObsTypeId,int,4,10,0,0,0,0,NULL
onl,AuditConductionObservation_STAGE,4,AuditConductionId,int,4,10,0,0,0,0,NULL
onl,AuditConductionObservation_STAGE,5,AuditScheduleId,int,4,10,0,0,0,0,NULL
onl,AuditConductionObservation_STAGE,6,AuditConductionPlanningDocumentId,int,4,10,0,0,0,0,NULL
onl,AuditConductionObservation_STAGE,7,AuditConductionPlanningProcessId,int,4,10,0,0,0,0,NULL
onl,AuditConductionObservation_STAGE,8,AuditConductionPlanningSubProcessId,int,4,10,0,0,0,0,NULL
onl,AuditConductionObservation_STAGE,9,ContainerContainId,int,4,10,0,0,0,0,NULL
onl,AuditConductionObservation_STAGE,10,IsActive,bit,1,1,0,0,0,0,NULL
onl,AuditConductionObservation_STAGE,11,CreatedBy,int,4,10,0,1,0,0,NULL
onl,AuditConductionObservation_STAGE,12,CreatedDate,datetime,8,23,3,1,0,0,NULL
onl,AuditConductionObservation_STAGE,13,UpdatedBy,int,4,10,0,1,0,0,NULL
onl,AuditConductionObservation_STAGE,14,UpdatedDate,datetime,8,23,3,1,0,0,NULL
onl,AuditConductionObservation_STAGE,15,IsDeleted,bit,1,1,0,1,0,0,NULL
onl,AuditConductionObservation_STAGE,16,DeletedBy,int,4,10,0,1,0,0,NULL
onl,AuditConductionObservation_STAGE,17,DeletedDate,datetime,8,23,3,1,0,0,NULL
onl,AuditConductionObservation_STAGE,18,DeleteReason,nvarchar,1000,0,0,1,0,0,NULL
onl,AuditConductionObservationDesignAssesment_STAGE,1,AudConObsDesignAssesmentId,int,4,10,0,0,1,0,NULL
onl,AuditConductionObservationDesignAssesment_STAGE,2,AudConObsId,int,4,10,0,1,0,0,NULL
onl,AuditConductionObservationDesignAssesment_STAGE,3,AuditConductionDesignAssesmentId,int,4,10,0,1,0,0,NULL
onl,AuditConductionObservationDesignAssesment_STAGE,4,IsActive,bit,1,1,0,0,0,0,NULL
onl,AuditConductionObservationDesignAssesment_STAGE,5,IsDeleted,bit,1,1,0,1,0,0,NULL
onl,AuditConductionObservationDesignAssesment_STAGE,6,DeletedBy,int,4,10,0,1,0,0,NULL
onl,AuditConductionObservationDesignAssesment_STAGE,7,DeletedDate,datetime,8,23,3,1,0,0,NULL
onl,AuditConductionObservationSubstantive_STAGE,1,AudConObsSubstantiveId,int,4,10,0,0,1,0,NULL
onl,AuditConductionObservationSubstantive_STAGE,2,AudConObsId,int,4,10,0,1,0,0,NULL
onl,AuditConductionObservationSubstantive_STAGE,3,AuditConductionSubstantiveId,int,4,10,0,1,0,0,NULL
onl,AuditConductionObservationSubstantive_STAGE,4,IsActive,bit,1,1,0,0,0,0,NULL
onl,AuditConductionObservationSubstantive_STAGE,5,IsDeleted,bit,1,1,0,1,0,0,NULL
onl,AuditConductionObservationSubstantive_STAGE,6,DeletedBy,int,4,10,0,1,0,0,NULL
onl,AuditConductionObservationSubstantive_STAGE,7,DeletedDate,datetime,8,23,3,1,0,0,NULL
onl,AuditConductionPlanningDocument_STAGE,1,AuditConductionPlanningDocumentId,int,4,10,0,0,1,0,NULL
onl,AuditConductionPlanningDocument_STAGE,2,AuditConductionId,int,4,10,0,0,0,0,NULL
onl,AuditConductionPlanningDocument_STAGE,3,PlanningDocumentId,int,4,10,0,0,0,0,NULL
onl,AuditConductionPlanningDocument_STAGE,4,AuditConductionPlanningDocumentStatusId,int,4,10,0,1,0,0,NULL
onl,AuditConductionPlanningDocument_STAGE,5,IsActive,bit,1,1,0,0,0,0,NULL
onl,AuditConductionPlanningDocument_STAGE,6,CreatedBy,int,4,10,0,1,0,0,NULL
onl,AuditConductionPlanningDocument_STAGE,7,CreatedDate,datetime,8,23,3,1,0,0,NULL
onl,AuditConductionPlanningDocument_STAGE,8,UpdatedBy,int,4,10,0,1,0,0,NULL
onl,AuditConductionPlanningDocument_STAGE,9,UpdatedDate,datetime,8,23,3,1,0,0,NULL
onl,AuditConductionPlanningDocument_STAGE,10,IsDeleted,bit,1,1,0,1,0,0,NULL
onl,AuditConductionPlanningDocument_STAGE,11,DeletedBy,int,4,10,0,1,0,0,NULL
onl,AuditConductionPlanningDocument_STAGE,12,DeletedDate,datetime,8,23,3,1,0,0,NULL
onl,AuditConductionPlanningDocument_STAGE,13,DeleteReason,nvarchar,1000,0,0,1,0,0,NULL
onl,AuditConductionPlanningDocument_STAGE,14,AuditConductionPlanningDocumentStageId,int,4,10,0,0,0,0,NULL
onl,AuditConductionPlanningDocument_STAGE,15,AuditConductionPlanningDocumentStageGroupId,int,4,10,0,0,0,0,NULL
onl,AuditConductionPlanningDocument_STAGE,16,WorkflowProcessDetailId,int,4,10,0,1,0,0,NULL
onl,AuditConductionPlanningProcess_STAGE,1,AuditConductionPlanningProcessId,int,4,10,0,0,1,0,NULL
onl,AuditConductionPlanningProcess_STAGE,2,AuditConductionPlanningDocumentId,int,4,10,0,0,0,0,NULL
onl,AuditConductionPlanningProcess_STAGE,3,PlanningProcessId,int,4,10,0,0,0,0,NULL
onl,AuditConductionPlanningProcess_STAGE,4,AuditScheduleAuditorId,int,4,10,0,1,0,0,NULL
onl,AuditConductionPlanningProcess_STAGE,5,AuditScheduleAuditorPin,varchar,150,0,0,1,0,0,NULL
onl,AuditConductionPlanningProcess_STAGE,6,AuditScheduleAuditorName,varchar,75,0,0,1,0,0,NULL
onl,AuditConductionPlanningProcess_STAGE,7,IsActive,bit,1,1,0,0,0,0,NULL
onl,AuditConductionPlanningProcess_STAGE,8,CreatedBy,int,4,10,0,1,0,0,NULL
onl,AuditConductionPlanningProcess_STAGE,9,CreatedDate,datetime,8,23,3,1,0,0,NULL
onl,AuditConductionPlanningProcess_STAGE,10,UpdatedBy,int,4,10,0,1,0,0,NULL
onl,AuditConductionPlanningProcess_STAGE,11,UpdatedDate,datetime,8,23,3,1,0,0,NULL
onl,AuditConductionPlanningProcess_STAGE,12,IsDeleted,bit,1,1,0,1,0,0,NULL
onl,AuditConductionPlanningProcess_STAGE,13,DeletedBy,int,4,10,0,1,0,0,NULL
onl,AuditConductionPlanningProcess_STAGE,14,DeletedDate,datetime,8,23,3,1,0,0,NULL
onl,AuditConductionPlanningProcess_STAGE,15,DeleteReason,nvarchar,1000,0,0,1,0,0,NULL
onl,AuditConductionPlanningSubProcess_STAGE,1,AuditConductionPlanningSubProcessId,int,4,10,0,0,1,0,NULL
onl,AuditConductionPlanningSubProcess_STAGE,2,AuditConductionPlanningDocumentId,int,4,10,0,0,0,0,NULL
onl,AuditConductionPlanningSubProcess_STAGE,3,PlanningSubProcessId,int,4,10,0,0,0,0,NULL
onl,AuditConductionPlanningSubProcess_STAGE,4,AuditScheduleAuditorId,int,4,10,0,1,0,0,NULL
onl,AuditConductionPlanningSubProcess_STAGE,5,AuditScheduleAuditorPin,varchar,150,0,0,1,0,0,NULL
onl,AuditConductionPlanningSubProcess_STAGE,6,AuditScheduleAuditorName,varchar,75,0,0,1,0,0,NULL
onl,AuditConductionPlanningSubProcess_STAGE,7,Population,int,4,10,0,1,0,0,NULL
onl,AuditConductionPlanningSubProcess_STAGE,8,RiskTypeId,int,4,10,0,1,0,0,NULL
onl,AuditConductionPlanningSubProcess_STAGE,9,IsActive,bit,1,1,0,0,0,0,NULL
onl,AuditConductionPlanningSubProcess_STAGE,10,CreatedBy,int,4,10,0,1,0,0,NULL
onl,AuditConductionPlanningSubProcess_STAGE,11,CreatedDate,datetime,8,23,3,1,0,0,NULL
onl,AuditConductionPlanningSubProcess_STAGE,12,UpdatedBy,int,4,10,0,1,0,0,NULL
onl,AuditConductionPlanningSubProcess_STAGE,13,UpdatedDate,datetime,8,23,3,1,0,0,NULL
onl,AuditConductionPlanningSubProcess_STAGE,14,IsDeleted,bit,1,1,0,1,0,0,NULL
onl,AuditConductionPlanningSubProcess_STAGE,15,DeletedBy,int,4,10,0,1,0,0,NULL
onl,AuditConductionPlanningSubProcess_STAGE,16,DeletedDate,datetime,8,23,3,1,0,0,NULL
onl,AuditConductionPlanningSubProcess_STAGE,17,DeleteReason,nvarchar,1000,0,0,1,0,0,NULL
onl,AuditConductionPlanningSubProcess_STAGE,18,AuditConductionPlanningProcessId,int,4,10,0,0,0,0,NULL
onl,AuditConductionSubstantive_STAGE,1,AuditConductionSubstantiveId,int,4,10,0,0,1,0,NULL
onl,AuditConductionSubstantive_STAGE,2,AuditConductionPlanningDocumentId,int,4,10,0,0,0,0,NULL
onl,AuditConductionSubstantive_STAGE,3,AuditConductionPlanningProcessId,int,4,10,0,0,0,0,NULL
onl,AuditConductionSubstantive_STAGE,4,AuditConductionPlanningSubProcessId,int,4,10,0,0,0,0,NULL
onl,AuditConductionSubstantive_STAGE,5,SubstantiveTestProcedureId,int,4,10,0,1,0,0,NULL
onl,AuditConductionSubstantive_STAGE,6,SubstantiveTestProcedureName,nvarchar,400,0,0,1,0,0,NULL
onl,AuditConductionSubstantive_STAGE,7,Objective,nvarchar,400,0,0,1,0,0,NULL
onl,AuditConductionSubstantive_STAGE,8,SampleSize,int,4,10,0,1,0,0,NULL
onl,AuditConductionSubstantive_STAGE,9,Population,int,4,10,0,1,0,0,NULL
onl,AuditConductionSubstantive_STAGE,10,Instance,int,4,10,0,1,0,0,NULL
onl,AuditConductionSubstantive_STAGE,11,RiskTypeId,int,4,10,0,1,0,0,NULL
onl,AuditConductionSubstantive_STAGE,12,RiskWeight,int,4,10,0,1,0,0,NULL
onl,AuditConductionSubstantive_STAGE,13,IsActive,bit,1,1,0,0,0,0,NULL
onl,AuditConductionSubstantive_STAGE,14,CreatedBy,int,4,10,0,1,0,0,NULL
onl,AuditConductionSubstantive_STAGE,15,CreatedDate,datetime,8,23,3,1,0,0,NULL
onl,AuditConductionSubstantive_STAGE,16,UpdatedBy,int,4,10,0,1,0,0,NULL
onl,AuditConductionSubstantive_STAGE,17,UpdatedDate,datetime,8,23,3,1,0,0,NULL
onl,AuditConductionSubstantive_STAGE,18,IsDeleted,bit,1,1,0,1,0,0,NULL
onl,AuditConductionSubstantive_STAGE,19,DeletedBy,int,4,10,0,1,0,0,NULL
onl,AuditConductionSubstantive_STAGE,20,DeletedDate,datetime,8,23,3,1,0,0,NULL
onl,AuditConductionSubstantive_STAGE,21,DeleteReason,nvarchar,1000,0,0,1,0,0,NULL
onl,AuditConductionSubstantiveAssertion_STAGE,1,AuditConductionSubstantiveAssertionId,int,4,10,0,0,1,0,NULL
onl,AuditConductionSubstantiveAssertion_STAGE,2,AuditConductionSubstantiveId,int,4,10,0,0,0,0,NULL
onl,AuditConductionSubstantiveAssertion_STAGE,3,AssertionId,int,4,10,0,1,0,0,NULL
onl,AuditConductionSubstantiveAssertion_STAGE,4,IsActive,bit,1,1,0,0,0,0,NULL
onl,AuditConductionSubstantiveAssertion_STAGE,5,IsDeleted,bit,1,1,0,1,0,0,NULL
onl,AuditConductionSubstantiveAssertion_STAGE,6,DeletedBy,int,4,10,0,1,0,0,NULL
onl,AuditConductionSubstantiveAssertion_STAGE,7,DeletedDate,datetime,8,23,3,1,0,0,NULL
onl,Observation_STAGE,1,ObservationId,int,4,10,0,0,1,0,NULL
onl,Observation_STAGE,2,ObservationName,nvarchar,1000,0,0,0,0,0,NULL
onl,Observation_STAGE,3,ObservationNameBn,nvarchar,1000,0,0,1,0,0,NULL
onl,Observation_STAGE,4,RequesterId,int,4,10,0,1,0,0,NULL
onl,Observation_STAGE,5,IsAmountMandatory,bit,1,1,0,1,0,0,NULL
onl,Observation_STAGE,6,Code,nvarchar,40,0,0,1,0,0,NULL
onl,Observation_STAGE,7,LanguageId,int,4,10,0,1,0,0,NULL
onl,Observation_STAGE,8,ObservationCategoryId,int,4,10,0,0,0,0,NULL
onl,Observation_STAGE,9,Description,nvarchar,5000,0,0,1,0,0,NULL
onl,Observation_STAGE,10,IsActive,bit,1,1,0,0,0,0,NULL
onl,Observation_STAGE,11,StartDate,date,3,10,0,1,0,0,NULL
onl,Observation_STAGE,12,EndDate,date,3,10,0,1,0,0,NULL
onl,Observation_STAGE,13,CreatedBy,int,4,10,0,1,0,0,NULL
onl,Observation_STAGE,14,CreatedDate,datetime,8,23,3,1,0,0,NULL
onl,Observation_STAGE,15,UpdatedBy,int,4,10,0,1,0,0,NULL
onl,Observation_STAGE,16,UpdatedDate,datetime,8,23,3,1,0,0,NULL
onl,Observation_STAGE,17,IsDeleted,bit,1,1,0,1,0,0,NULL
onl,Observation_STAGE,18,DeletedBy,int,4,10,0,1,0,0,NULL
onl,Observation_STAGE,19,DeletedDate,datetime,8,23,3,1,0,0,NULL
onl,Observation_STAGE,20,DeleteReason,nvarchar,1000,0,0,1,0,0,NULL
onl,Observation_STAGE,21,IsApprove,bit,1,1,0,1,0,0,NULL
onl,Observation_STAGE,22,ApprovedOn,datetime,8,23,3,1,0,0,NULL
onl,Observation_STAGE,23,ApprovedBy,int,4,10,0,1,0,0,NULL
pld,Assertion,1,AssertionId,int,4,10,0,0,1,0,NULL
pld,Assertion,2,AssertionName,nvarchar,2000,0,0,1,0,0,NULL
pld,Assertion,3,AssertionDescription,nvarchar,600,0,0,1,0,0,NULL
pld,Assertion,4,IsActive,bit,1,1,0,0,0,0,NULL
pld,Assertion,5,CreatedBy,int,4,10,0,1,0,0,NULL
pld,Assertion,6,CreatedDate,datetime,8,23,3,1,0,0,NULL
pld,Assertion,7,UpdatedBy,int,4,10,0,1,0,0,NULL
pld,Assertion,8,UpdatedDate,datetime,8,23,3,1,0,0,NULL
pld,Assertion,9,IsDeleted,bit,1,1,0,1,0,0,NULL
pld,Assertion,10,DeletedBy,int,4,10,0,1,0,0,NULL
pld,Assertion,11,DeletedDate,datetime,8,23,3,1,0,0,NULL
pld,Assertion,12,DeleteReason,nvarchar,1000,0,0,1,0,0,NULL
pld,AudConSubstantiveTestProcedureMap,1,AudConSubstantiveTestProcedureMapId,int,4,10,0,0,1,0,NULL
pld,AudConSubstantiveTestProcedureMap,2,PlanningDocumentId,int,4,10,0,0,0,0,NULL
pld,AudConSubstantiveTestProcedureMap,3,PlanningProcessId,int,4,10,0,0,0,0,NULL
pld,AudConSubstantiveTestProcedureMap,4,PlanningSubProcessId,int,4,10,0,0,0,0,NULL
pld,AudConSubstantiveTestProcedureMap,5,SubstantiveTestProcedureId,int,4,10,0,0,0,0,NULL
pld,AudConSubstantiveTestProcedureMap,6,IsActive,bit,1,1,0,0,0,0,NULL
pld,AudConSubstantiveTestProcedureMap,7,CreatedBy,int,4,10,0,1,0,0,NULL
pld,AudConSubstantiveTestProcedureMap,8,CreatedDate,datetime,8,23,3,1,0,0,NULL
pld,AudConSubstantiveTestProcedureMap,9,UpdatedBy,int,4,10,0,1,0,0,NULL
pld,AudConSubstantiveTestProcedureMap,10,UpdatedDate,datetime,8,23,3,1,0,0,NULL
pld,AudConSubstantiveTestProcedureMap,11,IsDeleted,bit,1,1,0,1,0,0,NULL
pld,AudConSubstantiveTestProcedureMap,12,DeletedBy,int,4,10,0,1,0,0,NULL
pld,AudConSubstantiveTestProcedureMap,13,DeletedDate,datetime,8,23,3,1,0,0,NULL
pld,AudConSubstantiveTestProcedureMap,14,DeleteReason,nvarchar,1000,0,0,1,0,0,NULL
pld,AuditConductionControlMap,1,AuditConductionControlMapId,int,4,10,0,0,1,0,NULL
pld,AuditConductionControlMap,2,PlanningDocumentId,int,4,10,0,0,0,0,NULL
pld,AuditConductionControlMap,3,PlanningProcessId,int,4,10,0,0,0,0,NULL
pld,AuditConductionControlMap,4,PlanningSubProcessId,int,4,10,0,0,0,0,NULL
pld,AuditConductionControlMap,5,PdControlId,int,4,10,0,0,0,0,NULL
pld,AuditConductionControlMap,6,IsActive,bit,1,1,0,0,0,0,NULL
pld,AuditConductionControlMap,7,CreatedBy,int,4,10,0,1,0,0,NULL
pld,AuditConductionControlMap,8,CreatedDate,datetime,8,23,3,1,0,0,NULL
pld,AuditConductionControlMap,9,UpdatedBy,int,4,10,0,1,0,0,NULL
pld,AuditConductionControlMap,10,UpdatedDate,datetime,8,23,3,1,0,0,NULL
pld,AuditConductionControlMap,11,IsDeleted,bit,1,1,0,1,0,0,NULL
pld,AuditConductionControlMap,12,DeletedBy,int,4,10,0,1,0,0,NULL
pld,AuditConductionControlMap,13,DeletedDate,datetime,8,23,3,1,0,0,NULL
pld,AuditConductionControlMap,14,DeleteReason,nvarchar,1000,0,0,1,0,0,NULL
pld,AuditConductionDesignAssesmentMap,1,AuditConductionDesignAssesmentMapId,int,4,10,0,0,1,0,NULL
pld,AuditConductionDesignAssesmentMap,2,PlanningDocumentId,int,4,10,0,0,0,0,NULL
pld,AuditConductionDesignAssesmentMap,3,PlanningProcessId,int,4,10,0,0,0,0,NULL
pld,AuditConductionDesignAssesmentMap,4,PlanningSubProcessId,int,4,10,0,0,0,0,NULL
pld,AuditConductionDesignAssesmentMap,5,DesignAssesmentId,int,4,10,0,0,0,0,NULL
pld,AuditConductionDesignAssesmentMap,6,IsActive,bit,1,1,0,0,0,0,NULL
pld,AuditConductionDesignAssesmentMap,7,CreatedBy,int,4,10,0,1,0,0,NULL
pld,AuditConductionDesignAssesmentMap,8,CreatedDate,datetime,8,23,3,1,0,0,NULL
pld,AuditConductionDesignAssesmentMap,9,UpdatedBy,int,4,10,0,1,0,0,NULL
pld,AuditConductionDesignAssesmentMap,10,UpdatedDate,datetime,8,23,3,1,0,0,NULL
pld,AuditConductionDesignAssesmentMap,11,IsDeleted,bit,1,1,0,1,0,0,NULL
pld,AuditConductionDesignAssesmentMap,12,DeletedBy,int,4,10,0,1,0,0,NULL
pld,AuditConductionDesignAssesmentMap,13,DeletedDate,datetime,8,23,3,1,0,0,NULL
pld,AuditConductionDesignAssesmentMap,14,DeleteReason,nvarchar,1000,0,0,1,0,0,NULL
pld,ControlQuestion,1,ControlQuestionId,int,4,10,0,0,1,0,NULL
pld,ControlQuestion,2,Question,nvarchar,2000,0,0,0,0,0,NULL
pld,ControlQuestion,3,Description,nvarchar,2000,0,0,1,0,0,NULL
pld,ControlQuestion,4,IsActive,bit,1,1,0,0,0,0,NULL
pld,ControlQuestion,5,CreatedBy,int,4,10,0,1,0,0,NULL
pld,ControlQuestion,6,CreatedDate,datetime,8,23,3,1,0,0,NULL
pld,ControlQuestion,7,UpdatedBy,int,4,10,0,1,0,0,NULL
pld,ControlQuestion,8,UpdatedDate,datetime,8,23,3,1,0,0,NULL
pld,ControlQuestion,9,IsDeleted,bit,1,1,0,1,0,0,NULL
pld,ControlQuestion,10,DeletedBy,int,4,10,0,1,0,0,NULL
pld,ControlQuestion,11,DeletedDate,datetime,8,23,3,1,0,0,NULL
pld,ControlQuestion,12,DeleteReason,nvarchar,1000,0,0,1,0,0,NULL
pld,ControlQuestion,13,IsAuditConduction,bit,1,1,0,1,0,0,NULL
pld,ControlQuestionDetail,1,ControlQuestionDetailId,int,4,10,0,0,1,0,NULL
pld,ControlQuestionDetail,2,ControlQuestionId,int,4,10,0,0,0,0,NULL
pld,ControlQuestionDetail,3,Answer,nvarchar,400,0,0,0,0,0,NULL
pld,ControlQuestionDetail,4,AnswerValue,int,4,10,0,1,0,0,NULL
pld,ControlQuestionDetail,5,IsActive,bit,1,1,0,0,0,0,NULL
pld,ControlQuestionDetail,6,CreatedBy,int,4,10,0,1,0,0,NULL
pld,ControlQuestionDetail,7,CreatedDate,datetime,8,23,3,1,0,0,NULL
pld,ControlQuestionDetail,8,UpdatedBy,int,4,10,0,1,0,0,NULL
pld,ControlQuestionDetail,9,UpdatedDate,datetime,8,23,3,1,0,0,NULL
pld,ControlQuestionDetail,10,IsDeleted,bit,1,1,0,1,0,0,NULL
pld,ControlQuestionDetail,11,DeletedBy,int,4,10,0,1,0,0,NULL
pld,ControlQuestionDetail,12,DeletedDate,datetime,8,23,3,1,0,0,NULL
pld,ControlQuestionDetail,13,DeleteReason,nvarchar,1000,0,0,1,0,0,NULL
pld,DesignAssesment,1,DesignAssesmentId,int,4,10,0,0,1,0,NULL
pld,DesignAssesment,2,Question,nvarchar,2000,0,0,1,0,0,NULL
pld,DesignAssesment,3,Description,nvarchar,600,0,0,1,0,0,NULL
pld,DesignAssesment,4,IsActive,bit,1,1,0,0,0,0,NULL
pld,DesignAssesment,5,CreatedBy,int,4,10,0,1,0,0,NULL
pld,DesignAssesment,6,CreatedDate,datetime,8,23,3,1,0,0,NULL
pld,DesignAssesment,7,UpdatedBy,int,4,10,0,1,0,0,NULL
pld,DesignAssesment,8,UpdatedDate,datetime,8,23,3,1,0,0,NULL
pld,DesignAssesment,9,IsDeleted,bit,1,1,0,1,0,0,NULL
pld,DesignAssesment,10,DeletedBy,int,4,10,0,1,0,0,NULL
pld,DesignAssesment,11,DeletedDate,datetime,8,23,3,1,0,0,NULL
pld,DesignAssesment,12,DeleteReason,nvarchar,1000,0,0,1,0,0,NULL
pld,DesignAssesment,13,IsAuditConduction,bit,1,1,0,1,0,0,NULL
pld,DesignAssesmentDetail,1,DesignAssesmentDetailId,int,4,10,0,0,1,0,NULL
pld,DesignAssesmentDetail,2,DesignAssesmentId,int,4,10,0,0,0,0,NULL
pld,DesignAssesmentDetail,3,Answer,nvarchar,200,0,0,0,0,0,NULL
pld,DesignAssesmentDetail,4,AnswerValue,int,4,10,0,1,0,0,NULL
pld,DesignAssesmentDetail,5,IsActive,bit,1,1,0,0,0,0,NULL
pld,DesignAssesmentDetail,6,CreatedBy,int,4,10,0,1,0,0,NULL
pld,DesignAssesmentDetail,7,CreatedDate,datetime,8,23,3,1,0,0,NULL
pld,DesignAssesmentDetail,8,UpdatedBy,int,4,10,0,1,0,0,NULL
pld,DesignAssesmentDetail,9,UpdatedDate,datetime,8,23,3,1,0,0,NULL
pld,DesignAssesmentDetail,10,IsDeleted,bit,1,1,0,1,0,0,NULL
pld,DesignAssesmentDetail,11,DeletedBy,int,4,10,0,1,0,0,NULL
pld,DesignAssesmentDetail,12,DeletedDate,datetime,8,23,3,1,0,0,NULL
pld,DesignAssesmentDetail,13,DeleteReason,nvarchar,1000,0,0,1,0,0,NULL
pld,FrequencyOfControl,1,FrequencyOfControlId,int,4,10,0,0,1,0,NULL
pld,FrequencyOfControl,2,FrequencyOfControlName,nvarchar,2000,0,0,1,0,0,NULL
pld,FrequencyOfControl,3,Description,nvarchar,5000,0,0,1,0,0,NULL
pld,FrequencyOfControl,4,IsActive,bit,1,1,0,0,0,0,NULL
pld,FrequencyOfControl,5,CreatedBy,int,4,10,0,1,0,0,NULL
pld,FrequencyOfControl,6,CreatedDate,datetime,8,23,3,1,0,0,NULL
pld,FrequencyOfControl,7,UpdatedBy,int,4,10,0,1,0,0,NULL
pld,FrequencyOfControl,8,UpdatedDate,datetime,8,23,3,1,0,0,NULL
pld,FrequencyOfControl,9,IsDeleted,bit,1,1,0,1,0,0,NULL
pld,FrequencyOfControl,10,DeletedBy,int,4,10,0,1,0,0,NULL
pld,FrequencyOfControl,11,DeletedDate,datetime,8,23,3,1,0,0,NULL
pld,FrequencyOfControl,12,DeleteReason,nvarchar,1000,0,0,1,0,0,NULL
pld,NatureOfControl,1,NatureOfControlId,int,4,10,0,0,1,0,NULL
pld,NatureOfControl,2,NatureOfControlName,nvarchar,2000,0,0,1,0,0,NULL
pld,NatureOfControl,3,IsActive,bit,1,1,0,0,0,0,NULL
pld,NatureOfControl,4,CreatedBy,int,4,10,0,1,0,0,NULL
pld,NatureOfControl,5,CreatedDate,datetime,8,23,3,1,0,0,NULL
pld,NatureOfControl,6,UpdatedBy,int,4,10,0,1,0,0,NULL
pld,NatureOfControl,7,UpdatedDate,datetime,8,23,3,1,0,0,NULL
pld,NatureOfControl,8,IsDeleted,bit,1,1,0,1,0,0,NULL
pld,NatureOfControl,9,DeletedBy,int,4,10,0,1,0,0,NULL
pld,NatureOfControl,10,DeletedDate,datetime,8,23,3,1,0,0,NULL
pld,NatureOfControl,11,DeleteReason,nvarchar,1000,0,0,1,0,0,NULL
pld,PdControl,1,PdControlId,int,4,10,0,0,1,0,NULL
pld,PdControl,2,ControlName,nvarchar,2000,0,0,0,0,0,NULL
pld,PdControl,3,Objective,nvarchar,8000,0,0,1,0,0,NULL
pld,PdControl,4,ControlPerformed,nvarchar,8000,0,0,1,0,0,NULL
pld,PdControl,5,SampleTechnique,nvarchar,2000,0,0,1,0,0,NULL
pld,PdControl,6,RiskDescription,nvarchar,500,0,0,1,0,0,NULL
pld,PdControl,7,IsActive,bit,1,1,0,0,0,0,NULL
pld,PdControl,8,CreatedBy,int,4,10,0,1,0,0,NULL
pld,PdControl,9,CreatedDate,datetime,8,23,3,1,0,0,NULL
pld,PdControl,10,UpdatedBy,int,4,10,0,1,0,0,NULL
pld,PdControl,11,UpdatedDate,datetime,8,23,3,1,0,0,NULL
pld,PdControl,12,IsDeleted,bit,1,1,0,1,0,0,NULL
pld,PdControl,13,DeletedBy,int,4,10,0,1,0,0,NULL
pld,PdControl,14,DeletedDate,datetime,8,23,3,1,0,0,NULL
pld,PdControl,15,DeleteReason,nvarchar,1000,0,0,1,0,0,NULL
pld,PdControl,16,IsAuditConduction,bit,1,1,0,1,0,0,NULL
pld,PdControlQuestionMap,1,PdControlQuestionMapId,int,4,10,0,0,1,0,NULL
pld,PdControlQuestionMap,2,PdControlId,int,4,10,0,0,0,0,NULL
pld,PdControlQuestionMap,3,ControlQuestionId,int,4,10,0,0,0,0,NULL
pld,PdControlQuestionMap,4,IsActive,bit,1,1,0,0,0,0,NULL
pld,PdControlQuestionMap,5,CreatedBy,int,4,10,0,1,0,0,NULL
pld,PdControlQuestionMap,6,CreatedDate,datetime,8,23,3,1,0,0,NULL
pld,PdControlQuestionMap,7,UpdatedBy,int,4,10,0,1,0,0,NULL
pld,PdControlQuestionMap,8,UpdatedDate,datetime,8,23,3,1,0,0,NULL
pld,PdControlQuestionMap,9,IsDeleted,bit,1,1,0,1,0,0,NULL
pld,PdControlQuestionMap,10,DeletedBy,int,4,10,0,1,0,0,NULL
pld,PdControlQuestionMap,11,DeletedDate,datetime,8,23,3,1,0,0,NULL
pld,PdControlQuestionMap,12,DeleteReason,nvarchar,1000,0,0,1,0,0,NULL
pld,PerformProcedure,1,PerformProcedureId,int,4,10,0,0,1,0,NULL
pld,PerformProcedure,2,PerformProcedureName,nvarchar,500,0,0,0,0,0,NULL
pld,PerformProcedure,3,Description,nvarchar,5000,0,0,1,0,0,NULL
pld,PerformProcedure,4,IsActive,bit,1,1,0,0,0,0,NULL
pld,PerformProcedure,5,CreatedBy,int,4,10,0,1,0,0,NULL
pld,PerformProcedure,6,CreatedDate,datetime,8,23,3,1,0,0,NULL
pld,PerformProcedure,7,UpdatedBy,int,4,10,0,1,0,0,NULL
pld,PerformProcedure,8,UpdatedDate,datetime,8,23,3,1,0,0,NULL
pld,PerformProcedure,9,IsDeleted,bit,1,1,0,1,0,0,NULL
pld,PerformProcedure,10,DeletedBy,int,4,10,0,1,0,0,NULL
pld,PerformProcedure,11,DeletedDate,datetime,8,23,3,1,0,0,NULL
pld,PerformProcedure,12,DeleteReason,nvarchar,1000,0,0,1,0,0,NULL
pld,PlanningDiagram,1,PlanningDiagramId,int,4,10,0,0,1,0,NULL
pld,PlanningDiagram,2,PlanningProcessId,int,4,10,0,0,0,0,NULL
pld,PlanningDiagram,3,DiagramName,nvarchar,500,0,0,1,0,0,NULL
pld,PlanningDiagram,4,ContentType,nvarchar,510,0,0,1,0,0,NULL
pld,PlanningDiagram,5,FileExtension,nvarchar,100,0,0,1,0,0,NULL
pld,PlanningDiagram,6,SourcePath,nvarchar,1000,0,0,1,0,0,NULL
pld,PlanningDiagram,7,FileSizeMb,decimal,9,18,2,1,0,0,NULL
pld,PlanningDiagram,8,FileName,nvarchar,400,0,0,1,0,0,NULL
pld,PlanningDiagram,9,FileStorageHistoryId,int,4,10,0,1,0,0,NULL
pld,PlanningDiagram,10,FileStorageTypeId,int,4,10,0,1,0,0,NULL
pld,PlanningDiagram,11,IsActive,bit,1,1,0,1,0,0,NULL
pld,PlanningDiagram,12,CreatedBy,int,4,10,0,1,0,0,NULL
pld,PlanningDiagram,13,CreatedDate,datetime,8,23,3,1,0,0,NULL
pld,PlanningDiagram,14,UpdatedBy,int,4,10,0,1,0,0,NULL
pld,PlanningDiagram,15,UpdatedDate,datetime,8,23,3,1,0,0,NULL
pld,PlanningDiagram,16,IsDeleted,bit,1,1,0,1,0,0,NULL
pld,PlanningDiagram,17,DeletedBy,int,4,10,0,1,0,0,NULL
pld,PlanningDiagram,18,DeletedDate,datetime,8,23,3,1,0,0,NULL
pld,PlanningDiagram,19,DeleteReason,nvarchar,1000,0,0,1,0,0,NULL
pld,PlanningDiagram,20,IsAuditConduction,bit,1,1,0,1,0,0,NULL
pld,PlanningDiagramFile,1,PlanningDiagramFileId,int,4,10,0,0,1,0,NULL
pld,PlanningDiagramFile,2,PlanningDiagramId,int,4,10,0,0,0,0,NULL
pld,PlanningDiagramFile,3,SourceFile,varbinary,-1,0,0,1,0,0,NULL
pld,PlanningDiagramFile,4,IsActive,bit,1,1,0,1,0,0,NULL
pld,PlanningDiagramFile,5,CreatedBy,int,4,10,0,1,0,0,NULL
pld,PlanningDiagramFile,6,CreatedDate,datetime,8,23,3,1,0,0,NULL
pld,PlanningDiagramFile,7,UpdatedBy,int,4,10,0,1,0,0,NULL
pld,PlanningDiagramFile,8,UpdatedDate,datetime,8,23,3,1,0,0,NULL
pld,PlanningDiagramFile,9,IsDeleted,bit,1,1,0,1,0,0,NULL
pld,PlanningDiagramFile,10,DeletedBy,int,4,10,0,1,0,0,NULL
pld,PlanningDiagramFile,11,DeletedDate,datetime,8,23,3,1,0,0,NULL
pld,PlanningDiagramFile,12,DeleteReason,nchar,20,0,0,1,0,0,NULL
pld,PlanningDiagramFileTemp,1,PlanningDiagramFileId,int,4,10,0,0,1,0,NULL
pld,PlanningDiagramFileTemp,2,PlanningDiagramId,int,4,10,0,0,0,0,NULL
pld,PlanningDiagramFileTemp,3,SourceFile,nvarchar,-1,0,0,1,0,0,NULL
pld,PlanningDiagramFileTemp,4,IsActive,bit,1,1,0,1,0,0,NULL
pld,PlanningDiagramFileTemp,5,CreatedBy,int,4,10,0,1,0,0,NULL
pld,PlanningDiagramFileTemp,6,CreatedDate,datetime,8,23,3,1,0,0,NULL
pld,PlanningDiagramFileTemp,7,UpdatedBy,int,4,10,0,1,0,0,NULL
pld,PlanningDiagramFileTemp,8,UpdatedDate,datetime,8,23,3,1,0,0,NULL
pld,PlanningDiagramFileTemp,9,IsDeleted,bit,1,1,0,1,0,0,NULL
pld,PlanningDiagramFileTemp,10,DeletedBy,int,4,10,0,1,0,0,NULL
pld,PlanningDiagramFileTemp,11,DeletedDate,datetime,8,23,3,1,0,0,NULL
pld,PlanningDiagramFileTemp,12,DeleteReason,nchar,20,0,0,1,0,0,NULL
pld,PlanningDocument,1,PlanningDocumentId,int,4,10,0,0,1,0,NULL
pld,PlanningDocument,2,ProjectId,int,4,10,0,0,0,0,NULL
pld,PlanningDocument,3,ReportTypeId,int,4,10,0,1,0,0,NULL
pld,PlanningDocument,4,RiskTypeId,int,4,10,0,1,0,0,NULL
pld,PlanningDocument,5,ProgrammeGroupId,int,4,10,0,1,0,0,NULL
pld,PlanningDocument,6,PlanningDocumentCode,nvarchar,50,0,0,1,0,0,NULL
pld,PlanningDocument,7,PlanningDocumentName,nvarchar,2000,0,0,1,0,0,NULL
pld,PlanningDocument,8,IsApprove,bit,1,1,0,0,0,0,NULL
pld,PlanningDocument,9,ApprovedOn,datetime,8,23,3,1,0,0,NULL
pld,PlanningDocument,10,ApprovedBy,int,4,10,0,1,0,0,NULL
pld,PlanningDocument,11,IsActive,bit,1,1,0,1,0,0,NULL
pld,PlanningDocument,12,CreatedBy,int,4,10,0,1,0,0,NULL
pld,PlanningDocument,13,CreatedDate,datetime,8,23,3,1,0,0,NULL
pld,PlanningDocument,14,UpdatedBy,int,4,10,0,1,0,0,NULL
pld,PlanningDocument,15,UpdatedDate,datetime,8,23,3,1,0,0,NULL
pld,PlanningDocument,16,IsDeleted,bit,1,1,0,1,0,0,NULL
pld,PlanningDocument,17,DeletedBy,int,4,10,0,1,0,0,NULL
pld,PlanningDocument,18,DeletedDate,datetime,8,23,3,1,0,0,NULL
pld,PlanningDocument,19,DeleteReason,nvarchar,1000,0,0,1,0,0,NULL
pld,PlanningDocument,20,AuditTypeId,int,4,10,0,1,0,0,NULL
pld,PlanningProcess,1,PlanningProcessId,int,4,10,0,0,1,0,NULL
pld,PlanningProcess,2,PlanningDocumentId,int,4,10,0,0,0,0,NULL
pld,PlanningProcess,3,ProcessCode,nvarchar,50,0,0,1,0,0,NULL
pld,PlanningProcess,4,PlanningProcessName,nvarchar,2000,0,0,1,0,0,NULL
pld,PlanningProcess,5,IsActive,bit,1,1,0,1,0,0,NULL
pld,PlanningProcess,6,CreatedBy,int,4,10,0,1,0,0,NULL
pld,PlanningProcess,7,CreatedDate,datetime,8,23,3,1,0,0,NULL
pld,PlanningProcess,8,UpdatedBy,int,4,10,0,1,0,0,NULL
pld,PlanningProcess,9,UpdatedDate,datetime,8,23,3,1,0,0,NULL
pld,PlanningProcess,10,IsDeleted,bit,1,1,0,1,0,0,NULL
pld,PlanningProcess,11,DeletedBy,int,4,10,0,1,0,0,NULL
pld,PlanningProcess,12,DeletedDate,datetime,8,23,3,1,0,0,NULL
pld,PlanningProcess,13,DeleteReason,nvarchar,1000,0,0,1,0,0,NULL
pld,PlanningProcess,14,IsAuditConduction,bit,1,1,0,1,0,0,NULL
pld,PlanningSubProcess,1,PlanningSubProcessId,int,4,10,0,0,1,0,NULL
pld,PlanningSubProcess,2,PlanningProcessId,int,4,10,0,0,0,0,NULL
pld,PlanningSubProcess,3,PlanningSubProcessCode,nvarchar,50,0,0,1,0,0,NULL
pld,PlanningSubProcess,4,PlanningSubProcessName,nvarchar,2000,0,0,1,0,0,NULL
pld,PlanningSubProcess,5,Population,int,4,10,0,1,0,0,NULL
pld,PlanningSubProcess,6,RiskTypeId,int,4,10,0,1,0,0,NULL
pld,PlanningSubProcess,7,SampleSize,int,4,10,0,1,0,0,NULL
pld,PlanningSubProcess,8,SampleSizePercentage,int,4,10,0,1,0,0,NULL
pld,PlanningSubProcess,9,IsActive,bit,1,1,0,1,0,0,NULL
pld,PlanningSubProcess,10,CreatedBy,int,4,10,0,1,0,0,NULL
pld,PlanningSubProcess,11,CreatedDate,datetime,8,23,3,1,0,0,NULL
pld,PlanningSubProcess,12,UpdatedBy,int,4,10,0,1,0,0,NULL
pld,PlanningSubProcess,13,UpdatedDate,datetime,8,23,3,1,0,0,NULL
pld,PlanningSubProcess,14,IsDeleted,bit,1,1,0,1,0,0,NULL
pld,PlanningSubProcess,15,DeletedBy,int,4,10,0,1,0,0,NULL
pld,PlanningSubProcess,16,DeletedDate,datetime,8,23,3,1,0,0,NULL
pld,PlanningSubProcess,17,DeleteReason,nvarchar,1000,0,0,1,0,0,NULL
pld,PlanningSubProcess,18,IsAuditConduction,bit,1,1,0,1,0,0,NULL
pld,RiskLevel,1,RiskLevelId,int,4,10,0,0,1,0,NULL
pld,RiskLevel,2,RiskLevelName,nvarchar,500,0,0,0,0,0,NULL
pld,RiskLevel,3,Description,nvarchar,5000,0,0,1,0,0,NULL
pld,RiskLevel,4,IsActive,bit,1,1,0,0,0,0,NULL
pld,RiskLevel,5,CreatedBy,int,4,10,0,1,0,0,NULL
pld,RiskLevel,6,CreatedDate,datetime,8,23,3,1,0,0,NULL
pld,RiskLevel,7,UpdatedBy,int,4,10,0,1,0,0,NULL
pld,RiskLevel,8,UpdatedDate,datetime,8,23,3,1,0,0,NULL
pld,RiskLevel,9,IsDeleted,bit,1,1,0,1,0,0,NULL
pld,RiskLevel,10,DeletedBy,int,4,10,0,1,0,0,NULL
pld,RiskLevel,11,DeletedDate,datetime,8,23,3,1,0,0,NULL
pld,RiskLevel,12,DeleteReason,nvarchar,1000,0,0,1,0,0,NULL
pld,SubstantiveTestProcedure,1,SubstantiveTestProcedureId,int,4,10,0,0,1,0,NULL
pld,SubstantiveTestProcedure,2,SubstantiveTestProcedureName,nvarchar,2000,0,0,1,0,0,NULL
pld,SubstantiveTestProcedure,3,Description,nvarchar,600,0,0,1,0,0,NULL
pld,SubstantiveTestProcedure,4,IsActive,bit,1,1,0,0,0,0,NULL
pld,SubstantiveTestProcedure,5,CreatedBy,int,4,10,0,1,0,0,NULL
pld,SubstantiveTestProcedure,6,CreatedDate,datetime,8,23,3,1,0,0,NULL
pld,SubstantiveTestProcedure,7,UpdatedBy,int,4,10,0,1,0,0,NULL
pld,SubstantiveTestProcedure,8,UpdatedDate,datetime,8,23,3,1,0,0,NULL
pld,SubstantiveTestProcedure,9,IsDeleted,bit,1,1,0,1,0,0,NULL
pld,SubstantiveTestProcedure,10,DeletedBy,int,4,10,0,1,0,0,NULL
pld,SubstantiveTestProcedure,11,DeletedDate,datetime,8,23,3,1,0,0,NULL
pld,SubstantiveTestProcedure,12,DeleteReason,nvarchar,1000,0,0,1,0,0,NULL
pld,SubstantiveTestProcedure,15,TestObjective,nvarchar,8000,0,0,1,0,0,NULL
pld,SubstantiveTestProcedure,16,ProcedurePerformed,nvarchar,8000,0,0,1,0,0,NULL
pld,SubstantiveTestProcedure,17,IsAuditConduction,bit,1,1,0,1,0,0,NULL
sch,AuditSchedule,1,AuditScheduleId,int,4,10,0,0,1,0,NULL
sch,AuditSchedule,2,Year,int,4,10,0,1,0,0,NULL
sch,AuditSchedule,3,Month,int,4,10,0,1,0,0,NULL
sch,AuditSchedule,4,ZoneId,int,4,10,0,1,0,0,NULL
sch,AuditSchedule,5,OrgDivisionId,int,4,10,0,1,0,0,NULL
sch,AuditSchedule,6,OrgDistrictId,int,4,10,0,1,0,0,NULL
sch,AuditSchedule,7,OrgUpazilaId,int,4,10,0,1,0,0,NULL
sch,AuditSchedule,8,OrgAreaId,int,4,10,0,1,0,0,NULL
sch,AuditSchedule,9,BranchId,int,4,10,0,1,0,0,NULL
sch,AuditSchedule,10,ProjectId,int,4,10,0,1,0,0,NULL
sch,AuditSchedule,11,SubProgrammeId,int,4,10,0,1,0,0,NULL
sch,AuditSchedule,12,ProgrammeId,int,4,10,0,1,0,0,NULL
sch,AuditSchedule,13,ProgrammeGroupId,int,4,10,0,1,0,0,NULL
sch,AuditSchedule,14,AssignManagerId,int,4,10,0,1,0,0,NULL
sch,AuditSchedule,15,AssignManagerPIN,nvarchar,300,0,0,1,0,0,NULL
sch,AuditSchedule,16,Comment,nvarchar,-1,0,0,1,0,0,NULL
sch,AuditSchedule,17,AssignManagerName,nvarchar,300,0,0,1,0,0,NULL
sch,AuditSchedule,18,AuditScheduleStatusId,int,4,10,0,1,0,0,NULL
sch,AuditSchedule,19,ScheduleTypeId,int,4,10,0,1,0,0,NULL
sch,AuditSchedule,20,AuditTypeId,int,4,10,0,1,0,0,NULL
sch,AuditSchedule,21,ReportTypeId,int,4,10,0,1,0,0,NULL
sch,AuditSchedule,22,RiskTypeId,int,4,10,0,1,0,0,NULL
sch,AuditSchedule,23,RiskEffectiveDate,date,3,10,0,1,0,0,NULL
sch,AuditSchedule,24,OverDue,int,4,10,0,1,0,0,NULL
sch,AuditSchedule,25,LastAudit,int,4,10,0,1,0,0,NULL
sch,AuditSchedule,26,FromDate,datetime,8,23,3,1,0,0,NULL
sch,AuditSchedule,27,ToDate,datetime,8,23,3,1,0,0,NULL
sch,AuditSchedule,28,IsExternal,bit,1,1,0,1,0,0,NULL
sch,AuditSchedule,29,DepartmentId,int,4,10,0,1,0,0,NULL
sch,AuditSchedule,30,StepNo,int,4,10,0,1,0,0,NULL
sch,AuditSchedule,31,IsComplete,bit,1,1,0,1,0,0,NULL
sch,AuditSchedule,32,IsActive,bit,1,1,0,1,0,0,NULL
sch,AuditSchedule,33,CreatedBy,int,4,10,0,1,0,0,NULL
sch,AuditSchedule,34,CreatedDate,datetime,8,23,3,1,0,0,NULL
sch,AuditSchedule,35,UpdatedBy,int,4,10,0,1,0,0,NULL
sch,AuditSchedule,36,UpdatedDate,datetime,8,23,3,1,0,0,NULL
sch,AuditSchedule,37,IsDeleted,bit,1,1,0,1,0,0,NULL
sch,AuditSchedule,38,DeletedBy,int,4,10,0,1,0,0,NULL
sch,AuditSchedule,39,DeletedDate,datetime,8,23,3,1,0,0,NULL
sch,AuditSchedule,40,DeleteReason,nvarchar,1000,0,0,1,0,0,NULL
sch,AuditSchedule,41,ApprovedBy,int,4,10,0,1,0,0,NULL
sch,AuditSchedule,42,ApprovedDate,datetime,8,23,3,1,0,0,NULL
sch,AuditSchedule,43,AuditStepId,int,4,10,0,1,0,0,NULL
sch,AuditSchedule,44,WorkflowProcessDetailId,int,4,10,0,1,0,0,NULL
sch,AuditSchedule,45,AuditScheduleTypeId,int,4,10,0,1,0,0,NULL
sch,AuditSchedule,46,LastRisk,nvarchar,500,0,0,1,0,0,NULL
sch,AuditSchedule,47,LastAuditPeriodFromDate,datetime,8,23,3,1,0,0,NULL
sch,AuditSchedule,48,LastAuditPeriodToDate,datetime,8,23,3,1,0,0,NULL
sch,AuditSchedule,49,LastAuditConductionFromDate,datetime,8,23,3,1,0,0,NULL
sch,AuditSchedule,50,LastAuditConductionToDate,datetime,8,23,3,1,0,0,NULL
sch,AuditSchedule,51,ExpectedAuditPeriodFromDate,datetime,8,23,3,1,0,0,NULL
sch,AuditSchedule,52,ExpectedAuditPeriodToDate,datetime,8,23,3,1,0,0,NULL
sch,AuditSchedule,53,AuditScheduleLockUnLockId,int,4,10,0,1,0,0,NULL
sch,AuditSchedule,54,IsInception,bit,1,1,0,1,0,0,NULL
sch,AuditSchedule,55,IsDone,bit,1,1,0,1,0,0,NULL
sch,AuditSchedule,57,PreviousExpectedAuditPeriodFromDate,datetime2,6,19,0,1,0,0,NULL
sch,AuditSchedule,58,PreviousExpectedAuditPeriodToDate,datetime2,6,19,0,1,0,0,NULL
sch,AuditSchedule,59,IsAuditPeriodChanged,bit,1,1,0,1,0,0,NULL
sch,AuditSchedule,60,NotifyReminderBeforSevenDay,datetime,8,23,3,1,0,0,NULL
sch,AuditSchedule,61,NotifyReminderBeforOneDay,datetime,8,23,3,1,0,0,NULL
sch,AuditScheduleAuditor,1,AuditScheduleAuditorId,int,4,10,0,0,1,0,NULL
sch,AuditScheduleAuditor,2,AuditScheduleId,int,4,10,0,1,0,0,NULL
sch,AuditScheduleAuditor,3,AppUserId,int,4,10,0,1,0,0,NULL
sch,AuditScheduleAuditor,4,AuditorPIN,varchar,150,0,0,1,0,0,NULL
sch,AuditScheduleAuditor,5,AuditorName,varchar,75,0,0,1,0,0,NULL
sch,AuditScheduleAuditor,6,IsTeamLead,bit,1,1,0,1,0,0,NULL
sch,AuditScheduleAuditor,7,IsExternal,bit,1,1,0,1,0,0,NULL
sch,AuditScheduleAuditor,8,CreatedBy,int,4,10,0,1,0,0,NULL
sch,AuditScheduleAuditor,9,CreatedDate,datetime,8,23,3,1,0,0,NULL
sch,AuditScheduleAuditor,10,UpdatedBy,int,4,10,0,1,0,0,NULL
sch,AuditScheduleAuditor,11,UpdatedDate,datetime,8,23,3,1,0,0,NULL
sch,AuditScheduleAuditor,12,IsDeleted,bit,1,1,0,1,0,0,NULL
sch,AuditScheduleAuditor,13,DeletedBy,int,4,10,0,1,0,0,NULL
sch,AuditScheduleAuditor,14,DeletedDate,datetime,8,23,3,1,0,0,NULL
sch,AuditScheduleAuditor,15,DeleteReason,nvarchar,1000,0,0,1,0,0,NULL
sch,AuditScheduleAuditor,16,IsActive,bit,1,1,0,0,0,0,((1))
sch,AuditScheduleAuditor,17,IsOtherAuditor,bit,1,1,0,1,0,0,NULL
sch,AuditScheduleAuditor,18,IsAlternativeAuditor,bit,1,1,0,1,0,0,NULL
sch,AuditScheduleAuditor,19,PreviousAuditScheduleAuditorPin,varchar,250,0,0,1,0,0,NULL
sch,AuditScheduleAuditor,20,PreviousAuditScheduleAuditorName,varchar,250,0,0,1,0,0,NULL
sch,AuditScheduleAuditor,21,ScheduledAuditorPIN,varchar,250,0,0,1,0,0,NULL
sch,AuditScheduleAuditor,22,ScheduledAuditorName,varchar,250,0,0,1,0,0,NULL
sch,AuditScheduleComment,1,AuditScheduleCommentId,int,4,10,0,0,1,0,NULL
sch,AuditScheduleComment,2,Year,int,4,10,0,1,0,0,NULL
sch,AuditScheduleComment,3,Month,int,4,10,0,1,0,0,NULL
sch,AuditScheduleComment,4,ZoneId,int,4,10,0,1,0,0,NULL
sch,AuditScheduleComment,5,ManagerPIN,nvarchar,300,0,0,1,0,0,NULL
sch,AuditScheduleComment,6,ManagerName,nvarchar,300,0,0,1,0,0,NULL
sch,AuditScheduleComment,7,ManagerComment,nvarchar,-1,0,0,1,0,0,NULL
sch,AuditScheduleComment,8,CommunicatorPIN,nvarchar,300,0,0,1,0,0,NULL
sch,AuditScheduleComment,9,CommunicatorName,nvarchar,300,0,0,1,0,0,NULL
sch,AuditScheduleComment,10,CommunicatorComment,nvarchar,-1,0,0,1,0,0,NULL
sch,AuditScheduleComment,11,StepNo,int,4,10,0,1,0,0,NULL
sch,AuditScheduleComment,12,IsActive,bit,1,1,0,1,0,0,NULL
sch,AuditScheduleComment,13,CreatedBy,int,4,10,0,1,0,0,NULL
sch,AuditScheduleComment,14,CreatedDate,datetime,8,23,3,1,0,0,NULL
sch,AuditScheduleComment,15,UpdatedBy,int,4,10,0,1,0,0,NULL
sch,AuditScheduleComment,16,UpdatedDate,datetime,8,23,3,1,0,0,NULL
sch,AuditScheduleComment,17,IsDeleted,bit,1,1,0,1,0,0,NULL
sch,AuditScheduleComment,18,DeletedBy,int,4,10,0,1,0,0,NULL
sch,AuditScheduleComment,19,DeletedDate,datetime,8,23,3,1,0,0,NULL
sch,AuditScheduleComment,20,DeleteReason,nvarchar,1000,0,0,1,0,0,NULL
sch,AuditScheduleCommunicator,1,AuditScheduleCommunicatorId,int,4,10,0,0,1,0,NULL
sch,AuditScheduleCommunicator,2,Year,int,4,10,0,1,0,0,NULL
sch,AuditScheduleCommunicator,3,Month,int,4,10,0,1,0,0,NULL
sch,AuditScheduleCommunicator,4,ZoneId,int,4,10,0,1,0,0,NULL
sch,AuditScheduleCommunicator,5,ProgrammeGroupId,int,4,10,0,1,0,0,NULL
sch,AuditScheduleCommunicator,6,BranchSpotNo,decimal,9,18,2,1,0,0,NULL
sch,AuditScheduleCommunicator,7,RiskBasedAudit,decimal,9,18,2,1,0,0,NULL
sch,AuditScheduleCommunicator,8,OtherAssuranceServices,decimal,9,18,2,1,0,0,NULL
sch,AuditScheduleCommunicator,9,IsSignature,bit,1,1,0,1,0,0,NULL
sch,AuditScheduleCommunicator,10,SignatureUserId,int,4,10,0,1,0,0,NULL
sch,AuditScheduleCommunicator,11,SignaturePath,nvarchar,510,0,0,1,0,0,NULL
sch,AuditScheduleCommunicator,12,IsActive,bit,1,1,0,1,0,0,NULL
sch,AuditScheduleCommunicator,13,CreatedBy,int,4,10,0,1,0,0,NULL
sch,AuditScheduleCommunicator,14,CreatedDate,datetime,8,23,3,1,0,0,NULL
sch,AuditScheduleCommunicator,15,UpdatedBy,int,4,10,0,1,0,0,NULL
sch,AuditScheduleCommunicator,16,UpdatedDate,datetime,8,23,3,1,0,0,NULL
sch,AuditScheduleCommunicator,17,IsDeleted,bit,1,1,0,1,0,0,NULL
sch,AuditScheduleCommunicator,18,DeletedBy,int,4,10,0,1,0,0,NULL
sch,AuditScheduleCommunicator,19,DeletedDate,datetime,8,23,3,1,0,0,NULL
sch,AuditScheduleCommunicator,20,DeleteReason,nvarchar,1000,0,0,1,0,0,NULL
sch,AuditScheduleDetail,1,AuditScheduleDetailId,int,4,10,0,0,1,0,NULL
sch,AuditScheduleDetail,2,AuditScheduleId,int,4,10,0,1,0,0,NULL
sch,AuditScheduleDetail,3,OrgUpazilaId,int,4,10,0,1,0,0,NULL
sch,AuditScheduleDetail,4,BranchId,int,4,10,0,1,0,0,NULL
sch,AuditScheduleDetail,5,ProjectId,int,4,10,0,1,0,0,NULL
sch,AuditScheduleDetail,6,AuditTypeId,int,4,10,0,1,0,0,NULL
sch,AuditScheduleDetail,7,ReportTypeId,int,4,10,0,1,0,0,NULL
sch,AuditScheduleDetail,8,RiskTypeId,int,4,10,0,1,0,0,NULL
sch,AuditScheduleDetail,9,OverDue,int,4,10,0,1,0,0,NULL
sch,AuditScheduleDetail,10,LastAudit,int,4,10,0,1,0,0,NULL
sch,AuditScheduleDetail,11,FromDate,datetime,8,23,3,1,0,0,NULL
sch,AuditScheduleDetail,12,ToDate,datetime,8,23,3,1,0,0,NULL
sch,AuditScheduleDetail,13,CreatedBy,int,4,10,0,1,0,0,NULL
sch,AuditScheduleDetail,14,CreatedDate,datetime,8,23,3,1,0,0,NULL
sch,AuditScheduleDetail,15,UpdatedBy,int,4,10,0,1,0,0,NULL
sch,AuditScheduleDetail,16,UpdatedDate,datetime,8,23,3,1,0,0,NULL
sch,AuditScheduleDetail,17,IsDeleted,bit,1,1,0,1,0,0,NULL
sch,AuditScheduleDetail,18,DeletedBy,int,4,10,0,1,0,0,NULL
sch,AuditScheduleDetail,19,DeletedDate,datetime,8,23,3,1,0,0,NULL
sch,AuditScheduleDetail,20,DeleteReason,nvarchar,1000,0,0,1,0,0,NULL
sch,AuditScheduleLockUnLock,1,AuditScheduleLockUnLockId,int,4,10,0,0,1,0,NULL
sch,AuditScheduleLockUnLock,2,AuditScheduleLockUnLockName,nvarchar,500,0,0,0,0,0,NULL
sch,AuditScheduleLockUnLock,3,IsActive,bit,1,1,0,1,0,0,NULL
sch,AuditScheduleLockUnLock,4,IsDeleted,bit,1,1,0,1,0,0,NULL
sch,AuditScheduleLockUnLock,5,DeletedBy,int,4,10,0,1,0,0,NULL
sch,AuditScheduleLockUnLock,6,DeletedDate,datetime,8,23,3,1,0,0,NULL
sch,AuditScheduleLockUnLockHistory,1,AuditScheduleLockUnLockHistoryId,int,4,10,0,0,1,0,NULL
sch,AuditScheduleLockUnLockHistory,2,AuditScheduleId,int,4,10,0,0,0,0,NULL
sch,AuditScheduleLockUnLockHistory,3,AuditScheduleStatusId,int,4,10,0,0,0,0,NULL
sch,AuditScheduleLockUnLockHistory,4,AuditScheduleLockUnLockId,int,4,10,0,0,0,0,NULL
sch,AuditScheduleLockUnLockHistory,5,Comments,nvarchar,-1,0,0,0,0,0,NULL
sch,AuditScheduleLockUnLockHistory,6,IsActive,bit,1,1,0,1,0,0,NULL
sch,AuditScheduleLockUnLockHistory,7,CreatedBy,int,4,10,0,1,0,0,NULL
sch,AuditScheduleLockUnLockHistory,8,CreatedDate,datetime,8,23,3,1,0,0,NULL
sch,AuditScheduleLockUnLockHistory,9,UpdatedBy,int,4,10,0,1,0,0,NULL
sch,AuditScheduleLockUnLockHistory,10,UpdatedDate,datetime,8,23,3,1,0,0,NULL
sch,AuditScheduleLockUnLockHistory,11,IsDeleted,bit,1,1,0,1,0,0,NULL
sch,AuditScheduleLockUnLockHistory,12,DeletedBy,int,4,10,0,1,0,0,NULL
sch,AuditScheduleLockUnLockHistory,13,DeletedOn,datetime,8,23,3,1,0,0,NULL
sch,AuditScheduleManagementHierarchy,1,AuditScheduleManagementHierarchyId,int,4,10,0,0,1,0,NULL
sch,AuditScheduleManagementHierarchy,2,AuditScheduleId,int,4,10,0,1,0,0,NULL
sch,AuditScheduleManagementHierarchy,3,StaffPIN,nvarchar,100,0,0,1,0,0,NULL
sch,AuditScheduleManagementHierarchy,4,StaffName,nvarchar,300,0,0,1,0,0,NULL
sch,AuditScheduleManagementHierarchy,5,StaffDesignationId,int,4,10,0,1,0,0,NULL
sch,AuditScheduleManagementHierarchy,6,StaffDesignation,nvarchar,300,0,0,1,0,0,NULL
sch,AuditScheduleManagementHierarchy,7,FirstSupervisorPIN,nvarchar,100,0,0,1,0,0,NULL
sch,AuditScheduleManagementHierarchy,8,FirstSupervisorName,nvarchar,300,0,0,1,0,0,NULL
sch,AuditScheduleManagementHierarchy,9,FirstSupervisorDesignationId,int,4,10,0,1,0,0,NULL
sch,AuditScheduleManagementHierarchy,10,FirstSupervisorDesignation,nvarchar,300,0,0,1,0,0,NULL
sch,AuditScheduleManagementHierarchy,11,SecondSupervisorPIN,nvarchar,100,0,0,1,0,0,NULL
sch,AuditScheduleManagementHierarchy,12,SecondSupervisorName,nvarchar,300,0,0,1,0,0,NULL
sch,AuditScheduleManagementHierarchy,13,SecondSupervisorDesignationId,int,4,10,0,1,0,0,NULL
sch,AuditScheduleManagementHierarchy,14,SecondSupervisorDesignation,nvarchar,300,0,0,1,0,0,NULL
sch,AuditScheduleManagementHierarchy,15,ThirdSupervisorPIN,nvarchar,100,0,0,1,0,0,NULL
sch,AuditScheduleManagementHierarchy,16,ThirdSupervisorName,nvarchar,300,0,0,1,0,0,NULL
sch,AuditScheduleManagementHierarchy,17,ThirdSupervisorDesignationId,int,4,10,0,1,0,0,NULL
sch,AuditScheduleManagementHierarchy,18,ThirdSupervisorDesignation,nvarchar,300,0,0,1,0,0,NULL
sch,AuditScheduleManagementHierarchy,19,IsActive,bit,1,1,0,1,0,0,NULL
sch,AuditScheduleManagementHierarchy,20,CreatedBy,int,4,10,0,1,0,0,NULL
sch,AuditScheduleManagementHierarchy,21,CreatedDate,datetime,8,23,3,1,0,0,NULL
sch,AuditScheduleManagementHierarchy,22,UpdatedBy,int,4,10,0,1,0,0,NULL
sch,AuditScheduleManagementHierarchy,23,UpdatedDate,datetime,8,23,3,1,0,0,NULL
sch,AuditScheduleManagementHierarchy,24,IsDeleted,bit,1,1,0,1,0,0,NULL
sch,AuditScheduleManagementHierarchy,25,DeletedBy,int,4,10,0,1,0,0,NULL
sch,AuditScheduleManagementHierarchy,26,DeletedDate,datetime,8,23,3,1,0,0,NULL
sch,AuditScheduleManagementHierarchy,27,DeleteReason,nvarchar,1000,0,0,1,0,0,NULL
sch,AuditScheduleStatus,1,AuditScheduleStatusId,int,4,10,0,0,0,0,NULL
sch,AuditScheduleStatus,2,StatusName,varchar,50,0,0,0,0,0,NULL
sch,AuditScheduleStatus,3,CurrentStatusMessage,varchar,450,0,0,1,0,0,NULL
sch,AuditScheduleStatus,4,PreviousStatusMessage,varchar,450,0,0,1,0,0,NULL
sch,AuditScheduleStatus,5,NextStatusMessage,varchar,450,0,0,1,0,0,NULL
sch,AuditScheduleStatus,6,IsActive,bit,1,1,0,0,0,0,NULL
sch,AuditScheduleStatus,7,IsDeleted,bit,1,1,0,1,0,0,NULL
sch,AuditScheduleStatus,8,DeletedBy,int,4,10,0,1,0,0,NULL
sch,AuditScheduleStatus,9,DeletedDate,datetime,8,23,3,1,0,0,NULL
sch,AuditScheduleType,1,AuditScheduleTypeId,int,4,10,0,0,0,0,NULL
sch,AuditScheduleType,2,AuditScheduleTypeName,nvarchar,500,0,0,0,0,0,NULL
sch,AuditScheduleType,3,IsActive,bit,1,1,0,0,0,0,NULL
sch,AuditScheduleType,4,IsDeleted,bit,1,1,0,1,0,0,NULL
sch,AuditScheduleType,5,DeletedBy,int,4,10,0,1,0,0,NULL
sch,AuditScheduleType,6,DeletedDate,datetime,8,23,3,1,0,0,NULL
sch,ExternalAuditSchedule,1,ExternalAuditScheduleId,int,4,10,0,0,1,0,NULL
sch,ExternalAuditSchedule,2,Year,int,4,10,0,0,0,0,NULL
sch,ExternalAuditSchedule,3,Month,int,4,10,0,0,0,0,NULL
sch,ExternalAuditSchedule,4,BranchId,int,4,10,0,1,0,0,NULL
sch,ExternalAuditSchedule,5,RefBranchName,nvarchar,300,0,0,0,0,0,NULL
sch,ExternalAuditSchedule,6,RefBranchCode,nvarchar,30,0,0,0,0,0,NULL
sch,ExternalAuditSchedule,7,ProjectId,int,4,10,0,1,0,0,NULL
sch,ExternalAuditSchedule,8,RefProjectName,nvarchar,300,0,0,0,0,0,NULL
sch,ExternalAuditSchedule,9,RefProjectCode,nvarchar,30,0,0,0,0,0,NULL
sch,ExternalAuditSchedule,10,ProgrammeGroupId,int,4,10,0,1,0,0,NULL
sch,ExternalAuditSchedule,11,RefProgrammeGroupName,nvarchar,300,0,0,0,0,0,NULL
sch,ExternalAuditSchedule,12,RefProgrammeGroupCode,nvarchar,30,0,0,1,0,0,NULL
sch,ExternalAuditSchedule,13,Comment,nvarchar,500,0,0,1,0,0,NULL
sch,ExternalAuditSchedule,14,FromDate,datetime,8,23,3,0,0,0,NULL
sch,ExternalAuditSchedule,15,ToDate,datetime,8,23,3,0,0,0,NULL
sch,ExternalAuditSchedule,16,IsActive,bit,1,1,0,1,0,0,NULL
sch,ExternalAuditSchedule,17,CreatedBy,int,4,10,0,1,0,0,NULL
sch,ExternalAuditSchedule,18,CreatedDate,datetime,8,23,3,1,0,0,NULL
sch,ExternalAuditSchedule,19,UpdatedBy,int,4,10,0,1,0,0,NULL
sch,ExternalAuditSchedule,20,UpdatedDate,datetime,8,23,3,1,0,0,NULL
sch,ExternalAuditSchedule,21,IsDeleted,bit,1,1,0,1,0,0,NULL
sch,ExternalAuditSchedule,22,DeletedBy,int,4,10,0,1,0,0,NULL
sch,ExternalAuditSchedule,23,DeletedDate,datetime,8,23,3,1,0,0,NULL
sch,ExternalAuditSchedule,24,DeleteReason,nvarchar,1000,0,0,1,0,0,NULL
sch,ExternalScheduleFileUpload,1,ExternalScheduleFileUploadId,int,4,10,0,0,1,0,NULL
sch,ExternalScheduleFileUpload,2,FileName,nvarchar,400,0,0,0,0,0,NULL
sch,ExternalScheduleFileUpload,3,OriginalFileName,nvarchar,400,0,0,0,0,0,NULL
sch,ExternalScheduleFileUpload,4,FileExtension,nvarchar,30,0,0,0,0,0,NULL
sch,ExternalScheduleFileUpload,5,MimeType,nvarchar,200,0,0,0,0,0,NULL
sch,ExternalScheduleFileUpload,6,IsActive,bit,1,1,0,1,0,0,NULL
sch,ExternalScheduleFileUpload,7,CreatedBy,int,4,10,0,1,0,0,NULL
sch,ExternalScheduleFileUpload,8,CreatedDate,datetime,8,23,3,1,0,0,NULL
sch,ExternalScheduleFileUpload,9,UpdatedBy,int,4,10,0,1,0,0,NULL
sch,ExternalScheduleFileUpload,10,UpdatedDate,datetime,8,23,3,1,0,0,NULL
sch,ExternalScheduleFileUpload,11,IsDeleted,bit,1,1,0,1,0,0,NULL
sch,ExternalScheduleFileUpload,12,DeletedBy,int,4,10,0,1,0,0,NULL
sch,ExternalScheduleFileUpload,13,DeletedDate,datetime,8,23,3,1,0,0,NULL
sch,ExternalScheduleFileUpload,14,DeleteReason,nvarchar,1000,0,0,1,0,0,NULL
sch,ForwardingLetter,1,ForwardingLetterId,int,4,10,0,0,1,0,NULL
sch,ForwardingLetter,2,LetterYear,int,4,10,0,1,0,0,NULL
sch,ForwardingLetter,3,LetterMonth,int,4,10,0,1,0,0,NULL
sch,ForwardingLetter,4,LetterSubject,nvarchar,510,0,0,1,0,0,NULL
sch,ForwardingLetter,5,LetterBody,nvarchar,8000,0,0,1,0,0,NULL
sch,ForwardingLetter,6,EmailTemplate,varbinary,-1,0,0,1,0,0,NULL
sch,ForwardingLetter,7,ScheduleTemplate,varbinary,-1,0,0,1,0,0,NULL
sch,ForwardingLetter,8,LetterFilePath,nvarchar,510,0,0,1,0,0,NULL
sch,ForwardingLetter,9,ScheduleFilePath,nvarchar,510,0,0,1,0,0,NULL
sch,ForwardingLetter,10,LetterType,int,4,10,0,1,0,0,NULL
sch,ForwardingLetter,11,EmailAddressCc,varchar,8000,0,0,1,0,0,NULL
sch,ForwardingLetter,12,EmailAddressTo,varchar,8000,0,0,1,0,0,NULL
sch,ForwardingLetter,13,ToDesignation,varchar,8000,0,0,1,0,0,NULL
sch,ForwardingLetter,14,CcDesignation,varchar,8000,0,0,1,0,0,NULL
sch,ForwardingLetter,15,FromEmailAddress,varchar,8000,0,0,1,0,0,NULL
sch,ForwardingLetter,16,Status,int,4,10,0,1,0,0,NULL
sch,ForwardingLetter,17,IsActive,bit,1,1,0,0,0,0,NULL
sch,ForwardingLetter,18,CreatedBy,int,4,10,0,1,0,0,NULL
sch,ForwardingLetter,19,CreatedDate,datetime,8,23,3,1,0,0,NULL
sch,ForwardingLetter,20,UpdatedBy,int,4,10,0,1,0,0,NULL
sch,ForwardingLetter,21,UpdatedDate,datetime,8,23,3,1,0,0,NULL
sch,ForwardingLetter,22,IsDeleted,bit,1,1,0,1,0,0,NULL
sch,ForwardingLetter,23,DeletedBy,int,4,10,0,1,0,0,NULL
sch,ForwardingLetter,24,DeletedDate,datetime,8,23,3,1,0,0,NULL
sch,ForwardingLetter,25,DeleteReason,nvarchar,1000,0,0,1,0,0,NULL
sch,ForwardingLetter,26,InitialPin,varchar,8,0,0,1,0,0,NULL
sch,ForwardingLetter,27,InitialBy,int,4,10,0,1,0,0,NULL
sch,ForwardingLetter,28,InitialDate,datetime,8,23,3,1,0,0,NULL
sch,ForwardingLetter,29,RequestPin,varchar,8,0,0,1,0,0,NULL
sch,ForwardingLetter,30,RequestBy,int,4,10,0,1,0,0,NULL
sch,ForwardingLetter,31,RequestDate,datetime,8,23,3,1,0,0,NULL
sch,ForwardingLetter,32,ApprovePin,varchar,8,0,0,1,0,0,NULL
sch,ForwardingLetter,33,ApproveBy,int,4,10,0,1,0,0,NULL
sch,ForwardingLetter,34,ApproveDate,datetime,8,23,3,1,0,0,NULL
sch,ForwardingLetter,35,SendPin,varchar,8,0,0,1,0,0,NULL
sch,ForwardingLetter,36,SendBy,int,4,10,0,1,0,0,NULL
sch,ForwardingLetter,37,SendDate,datetime,8,23,3,1,0,0,NULL
sch,ForwardingLetter,38,SendBackPin,varchar,8,0,0,1,0,0,NULL
sch,ForwardingLetter,39,SendBackBy,int,4,10,0,1,0,0,NULL
sch,ForwardingLetter,40,SendBackDate,datetime,8,23,3,1,0,0,NULL
sch,ForwardingLetter,41,EmailBody,nvarchar,4000,0,0,1,0,0,NULL
sch,ForwardingLetterAuditType,1,ForwardingLetterAuditTypeId,int,4,10,0,0,1,0,NULL
sch,ForwardingLetterAuditType,2,ForwardingLetterId,int,4,10,0,1,0,0,NULL
sch,ForwardingLetterAuditType,3,AuditTypeId,int,4,10,0,1,0,0,NULL
sch,ForwardingLetterAuditType,4,IsActive,bit,1,1,0,0,0,0,NULL
sch,ForwardingLetterAuditType,5,CreatedBy,int,4,10,0,1,0,0,NULL
sch,ForwardingLetterAuditType,6,CreatedDate,datetime,8,23,3,1,0,0,NULL
sch,ForwardingLetterAuditType,7,UpdatedBy,int,4,10,0,1,0,0,NULL
sch,ForwardingLetterAuditType,8,UpdatedDate,datetime,8,23,3,1,0,0,NULL
sch,ForwardingLetterAuditType,9,IsDeleted,bit,1,1,0,1,0,0,NULL
sch,ForwardingLetterAuditType,10,DeletedBy,int,4,10,0,1,0,0,NULL
sch,ForwardingLetterAuditType,11,DeletedDate,datetime,8,23,3,1,0,0,NULL
sch,ForwardingLetterAuditType,12,DeleteReason,nvarchar,1000,0,0,1,0,0,NULL
sch,ForwardingLetterComment,1,ForwardingLetterCommentId,int,4,10,0,0,1,0,NULL
sch,ForwardingLetterComment,2,ForwardingLetterId,int,4,10,0,1,0,0,NULL
sch,ForwardingLetterComment,3,Comment,nvarchar,1000,0,0,1,0,0,NULL
sch,ForwardingLetterComment,4,IsActive,bit,1,1,0,0,0,0,NULL
sch,ForwardingLetterComment,5,CreatedBy,int,4,10,0,1,0,0,NULL
sch,ForwardingLetterComment,6,CreatedDate,datetime,8,23,3,1,0,0,NULL
sch,ForwardingLetterComment,7,UpdatedBy,int,4,10,0,1,0,0,NULL
sch,ForwardingLetterComment,8,UpdatedDate,datetime,8,23,3,1,0,0,NULL
sch,ForwardingLetterComment,9,IsDeleted,bit,1,1,0,1,0,0,NULL
sch,ForwardingLetterComment,10,DeletedBy,int,4,10,0,1,0,0,NULL
sch,ForwardingLetterComment,11,DeletedDate,datetime,8,23,3,1,0,0,NULL
sch,ForwardingLetterComment,12,DeleteReason,nvarchar,1000,0,0,1,0,0,NULL
sch,ForwardingLetterDetail,1,ForwardingLetterDetailId,int,4,10,0,0,1,0,NULL
sch,ForwardingLetterDetail,2,ForwardingLetterId,int,4,10,0,1,0,0,NULL
sch,ForwardingLetterDetail,3,UploadTemplate,varbinary,-1,0,0,1,0,0,NULL
sch,ForwardingLetterDetail,4,IsActive,bit,1,1,0,0,0,0,NULL
sch,ForwardingLetterDetail,5,CreatedBy,int,4,10,0,1,0,0,NULL
sch,ForwardingLetterDetail,6,CreatedDate,datetime,8,23,3,1,0,0,NULL
sch,ForwardingLetterDetail,7,UpdatedBy,int,4,10,0,1,0,0,NULL
sch,ForwardingLetterDetail,8,UpdatedDate,datetime,8,23,3,1,0,0,NULL
sch,ForwardingLetterDetail,9,IsDeleted,bit,1,1,0,1,0,0,NULL
sch,ForwardingLetterDetail,10,DeletedBy,int,4,10,0,1,0,0,NULL
sch,ForwardingLetterDetail,11,DeletedDate,datetime,8,23,3,1,0,0,NULL
sch,ForwardingLetterDetail,12,DeleteReason,nvarchar,1000,0,0,1,0,0,NULL
sch,ForwardingLetterDetail,13,ContentType,varchar,255,0,0,1,0,0,NULL
sch,ForwardingLetterDetail,14,FileExtension,nvarchar,100,0,0,1,0,0,NULL
sch,ForwardingLetterDetail,15,FileSizeMb,decimal,9,18,2,1,0,0,NULL
sch,ForwardingLetterDetail,16,SourcePath,nvarchar,510,0,0,1,0,0,NULL
sch,ForwardingLetterDetail,17,DocName,nvarchar,510,0,0,1,0,0,NULL
sch,ForwardingLetterDetail,18,FileStorageHistoryId,int,4,10,0,1,0,0,NULL
sch,ForwardingLetterDetail,19,FileStorageTypeId,int,4,10,0,1,0,0,NULL
sch,ForwardingLetterDetail,20,FileStorageFileId,nvarchar,512,0,0,1,0,0,NULL
sch,ForwardingLetterGroupTemplate,1,ForwardingLetterGroupTemplateId,int,4,10,0,0,1,0,NULL
sch,ForwardingLetterGroupTemplate,2,ProgrammeGroupId,int,4,10,0,1,0,0,NULL
sch,ForwardingLetterGroupTemplate,3,Body,text,16,0,0,1,0,0,NULL
sch,ForwardingLetterGroupTemplate,4,IsActive,bit,1,1,0,0,0,0,NULL
sch,ForwardingLetterGroupTemplate,5,CreatedBy,int,4,10,0,1,0,0,NULL
sch,ForwardingLetterGroupTemplate,6,CreatedDate,datetime,8,23,3,1,0,0,NULL
sch,ForwardingLetterGroupTemplate,7,UpdatedBy,int,4,10,0,1,0,0,NULL
sch,ForwardingLetterGroupTemplate,8,UpdatedDate,datetime,8,23,3,1,0,0,NULL
sch,ForwardingLetterGroupTemplate,9,IsDeleted,bit,1,1,0,1,0,0,NULL
sch,ForwardingLetterGroupTemplate,10,DeletedBy,int,4,10,0,1,0,0,NULL
sch,ForwardingLetterGroupTemplate,11,DeletedDate,datetime,8,23,3,1,0,0,NULL
sch,ForwardingLetterGroupTemplate,12,DeleteReason,nvarchar,1000,0,0,1,0,0,NULL
sch,ForwardingLetterProgramme,1,ForwardingLetterProgrammeCategoryId,int,4,10,0,0,1,0,NULL
sch,ForwardingLetterProgramme,2,ForwardingLetterId,int,4,10,0,0,0,0,NULL
sch,ForwardingLetterProgramme,3,ProgrammeId,int,4,10,0,1,0,0,NULL
sch,ForwardingLetterProgramme,4,IsActive,bit,1,1,0,0,0,0,NULL
sch,ForwardingLetterProgramme,5,CreatedBy,int,4,10,0,1,0,0,NULL
sch,ForwardingLetterProgramme,6,CreatedDate,datetime,8,23,3,1,0,0,NULL
sch,ForwardingLetterProgramme,7,UpdatedBy,int,4,10,0,1,0,0,NULL
sch,ForwardingLetterProgramme,8,UpdatedDate,datetime,8,23,3,1,0,0,NULL
sch,ForwardingLetterProgramme,9,IsDeleted,bit,1,1,0,1,0,0,NULL
sch,ForwardingLetterProgramme,10,DeletedBy,int,4,10,0,1,0,0,NULL
sch,ForwardingLetterProgramme,11,DeletedDate,datetime,8,23,3,1,0,0,NULL
sch,ForwardingLetterProgramme,12,DeleteReason,nvarchar,1000,0,0,1,0,0,NULL
sch,ForwardingLetterProgrammeGroup,1,ForwardingLetterProgrammeGroupId,int,4,10,0,0,1,0,NULL
sch,ForwardingLetterProgrammeGroup,2,ForwardingLetterId,int,4,10,0,1,0,0,NULL
sch,ForwardingLetterProgrammeGroup,3,ProgrammeGroupId,int,4,10,0,1,0,0,NULL
sch,ForwardingLetterProgrammeGroup,4,IsActive,bit,1,1,0,0,0,0,NULL
sch,ForwardingLetterProgrammeGroup,5,CreatedBy,int,4,10,0,1,0,0,NULL
sch,ForwardingLetterProgrammeGroup,6,CreatedDate,datetime,8,23,3,1,0,0,NULL
sch,ForwardingLetterProgrammeGroup,7,UpdatedBy,int,4,10,0,1,0,0,NULL
sch,ForwardingLetterProgrammeGroup,8,UpdatedDate,datetime,8,23,3,1,0,0,NULL
sch,ForwardingLetterProgrammeGroup,9,IsDeleted,bit,1,1,0,1,0,0,NULL
sch,ForwardingLetterProgrammeGroup,10,DeletedBy,int,4,10,0,1,0,0,NULL
sch,ForwardingLetterProgrammeGroup,11,DeletedDate,datetime,8,23,3,1,0,0,NULL
sch,ForwardingLetterProgrammeGroup,12,DeleteReason,nvarchar,1000,0,0,1,0,0,NULL
sch,ForwardingLetterReportType,1,ForwardingLetterReportTypeId,int,4,10,0,0,1,0,NULL
sch,ForwardingLetterReportType,2,ForwardingLetterId,int,4,10,0,1,0,0,NULL
sch,ForwardingLetterReportType,3,ReportTypeId,int,4,10,0,1,0,0,NULL
sch,ForwardingLetterReportType,4,IsActive,bit,1,1,0,0,0,0,NULL
sch,ForwardingLetterReportType,5,CreatedBy,int,4,10,0,1,0,0,NULL
sch,ForwardingLetterReportType,6,CreatedDate,datetime,8,23,3,1,0,0,NULL
sch,ForwardingLetterReportType,7,UpdatedBy,int,4,10,0,1,0,0,NULL
sch,ForwardingLetterReportType,8,UpdatedDate,datetime,8,23,3,1,0,0,NULL
sch,ForwardingLetterReportType,9,IsDeleted,bit,1,1,0,1,0,0,NULL
sch,ForwardingLetterReportType,10,DeletedBy,int,4,10,0,1,0,0,NULL
sch,ForwardingLetterReportType,11,DeletedDate,datetime,8,23,3,1,0,0,NULL
sch,ForwardingLetterReportType,12,DeleteReason,nvarchar,1000,0,0,1,0,0,NULL
sch,ForwardingLetterStatus,1,ForwardingLetterStatusId,int,4,10,0,0,1,0,NULL
sch,ForwardingLetterStatus,2,Name,nvarchar,500,0,0,1,0,0,NULL
sch,ForwardingLetterStatus,3,ForwardingLetterStatusTypeId,int,4,10,0,0,0,0,NULL
sch,ForwardingLetterStatus,4,IsActive,bit,1,1,0,0,0,0,NULL
sch,ForwardingLetterStatus,5,CreatedBy,int,4,10,0,1,0,0,NULL
sch,ForwardingLetterStatus,6,CreatedDate,datetime,8,23,3,1,0,0,NULL
sch,ForwardingLetterStatus,7,UpdatedBy,int,4,10,0,1,0,0,NULL
sch,ForwardingLetterStatus,8,UpdatedDate,datetime,8,23,3,1,0,0,NULL
sch,ForwardingLetterStatus,9,IsDeleted,bit,1,1,0,1,0,0,NULL
sch,ForwardingLetterStatus,10,DeletedBy,int,4,10,0,1,0,0,NULL
sch,ForwardingLetterStatus,11,DeletedDate,datetime,8,23,3,1,0,0,NULL
sch,ForwardingLetterStatus,12,DeleteReason,nvarchar,1000,0,0,1,0,0,NULL
sec,AppComponent,1,ComponentId,int,4,10,0,0,0,0,NULL
sec,AppComponent,2,ComponentName,varchar,250,0,0,1,0,0,NULL
sec,AppComponent,3,ComponentGroupId,int,4,10,0,1,0,0,NULL
sec,AppComponent,4,ComponentTypeId,int,4,10,0,1,0,0,NULL
sec,AppComponent,5,ActionName,nvarchar,500,0,0,1,0,0,NULL
sec,AppComponent,6,ControllerName,nvarchar,500,0,0,1,0,0,NULL
sec,AppComponent,7,AreaName,varchar,250,0,0,1,0,0,NULL
sec,AppComponent,8,DefaultQuery,varchar,250,0,0,1,0,0,NULL
sec,AppComponent,9,ComponentKey,varchar,250,0,0,1,0,0,NULL
sec,AppComponent,10,IconPath,varchar,250,0,0,1,0,0,NULL
sec,AppComponent,11,HasChild,bit,1,1,0,1,0,0,NULL
sec,AppComponent,12,DisplayOrder,int,4,10,0,1,0,0,NULL
sec,AppComponent,13,IsActive,bit,1,1,0,1,0,0,NULL
sec,AppComponent,14,IsTopMenu,bit,1,1,0,1,0,0,NULL
sec,AppComponent,15,IsTabPage,bit,1,1,0,1,0,0,NULL
sec,AppComponent,16,HasTabPage,bit,1,1,0,1,0,0,NULL
sec,AppComponentGroup,1,ComponentGroupId,int,4,10,0,0,0,0,NULL
sec,AppComponentGroup,2,ComponentGroupName,varchar,250,0,0,0,0,0,NULL
sec,AppComponentGroup,3,ComponentSectionId,int,4,10,0,1,0,0,NULL
sec,AppComponentGroup,4,ActionName,varchar,250,0,0,1,0,0,NULL
sec,AppComponentGroup,5,ControllerName,varchar,250,0,0,1,0,0,NULL
sec,AppComponentGroup,6,AreaName,varchar,250,0,0,1,0,0,NULL
sec,AppComponentGroup,7,IsActive,bit,1,1,0,0,0,0,NULL
sec,AppComponentGroup,8,IconPath,varchar,250,0,0,1,0,0,NULL
sec,AppComponentGroup,9,HasChild,bit,1,1,0,1,0,0,NULL
sec,AppComponentGroup,10,GroupDisplayOrder,int,4,10,0,1,0,0,NULL
sec,AppComponentSection,1,ComponentSectionId,int,4,10,0,0,0,0,NULL
sec,AppComponentSection,2,SectionName,nvarchar,500,0,0,1,0,0,NULL
sec,AppComponentSection,3,ActionName,varchar,250,0,0,1,0,0,NULL
sec,AppComponentSection,4,ControllerName,varchar,250,0,0,1,0,0,NULL
sec,AppComponentSection,5,AreaName,varchar,250,0,0,1,0,0,NULL
sec,AppComponentSection,6,IsActive,bit,1,1,0,0,0,0,NULL
sec,AppComponentSection,7,IconPath,varchar,250,0,0,1,0,0,NULL
sec,AppComponentSection,8,SectionDisplayOrder,int,4,10,0,1,0,0,NULL
sec,AppComponentType,1,ComponentTypeId,int,4,10,0,0,0,0,NULL
sec,AppComponentType,2,ComponentTypeName,varchar,250,0,0,1,0,0,NULL
sec,AppDataEntityAuditLog,1,AuditLogId,varchar,250,0,0,0,0,0,NULL
sec,AppDataEntityAuditLog,2,UserId,int,4,10,0,0,0,0,NULL
sec,AppDataEntityAuditLog,3,UserName,varchar,450,0,0,1,0,0,NULL
sec,AppDataEntityAuditLog,4,EventName,varchar,450,0,0,0,0,0,NULL
sec,AppDataEntityAuditLog,5,ModuleName,varchar,450,0,0,1,0,0,NULL
sec,AppDataEntityAuditLog,6,SubModuleName,varchar,450,0,0,1,0,0,NULL
sec,AppDataEntityAuditLog,7,SectionName,varchar,450,0,0,1,0,0,NULL
sec,AppDataEntityAuditLog,8,ComponentName,varchar,450,0,0,1,0,0,NULL
sec,AppDataEntityAuditLog,9,OldValues,varchar,-1,0,0,1,0,0,NULL
sec,AppDataEntityAuditLog,10,NewValues,varchar,-1,0,0,1,0,0,NULL
sec,AppDataEntityAuditLog,11,AffectedColumns,varchar,-1,0,0,1,0,0,NULL
sec,AppDataEntityAuditLog,12,PrimaryKey,varchar,-1,0,0,1,0,0,NULL
sec,AppDataEntityAuditLog,13,RequestedUrl,varchar,-1,0,0,1,0,0,NULL
sec,AppDataEntityAuditLog,14,ControlleName,varchar,450,0,0,1,0,0,NULL
sec,AppDataEntityAuditLog,15,IsActive,bit,1,1,0,0,0,0,NULL
sec,AppDataEntityAuditLog,16,CreatedBy,int,4,10,0,1,0,0,NULL
sec,AppDataEntityAuditLog,17,CreatedDate,datetime,8,23,3,1,0,0,NULL
sec,AppDataEntityAuditLog,18,UpdatedBy,int,4,10,0,1,0,0,NULL
sec,AppDataEntityAuditLog,19,UpdatedDate,datetime,8,23,3,1,0,0,NULL
sec,AppDataEntityAuditLog,20,IsDeleted,bit,1,1,0,1,0,0,NULL
sec,AppDataEntityAuditLog,21,DeletedBy,int,4,10,0,1,0,0,NULL
sec,AppDataEntityAuditLog,22,DeletedDate,datetime,8,23,3,1,0,0,NULL
sec,AppDataEntityAuditLog,23,DeleteReason,varchar,500,0,0,1,0,0,NULL
sec,AppDataEntityFieldDefinition,1,FieldId,int,4,10,0,0,1,0,NULL
sec,AppDataEntityFieldDefinition,2,FieldName,varchar,250,0,0,1,0,0,NULL
sec,AppDataEntityFieldDefinition,3,FieldDisplay,varchar,250,0,0,1,0,0,NULL
sec,AppDataEntityFieldDefinition,4,ActionName,varchar,250,0,0,1,0,0,NULL
sec,AppDataEntityFieldDefinition,5,ControllerName,varchar,250,0,0,1,0,0,NULL
sec,AppReportColumn,1,ReportColumnId,nvarchar,256,0,0,0,0,0,NULL
sec,AppReportColumn,2,ComponentId,int,4,10,0,1,0,0,NULL
sec,AppReportColumn,3,ReportColumnName,nvarchar,512,0,0,0,0,0,NULL
sec,AppReportColumn,4,ReportFieldExpression,nvarchar,512,0,0,0,0,0,NULL
sec,AppReportColumn,5,IsActive,bit,1,1,0,0,0,0,NULL
sec,AppReportColumn,6,CreatedBy,int,4,10,0,1,0,0,NULL
sec,AppReportColumn,7,CreatedDate,datetime,8,23,3,1,0,0,NULL
sec,AppReportColumn,8,UpdatedBy,int,4,10,0,1,0,0,NULL
sec,AppReportColumn,9,UpdatedDate,datetime,8,23,3,1,0,0,NULL
sec,AppReportColumn,10,IsDeleted,bit,1,1,0,1,0,0,NULL
sec,AppReportColumn,11,DeletedBy,int,4,10,0,1,0,0,NULL
sec,AppReportColumn,12,DeletedDate,datetime,8,23,3,1,0,0,NULL
sec,AppReportColumn,13,DeleteReason,varchar,500,0,0,1,0,0,NULL
sec,AppRoleAndPermission,1,PermissionId,int,4,10,0,0,1,0,NULL
sec,AppRoleAndPermission,2,RoleId,nvarchar,900,0,0,0,0,0,NULL
sec,AppRoleAndPermission,3,ComponentId,int,4,10,0,1,0,0,NULL
sec,AppRoleAndPermission,4,ComponentCode,nvarchar,900,0,0,1,0,0,NULL
sec,AppRoleAndPermission,5,CanView,bit,1,1,0,0,0,0,((0))
sec,AppRoleAndPermission,6,CanCreate,bit,1,1,0,0,0,0,((0))
sec,AppRoleAndPermission,7,CanUpdate,bit,1,1,0,0,0,0,((0))
sec,AppRoleAndPermission,8,CanDelete,bit,1,1,0,0,0,0,((0))
sec,AppRoleAndPermission,9,CanApprove,bit,1,1,0,0,0,0,((0))
sec,AppRoleAndPermission,10,CreatedDate,datetime,8,23,3,1,0,0,NULL
sec,AppRoleAndPermission,11,CreatedBy,int,4,10,0,1,0,0,NULL
sec,AppRoleAndPermission,12,IsDeleted,bit,1,1,0,1,0,0,NULL
sec,AppRoleReportColumnPermission,1,AppRoleReportColumnPermissionId,nvarchar,256,0,0,0,0,0,NULL
sec,AppRoleReportColumnPermission,2,RoleId,nvarchar,256,0,0,0,0,0,NULL
sec,AppRoleReportColumnPermission,3,ReportColumnId,nvarchar,256,0,0,0,0,0,NULL
sec,AppRoleReportColumnPermission,4,IsVisible,bit,1,1,0,0,0,0,NULL
sec,AppRoleReportColumnPermission,5,IsActive,bit,1,1,0,0,0,0,NULL
sec,AppRoleReportColumnPermission,6,CreatedBy,int,4,10,0,1,0,0,NULL
sec,AppRoleReportColumnPermission,7,CreatedDate,datetime,8,23,3,1,0,0,NULL
sec,AppRoleReportColumnPermission,8,UpdatedBy,int,4,10,0,1,0,0,NULL
sec,AppRoleReportColumnPermission,9,UpdatedDate,datetime,8,23,3,1,0,0,NULL
sec,AppRoleReportColumnPermission,10,IsDeleted,bit,1,1,0,1,0,0,NULL
sec,AppRoleReportColumnPermission,11,DeletedBy,int,4,10,0,1,0,0,NULL
sec,AppRoleReportColumnPermission,12,DeletedDate,datetime,8,23,3,1,0,0,NULL
sec,AppRoleReportColumnPermission,13,DeleteReason,varchar,500,0,0,1,0,0,NULL
sec,AppSubComponent,1,AppSubComponentId,int,4,10,0,0,1,0,NULL
sec,AppSubComponent,2,AppSubComponentName,nvarchar,500,0,0,0,0,0,NULL
sec,AppSubComponent,3,AppSubComponentDisplayName,nvarchar,500,0,0,1,0,0,NULL
sec,AppSubComponent,4,ComponentGroupId,int,4,10,0,0,0,0,NULL
sec,AppSubComponent,5,IsActive,bit,1,1,0,0,0,0,NULL
sec,AppSubComponent,6,CreatedBy,int,4,10,0,1,0,0,NULL
sec,AppSubComponent,7,CreatedDate,datetime,8,23,3,1,0,0,NULL
sec,AppSubComponent,8,UpdatedBy,int,4,10,0,1,0,0,NULL
sec,AppSubComponent,9,UpdatedDate,datetime,8,23,3,1,0,0,NULL
sec,AppSubComponent,10,IsDeleted,bit,1,1,0,1,0,0,NULL
sec,AppSubComponent,11,DeletedBy,int,4,10,0,1,0,0,NULL
sec,AppSubComponent,12,DeletedDate,datetime,8,23,3,1,0,0,NULL
sec,AppSubComponent,13,DeleteReason,nvarchar,1000,0,0,1,0,0,NULL
sec,AppUser,1,AppUserId,int,4,10,0,0,1,0,NULL
sec,AppUser,2,LoginUserId,varchar,450,0,0,1,0,0,NULL
sec,AppUser,3,Pin,varchar,20,0,0,1,0,0,NULL
sec,AppUser,4,FullName,nvarchar,400,0,0,1,0,0,NULL
sec,AppUser,5,UserName,nvarchar,128,0,0,0,0,0,NULL
sec,AppUser,6,EmailAddress,nvarchar,128,0,0,1,0,0,NULL
sec,AppUser,7,UserGroup,nvarchar,500,0,0,1,0,0,NULL
sec,AppUser,8,Password,nvarchar,128,0,0,1,0,0,NULL
sec,AppUser,9,Mobile,nvarchar,100,0,0,1,0,0,NULL
sec,AppUser,10,DesignationName,nvarchar,500,0,0,1,0,0,NULL
sec,AppUser,11,FunctionalDesignation,nvarchar,500,0,0,1,0,0,NULL
sec,AppUser,12,IsActive,bit,1,1,0,0,0,0,NULL
sec,AppUser,13,LastLoginTime,datetime,8,23,3,1,0,0,NULL
sec,AppUser,14,IsDefaultPassword,bit,1,1,0,0,0,0,NULL
sec,AppUser,15,IsSsoUser,bit,1,1,0,0,0,0,NULL
sec,AppUser,16,CreatedBy,int,4,10,0,1,0,0,NULL
sec,AppUser,17,CreatedDate,datetime,8,23,3,1,0,0,NULL
sec,AppUser,18,UpdatedBy,int,4,10,0,1,0,0,NULL
sec,AppUser,19,UpdatedDate,datetime,8,23,3,1,0,0,NULL
sec,AppUser,20,IsDeleted,bit,1,1,0,1,0,0,NULL
sec,AppUser,21,DeletedBy,int,4,10,0,1,0,0,NULL
sec,AppUser,22,DeletedDate,datetime,8,23,3,1,0,0,NULL
sec,AppUser,23,DeleteReason,nvarchar,1000,0,0,1,0,0,NULL
sec,AppUser,24,SignatureImage,nvarchar,-1,0,0,1,0,0,NULL
sec,AppUser,25,ProfileImage,nvarchar,-1,0,0,1,0,0,NULL
sec,AppUser,26,SignatureFor,nvarchar,-1,0,0,1,0,0,NULL
sec,AppUser,27,OrgAreaId,int,4,10,0,1,0,0,NULL
sec,AppUser,28,OrgDistrictId,int,4,10,0,1,0,0,NULL
sec,AppUser,29,OrgDivisionId,int,4,10,0,1,0,0,NULL
sec,AppUser,30,OrgUpazilaId,int,4,10,0,1,0,0,NULL
sec,AppUser,31,BranchId,int,4,10,0,1,0,0,NULL
sec,AppUser,32,ProgrammeId,int,4,10,0,1,0,0,NULL
sec,AppUser,33,ProjectId,int,4,10,0,1,0,0,NULL
sec,AppUserAuthOtp,1,AuthOtpId,int,4,10,0,0,1,0,NULL
sec,AppUserAuthOtp,2,AppUserId,int,4,10,0,0,0,0,NULL
sec,AppUserAuthOtp,3,UserName,varchar,250,0,0,0,0,0,NULL
sec,AppUserAuthOtp,4,DeviceId,varchar,250,0,0,1,0,0,NULL
sec,AppUserAuthOtp,5,AuthOtp,varchar,10,0,0,0,0,0,NULL
sec,AppUserAuthOtp,6,IsActive,bit,1,1,0,1,0,0,NULL
sec,AppUserAuthOtp,7,ExpiryDate,datetime,8,23,3,0,0,0,NULL
sec,AppUserAuthOtp,8,CreatedBy,int,4,10,0,1,0,0,NULL
sec,AppUserAuthOtp,9,CreatedDate,datetime,8,23,3,1,0,0,NULL
sec,AppUserAuthOtp,10,UpdatedBy,int,4,10,0,1,0,0,NULL
sec,AppUserAuthOtp,11,UpdatedDate,datetime,8,23,3,1,0,0,NULL
sec,AppUserAuthOtp,12,IsDeleted,bit,1,1,0,1,0,0,NULL
sec,AppUserAuthOtp,13,DeletedBy,int,4,10,0,1,0,0,NULL
sec,AppUserAuthOtp,14,DeletedDate,datetime,8,23,3,1,0,0,NULL
sec,AppUserAuthOtp,15,DeleteReason,nvarchar,1000,0,0,1,0,0,NULL
sec,AppUserLocation,1,AppUserLocationId,int,4,10,0,0,1,0,NULL
sec,AppUserLocation,2,AppUserId,int,4,10,0,1,0,0,NULL
sec,AppUserLocation,3,LoginUserId,varchar,450,0,0,1,0,0,NULL
sec,AppUserLocation,4,OrgAreaId,int,4,10,0,1,0,0,NULL
sec,AppUserLocation,5,OrgDistrictId,int,4,10,0,1,0,0,NULL
sec,AppUserLocation,6,OrgDivisionId,int,4,10,0,1,0,0,NULL
sec,AppUserLocation,7,OrgUpazilaId,int,4,10,0,1,0,0,NULL
sec,AppUserLocation,8,BranchId,int,4,10,0,1,0,0,NULL
sec,AppUserLocation,9,IsActive,bit,1,1,0,0,0,0,NULL
sec,AppUserLocation,10,CreatedBy,int,4,10,0,1,0,0,NULL
sec,AppUserLocation,11,CreatedDate,datetime,8,23,3,1,0,0,NULL
sec,AppUserLocation,12,UpdatedBy,int,4,10,0,1,0,0,NULL
sec,AppUserLocation,13,UpdatedDate,datetime,8,23,3,1,0,0,NULL
sec,AppUserLocation,14,IsDeleted,bit,1,1,0,1,0,0,NULL
sec,AppUserLocation,15,DeletedBy,int,4,10,0,1,0,0,NULL
sec,AppUserLocation,16,DeletedDate,datetime,8,23,3,1,0,0,NULL
sec,AppUserLocation,17,DeleteReason,nvarchar,1000,0,0,1,0,0,NULL
sec,AppUserPermission,1,UserPermissionId,bigint,8,19,0,0,1,0,NULL
sec,AppUserPermission,2,RoleId,varchar,450,0,0,0,0,0,NULL
sec,AppUserPermission,3,UserId,nvarchar,512,0,0,0,0,0,NULL
sec,AppUserPermission,4,ComponentId,int,4,10,0,0,0,0,NULL
sec,AppUserPermission,5,ComponentGroupId,int,4,10,0,0,0,0,NULL
sec,AppUserPermission,6,CanView,bit,1,1,0,1,0,0,((0))
sec,AppUserPermission,7,CanCreate,bit,1,1,0,1,0,0,((0))
sec,AppUserPermission,8,CanUpdate,bit,1,1,0,1,0,0,((0))
sec,AppUserPermission,9,CanDelete,bit,1,1,0,1,0,0,((0))
sec,AppUserPermission,10,CanApprove,bit,1,1,0,1,0,0,((0))
sec,AppUserPermission,11,CreatedDate,datetime,8,23,3,1,0,0,NULL
sec,AppUserPermission,12,CreatedBy,int,4,10,0,1,0,0,NULL
sec,AppUserPermission,13,IsDeleted,bit,1,1,0,1,0,0,NULL
sec,AppUserReportColumnPermission,1,AppUserReportColumnPermissionId,nvarchar,256,0,0,0,0,0,NULL
sec,AppUserReportColumnPermission,2,RoleId,varchar,450,0,0,0,0,0,NULL
sec,AppUserReportColumnPermission,3,UserId,nvarchar,512,0,0,0,0,0,NULL
sec,AppUserReportColumnPermission,4,ReportColumnId,nvarchar,256,0,0,0,0,0,NULL
sec,AppUserReportColumnPermission,5,IsVisible,bit,1,1,0,0,0,0,NULL
sec,AppUserReportColumnPermission,6,IsActive,bit,1,1,0,0,0,0,NULL
sec,AppUserReportColumnPermission,7,CreatedBy,int,4,10,0,1,0,0,NULL
sec,AppUserReportColumnPermission,8,CreatedDate,datetime,8,23,3,1,0,0,NULL
sec,AppUserReportColumnPermission,9,UpdatedBy,int,4,10,0,1,0,0,NULL
sec,AppUserReportColumnPermission,10,UpdatedDate,datetime,8,23,3,1,0,0,NULL
sec,AppUserReportColumnPermission,11,IsDeleted,bit,1,1,0,1,0,0,NULL
sec,AppUserReportColumnPermission,12,DeletedBy,int,4,10,0,1,0,0,NULL
sec,AppUserReportColumnPermission,13,DeletedDate,datetime,8,23,3,1,0,0,NULL
sec,AppUserReportColumnPermission,14,DeleteReason,varchar,500,0,0,1,0,0,NULL
sec,AppUserReportProjectPermission,1,AppUserReportProjectPermissionId,nvarchar,256,0,0,0,0,0,NULL
sec,AppUserReportProjectPermission,2,RoleId,varchar,450,0,0,1,0,0,NULL
sec,AppUserReportProjectPermission,3,UserId,nvarchar,512,0,0,0,0,0,NULL
sec,AppUserReportProjectPermission,4,ProgrammeGroupId,int,4,10,0,0,0,0,NULL
sec,AppUserReportProjectPermission,5,ProjectId,int,4,10,0,0,0,0,NULL
sec,AppUserReportProjectPermission,6,IsAllowed,bit,1,1,0,0,0,0,NULL
sec,AppUserReportProjectPermission,7,IsActive,bit,1,1,0,0,0,0,NULL
sec,AppUserReportProjectPermission,8,CreatedBy,int,4,10,0,1,0,0,NULL
sec,AppUserReportProjectPermission,9,CreatedDate,datetime,8,23,3,1,0,0,NULL
sec,AppUserReportProjectPermission,10,UpdatedBy,int,4,10,0,1,0,0,NULL
sec,AppUserReportProjectPermission,11,UpdatedDate,datetime,8,23,3,1,0,0,NULL
sec,AppUserReportProjectPermission,12,IsDeleted,bit,1,1,0,1,0,0,NULL
sec,AppUserReportProjectPermission,13,DeletedBy,int,4,10,0,1,0,0,NULL
sec,AppUserReportProjectPermission,14,DeletedDate,datetime,8,23,3,1,0,0,NULL
sec,AppUserReportProjectPermission,15,DeleteReason,varchar,500,0,0,1,0,0,NULL
sec,AppUserTm,1,AppUserId,int,4,10,0,0,1,0,NULL
sec,AppUserTm,2,LoginUserId,varchar,450,0,0,1,0,0,NULL
sec,AppUserTm,3,Pin,varchar,20,0,0,1,0,0,NULL
sec,AppUserTm,4,FullName,nvarchar,400,0,0,1,0,0,NULL
sec,AppUserTm,5,UserName,nvarchar,128,0,0,0,0,0,NULL
sec,AppUserTm,6,EmailAddress,nvarchar,128,0,0,1,0,0,NULL
sec,AppUserTm,7,UserGroup,nvarchar,500,0,0,1,0,0,NULL
sec,AppUserTm,8,Password,nvarchar,128,0,0,1,0,0,NULL
sec,AppUserTm,9,Mobile,nvarchar,100,0,0,1,0,0,NULL
sec,AppUserTm,10,IsActive,bit,1,1,0,0,0,0,NULL
sec,AppUserTm,11,LastLoginTime,datetime,8,23,3,1,0,0,NULL
sec,AppUserTm,12,IsDefaultPassword,bit,1,1,0,0,0,0,NULL
sec,AppUserTm,13,IsSsoUser,bit,1,1,0,0,0,0,NULL
sec,AppUserTm,14,CreatedBy,int,4,10,0,1,0,0,NULL
sec,AppUserTm,15,CreatedDate,datetime,8,23,3,1,0,0,NULL
sec,AppUserTm,16,UpdatedBy,int,4,10,0,1,0,0,NULL
sec,AppUserTm,17,UpdatedDate,datetime,8,23,3,1,0,0,NULL
sec,AppUserTm,18,IsDeleted,bit,1,1,0,1,0,0,NULL
sec,AppUserTm,19,DeletedBy,int,4,10,0,1,0,0,NULL
sec,AppUserTm,20,DeletedDate,datetime,8,23,3,1,0,0,NULL
sec,AppUserTm,21,DeleteReason,nvarchar,1000,0,0,1,0,0,NULL
sec,AppUserTm,22,SignatureImage,nvarchar,-1,0,0,1,0,0,NULL
sec,AppUserTm,23,ProfileImage,nvarchar,-1,0,0,1,0,0,NULL
sec,AppUserTm,24,SignatureFor,nvarchar,-1,0,0,1,0,0,NULL
sec,AppUserTm,25,OrgAreaId,int,4,10,0,1,0,0,NULL
sec,AppUserTm,26,OrgDistrictId,int,4,10,0,1,0,0,NULL
sec,AppUserTm,27,OrgDivisionId,int,4,10,0,1,0,0,NULL
sec,AppUserTm,28,OrgUpazilaId,int,4,10,0,1,0,0,NULL
sec,AppUserTm,29,BranchId,int,4,10,0,1,0,0,NULL
sec,AppUserTm,30,ProgrammeId,int,4,10,0,1,0,0,NULL
sec,AppUserTm,31,ProjectId,int,4,10,0,1,0,0,NULL
sec,AspNetRoleClaims,1,Id,int,4,10,0,0,1,0,NULL
sec,AspNetRoleClaims,2,RoleId,nvarchar,900,0,0,0,0,0,NULL
sec,AspNetRoleClaims,3,ClaimType,nvarchar,-1,0,0,1,0,0,NULL
sec,AspNetRoleClaims,4,ClaimValue,nvarchar,-1,0,0,1,0,0,NULL
sec,AspNetRoleClaims,5,IsDeleted,bit,1,1,0,1,0,0,NULL
sec,AspNetRoles,1,Id,nvarchar,900,0,0,0,0,0,NULL
sec,AspNetRoles,2,Name,nvarchar,512,0,0,1,0,0,NULL
sec,AspNetRoles,3,NormalizedName,nvarchar,512,0,0,1,0,0,NULL
sec,AspNetRoles,4,Description,nvarchar,-1,0,0,1,0,0,NULL
sec,AspNetRoles,5,CreatedBy,int,4,10,0,1,0,0,NULL
sec,AspNetRoles,6,CreatedDate,datetime,8,23,3,1,0,0,NULL
sec,AspNetRoles,7,UpdatedBy,int,4,10,0,1,0,0,NULL
sec,AspNetRoles,8,UpdatedDate,datetime,8,23,3,1,0,0,NULL
sec,AspNetRoles,9,DeletedBy,int,4,10,0,1,0,0,NULL
sec,AspNetRoles,10,DeletedDate,datetime,8,23,3,1,0,0,NULL
sec,AspNetRoles,11,IsDeleted,bit,1,1,0,1,0,0,NULL
sec,AspNetRoles,12,DeleteReason,nvarchar,1000,0,0,1,0,0,NULL
sec,AspNetRoles,13,IsActive,bit,1,1,0,1,0,0,NULL
sec,AspNetRoles,14,ConcurrencyStamp,nvarchar,-1,0,0,1,0,0,NULL
sec,AspNetUserClaims,1,Id,int,4,10,0,0,1,0,NULL
sec,AspNetUserClaims,2,UserId,nvarchar,512,0,0,0,0,0,NULL
sec,AspNetUserClaims,3,ClaimType,nvarchar,-1,0,0,1,0,0,NULL
sec,AspNetUserClaims,4,ClaimValue,nvarchar,-1,0,0,1,0,0,NULL
sec,AspNetUserClaims,5,DeletedBy,int,4,10,0,1,0,0,NULL
sec,AspNetUserClaims,6,DeletedDate,datetime,8,23,3,1,0,0,NULL
sec,AspNetUserClaims,7,IsDeleted,bit,1,1,0,1,0,0,NULL
sec,AspNetUserLogins,1,LoginProvider,nvarchar,256,0,0,0,0,0,NULL
sec,AspNetUserLogins,2,ProviderKey,nvarchar,256,0,0,0,0,0,NULL
sec,AspNetUserLogins,3,ProviderDisplayName,nvarchar,-1,0,0,1,0,0,NULL
sec,AspNetUserLogins,4,UserId,nvarchar,512,0,0,0,0,0,NULL
sec,AspNetUserRoles,1,Id,int,4,10,0,0,1,0,NULL
sec,AspNetUserRoles,2,UserId,nvarchar,512,0,0,0,0,0,NULL
sec,AspNetUserRoles,3,RoleId,nvarchar,900,0,0,0,0,0,NULL
sec,AspNetUserRoles,4,IsDeleted,bit,1,1,0,1,0,0,NULL
sec,AspNetUsers,1,Id,nvarchar,512,0,0,0,0,0,NULL
sec,AspNetUsers,2,UserName,nvarchar,512,0,0,1,0,0,NULL
sec,AspNetUsers,3,AppUserId,int,4,10,0,1,0,0,NULL
sec,AspNetUsers,4,FirstName,nvarchar,256,0,0,1,0,0,NULL
sec,AspNetUsers,5,LastName,nvarchar,256,0,0,1,0,0,NULL
sec,AspNetUsers,6,PinNumber,nvarchar,256,0,0,1,0,0,NULL
sec,AspNetUsers,7,NormalizedUserName,nvarchar,512,0,0,1,0,0,NULL
sec,AspNetUsers,8,Email,nvarchar,512,0,0,1,0,0,NULL
sec,AspNetUsers,9,NormalizedEmail,nvarchar,512,0,0,1,0,0,NULL
sec,AspNetUsers,10,EmailConfirmed,bit,1,1,0,0,0,0,NULL
sec,AspNetUsers,11,PasswordHash,nvarchar,-1,0,0,1,0,0,NULL
sec,AspNetUsers,12,SecurityStamp,nvarchar,-1,0,0,1,0,0,NULL
sec,AspNetUsers,13,ConcurrencyStamp,nvarchar,-1,0,0,1,0,0,NULL
sec,AspNetUsers,14,PhoneNumber,nvarchar,-1,0,0,1,0,0,NULL
sec,AspNetUsers,15,PhoneNumberConfirmed,bit,1,1,0,0,0,0,NULL
sec,AspNetUsers,16,TwoFactorEnabled,bit,1,1,0,0,0,0,NULL
sec,AspNetUsers,17,LockoutEnd,datetimeoffset,10,34,7,1,0,0,NULL
sec,AspNetUsers,18,LockoutEnabled,bit,1,1,0,0,0,0,NULL
sec,AspNetUsers,19,AccessFailedCount,int,4,10,0,0,0,0,NULL
sec,AspNetUsers,20,SignInAsByUserId,varchar,256,0,0,1,0,0,NULL
sec,AspNetUsers,21,SignInAsByAppUserId,int,4,10,0,1,0,0,NULL
sec,AspNetUsers,22,SignInAsByName,varchar,256,0,0,1,0,0,NULL
sec,AspNetUsers,23,SignInAsByPinNumber,varchar,256,0,0,1,0,0,NULL
sec,AspNetUsers,24,IsSignInAs,bit,1,1,0,1,0,0,((0))
sec,AspNetUsers,25,SignInAsDate,datetime,8,23,3,1,0,0,NULL
sec,AspNetUserTokens,1,UserId,nvarchar,512,0,0,0,0,0,NULL
sec,AspNetUserTokens,2,LoginProvider,nvarchar,256,0,0,0,0,0,NULL
sec,AspNetUserTokens,3,Name,nvarchar,256,0,0,0,0,0,NULL
sec,AspNetUserTokens,4,Value,nvarchar,-1,0,0,1,0,0,NULL
sec,AspNetUserTokens,5,TokenHash,nvarchar,512,0,0,1,0,0,NULL
sec,AspNetUserTokens,6,TokenSalt,nvarchar,512,0,0,1,0,0,NULL
sec,AspNetUserTokens,7,ExpiryDate,datetime,8,23,3,1,0,0,NULL
sec,DetailEntityFieldDefinition,1,FieldId,int,4,10,0,0,1,0,NULL
sec,DetailEntityFieldDefinition,2,FieldName,varchar,250,0,0,1,0,0,NULL
sec,DetailEntityFieldDefinition,3,FieldDisplay,varchar,250,0,0,1,0,0,NULL
sec,UserLoginAsHistory,1,UserLoginAsHistoryId,varchar,250,0,0,0,0,0,NULL
sec,UserLoginAsHistory,2,LoginUserId,varchar,250,0,0,0,0,0,NULL
sec,UserLoginAsHistory,3,LoginAsUserId,varchar,250,0,0,0,0,0,NULL
sec,UserLoginAsHistory,4,CreatedBy,int,4,10,0,1,0,0,NULL
sec,UserLoginAsHistory,5,CreatedDate,datetime,8,23,3,1,0,0,NULL
sec,UserLoginAsHistory,6,UpdatedBy,int,4,10,0,1,0,0,NULL
sec,UserLoginAsHistory,7,UpdatedDate,datetime,8,23,3,1,0,0,NULL
sec,UserLoginAsHistory,8,IsDeleted,bit,1,1,0,1,0,0,NULL
sec,UserLoginAsHistory,9,DeletedBy,int,4,10,0,1,0,0,NULL
sec,UserLoginAsHistory,10,DeletedDate,datetime,8,23,3,1,0,0,NULL
sec,UserLoginAsHistory,11,DeleteReason,nvarchar,1000,0,0,1,0,0,NULL
sec,UserLogInOutHistory,1,UserLogInOutHistoryId,int,4,10,0,0,1,0,NULL
sec,UserLogInOutHistory,2,AppUserId,int,4,10,0,0,0,0,NULL
sec,UserLogInOutHistory,3,PinNumber,varchar,20,0,0,1,0,0,NULL
sec,UserLogInOutHistory,4,IsSsoUser,bit,1,1,0,1,0,0,NULL
sec,UserLogInOutHistory,5,UserName,varchar,250,0,0,0,0,0,NULL
sec,UserLogInOutHistory,6,UserRoleName,varchar,250,0,0,1,0,0,NULL
sec,UserLogInOutHistory,7,LogInDateTime,datetime,8,23,3,1,0,0,NULL
sec,UserLogInOutHistory,8,LogOutDateTime,datetime,8,23,3,1,0,0,NULL
sec,UserLogInOutHistory,9,UserIPv4Address,varchar,50,0,0,1,0,0,NULL
sec,UserLogInOutHistory,10,UserIPv6Address,varchar,60,0,0,1,0,0,NULL
sec,UserLogInOutHistory,11,UserLatitude,varchar,250,0,0,1,0,0,NULL
sec,UserLogInOutHistory,12,UserLongitude,varchar,250,0,0,1,0,0,NULL
sec,UserLogInOutHistory,13,IsBrowser,bit,1,1,0,1,0,0,NULL
sec,UserLogInOutHistory,14,BrowserAgent,nvarchar,500,0,0,1,0,0,NULL
sec,UserLogInOutHistory,15,BrowserName,varchar,250,0,0,1,0,0,NULL
sec,UserLogInOutHistory,16,BrowserVersion,varchar,250,0,0,1,0,0,NULL
sec,UserLogInOutHistory,17,IsMobileDevice,bit,1,1,0,1,0,0,NULL
sec,UserLogInOutHistory,18,MobileDeviceName,varchar,250,0,0,1,0,0,NULL
sec,UserLogInOutHistory,19,DatabaseName,varchar,250,0,0,1,0,0,NULL
sec,UserLogInOutHistory,20,DatabaseOwnerName,varchar,250,0,0,1,0,0,NULL
sec,UserLogInOutHistory,21,IsActive,bit,1,1,0,0,0,0,NULL
sec,UserLogInOutHistory,22,CreatedBy,int,4,10,0,1,0,0,NULL
sec,UserLogInOutHistory,23,CreatedDate,datetime,8,23,3,1,0,0,NULL
sec,UserLogInOutHistory,24,UpdatedBy,int,4,10,0,1,0,0,NULL
sec,UserLogInOutHistory,25,UpdatedDate,datetime,8,23,3,1,0,0,NULL
sec,UserLogInOutHistory,26,IsDeleted,bit,1,1,0,1,0,0,NULL
sec,UserLogInOutHistory,27,DeletedBy,int,4,10,0,1,0,0,NULL
sec,UserLogInOutHistory,28,DeletedDate,datetime,8,23,3,1,0,0,NULL
sec,UserLogInOutHistory,29,DeleteReason,varchar,500,0,0,1,0,0,NULL
sec,UserRefreshToken,1,RefreshTokenId,int,4,10,0,0,1,0,NULL
sec,UserRefreshToken,2,UserId,varchar,256,0,0,1,0,0,NULL
sec,UserRefreshToken,3,DeviceId,varchar,256,0,0,1,0,0,NULL
sec,UserRefreshToken,4,TokenHash,varchar,256,0,0,1,0,0,NULL
sec,UserRefreshToken,5,TokenSalt,varchar,256,0,0,1,0,0,NULL
sec,UserRefreshToken,6,TimeStamp,datetime,8,23,3,1,0,0,NULL
sec,UserRefreshToken,7,ExpiryDate,datetime,8,23,3,1,0,0,NULL
sec,UserRefreshToken,8,RefreshToken,varchar,256,0,0,1,0,0,NULL
sec,UserRole,1,UserRoleId,int,4,10,0,0,1,0,NULL
sec,UserRole,2,UserRoleName,nvarchar,500,0,0,0,0,0,NULL
sec,UserRole,3,UserRoleDefaultPageId,int,4,10,0,1,0,0,NULL
sec,UserRole,4,Description,nvarchar,5000,0,0,1,0,0,NULL
sec,UserRole,5,IsActive,bit,1,1,0,0,0,0,NULL
sec,UserRole,6,CreatedBy,int,4,10,0,1,0,0,NULL
sec,UserRole,7,CreatedDate,datetime,8,23,3,1,0,0,NULL
sec,UserRole,8,UpdatedBy,int,4,10,0,1,0,0,NULL
sec,UserRole,9,UpdatedDate,datetime,8,23,3,1,0,0,NULL
sec,UserRole,10,IsDeleted,bit,1,1,0,1,0,0,NULL
sec,UserRole,11,DeletedBy,int,4,10,0,1,0,0,NULL
sec,UserRole,12,DeletedDate,datetime,8,23,3,1,0,0,NULL
sec,UserRole,13,DeleteReason,nvarchar,1000,0,0,1,0,0,NULL
std,ActiveInactiveStatus,1,IsActive,bit,1,1,0,0,0,0,NULL
std,ActiveInactiveStatus,2,IsActiveText,varchar,50,0,0,1,0,0,NULL
std,AuditCategory,1,AuditCategoryId,int,4,10,0,0,1,0,NULL
std,AuditCategory,2,AuditCategoryName,nvarchar,500,0,0,0,0,0,NULL
std,AuditCategory,3,Description,nvarchar,5000,0,0,1,0,0,NULL
std,AuditCategory,4,StatusColor,nvarchar,100,0,0,1,0,0,NULL
std,AuditCategory,5,StatusCode,nvarchar,300,0,0,1,0,0,NULL
std,AuditCategory,6,IsActive,bit,1,1,0,1,0,0,NULL
std,AuditCategory,7,CreatedBy,int,4,10,0,1,0,0,NULL
std,AuditCategory,8,CreatedDate,datetime,8,23,3,1,0,0,NULL
std,AuditCategory,9,UpdatedBy,int,4,10,0,1,0,0,NULL
std,AuditCategory,10,UpdatedDate,datetime,8,23,3,1,0,0,NULL
std,AuditCategory,11,IsDeleted,bit,1,1,0,1,0,0,NULL
std,AuditCategory,12,DeletedBy,int,4,10,0,1,0,0,NULL
std,AuditCategory,13,DeletedDate,datetime,8,23,3,1,0,0,NULL
std,AuditCategory,14,DeleteReason,nvarchar,1000,0,0,1,0,0,NULL
std,AuditStep,1,AuditStepId,int,4,10,0,0,1,0,NULL
std,AuditStep,2,AuditStepName,nvarchar,300,0,0,0,0,0,NULL
std,AuditStep,3,IsActive,bit,1,1,0,0,0,0,NULL
std,AuditStep,4,CreatedBy,int,4,10,0,1,0,0,NULL
std,AuditStep,5,CreatedDate,datetime,8,23,3,1,0,0,NULL
std,AuditStep,6,UpdatedBy,int,4,10,0,1,0,0,NULL
std,AuditStep,7,UpdatedDate,datetime,8,23,3,1,0,0,NULL
std,AuditStep,8,IsDeleted,bit,1,1,0,1,0,0,NULL
std,AuditStep,9,DeletedBy,int,4,10,0,1,0,0,NULL
std,AuditStep,10,DeletedDate,datetime,8,23,3,1,0,0,NULL
std,AuditStep,11,DeleteReason,nvarchar,1000,0,0,1,0,0,NULL
std,AuditType,1,AuditTypeId,int,4,10,0,0,1,0,NULL
std,AuditType,2,AuditCategoryId,int,4,10,0,0,0,0,NULL
std,AuditType,3,AuditTypeName,nvarchar,500,0,0,0,0,0,NULL
std,AuditType,4,AuditTypeDescription,nvarchar,5000,0,0,1,0,0,NULL
std,AuditType,5,IsActive,bit,1,1,0,0,0,0,NULL
std,AuditType,8,CreatedBy,int,4,10,0,1,0,0,NULL
std,AuditType,9,CreatedDate,datetime,8,23,3,1,0,0,NULL
std,AuditType,10,UpdatedBy,int,4,10,0,1,0,0,NULL
std,AuditType,11,UpdatedDate,datetime,8,23,3,1,0,0,NULL
std,AuditType,12,IsDeleted,bit,1,1,0,1,0,0,NULL
std,AuditType,13,DeletedBy,int,4,10,0,1,0,0,NULL
std,AuditType,14,DeletedDate,datetime,8,23,3,1,0,0,NULL
std,AuditType,15,DeleteReason,nvarchar,1000,0,0,1,0,0,NULL
std,BracStaffStatus,1,StaffStatusId,int,4,10,0,0,1,0,NULL
std,BracStaffStatus,2,StaffStatus,varchar,10,0,0,0,0,0,NULL
std,BracStaffStatus,3,StaffStatusName,varchar,100,0,0,0,0,0,NULL
std,BracStaffStatus,4,IsActive,bit,1,1,0,1,0,0,NULL
std,BracStaffStatus,5,StartDate,date,3,10,0,1,0,0,NULL
std,BracStaffStatus,6,EndDate,date,3,10,0,1,0,0,NULL
std,BracStaffStatus,7,CreatedBy,int,4,10,0,1,0,0,NULL
std,BracStaffStatus,8,CreatedDate,datetime,8,23,3,1,0,0,NULL
std,BracStaffStatus,9,UpdatedBy,int,4,10,0,1,0,0,NULL
std,BracStaffStatus,10,UpdatedDate,datetime,8,23,3,1,0,0,NULL
std,BracStaffStatus,11,IsDeleted,bit,1,1,0,1,0,0,NULL
std,BracStaffStatus,12,DeletedBy,int,4,10,0,1,0,0,NULL
std,BracStaffStatus,13,DeletedDate,datetime,8,23,3,1,0,0,NULL
std,BracStaffStatus,14,DeleteReason,nvarchar,1000,0,0,1,0,0,NULL
std,BusinessUnit,1,BusinessUnitId,int,4,10,0,0,0,0,NULL
std,BusinessUnit,2,BusinessUnitName,nvarchar,300,0,0,1,0,0,NULL
std,BusinessUnit,3,BusinessUnitShortName,nvarchar,300,0,0,1,0,0,NULL
std,BusinessUnit,4,BusinessUnitLogo,varbinary,5000,0,0,1,0,0,NULL
std,BusinessUnit,5,BusinessUnitLogoLg,varbinary,5000,0,0,1,0,0,NULL
std,BusinessUnit,6,BusinessUnitLogoReport,varbinary,5000,0,0,1,0,0,NULL
std,BusinessUnit,7,BusinessUnitDescription,varchar,2000,0,0,1,0,0,NULL
std,BusinessUnit,8,IsActive,bit,1,1,0,1,0,0,NULL
std,BusinessUnit,9,CreatedBy,int,4,10,0,1,0,0,NULL
std,BusinessUnit,10,CreatedDate,datetime,8,23,3,1,0,0,NULL
std,BusinessUnit,11,UpdatedBy,int,4,10,0,1,0,0,NULL
std,BusinessUnit,12,UpdatedDate,datetime,8,23,3,1,0,0,NULL
std,BusinessUnit,13,IsDeleted,bit,1,1,0,1,0,0,NULL
std,BusinessUnit,14,DeletedBy,int,4,10,0,1,0,0,NULL
std,BusinessUnit,15,DeletedDate,datetime,8,23,3,1,0,0,NULL
std,BusinessUnit,16,DeleteReason,nvarchar,1000,0,0,1,0,0,NULL
std,ChangeRequestDesiredStatus,1,ChangeRequestDesiredStatusId,int,4,10,0,0,1,0,NULL
std,ChangeRequestDesiredStatus,2,ChangeRequestTypeId,int,4,10,0,0,0,0,NULL
std,ChangeRequestDesiredStatus,3,ChangeRequestDesiredStatusName,nvarchar,500,0,0,1,0,0,NULL
std,ChangeRequestDesiredStatus,4,DisplayOrder,int,4,10,0,1,0,0,NULL
std,ChangeRequestDesiredStatus,5,ReferenceStatusId,int,4,10,0,1,0,0,NULL
std,ChangeRequestDesiredStatus,6,IsActive,bit,1,1,0,0,0,0,NULL
std,ChangeRequestDesiredStatus,7,CreatedBy,int,4,10,0,1,0,0,NULL
std,ChangeRequestDesiredStatus,8,CreatedDate,datetime,8,23,3,1,0,0,NULL
std,ChangeRequestDesiredStatus,9,UpdatedBy,int,4,10,0,1,0,0,NULL
std,ChangeRequestDesiredStatus,10,UpdatedDate,datetime,8,23,3,1,0,0,NULL
std,ChangeRequestDesiredStatus,11,IsDeleted,bit,1,1,0,1,0,0,NULL
std,ChangeRequestDesiredStatus,12,DeletedBy,int,4,10,0,1,0,0,NULL
std,ChangeRequestDesiredStatus,13,DeletedDate,datetime,8,23,3,1,0,0,NULL
std,ChangeRequestDesiredStatus,14,DeleteReason,nvarchar,1000,0,0,1,0,0,NULL
std,ChangeRequestType,1,ChangeRequestTypeId,int,4,10,0,0,1,0,NULL
std,ChangeRequestType,2,ChangeRequestTypeName,nvarchar,500,0,0,1,0,0,NULL
std,ChangeRequestType,3,ChangeRequestTypeDescription,nvarchar,5000,0,0,1,0,0,NULL
std,ChangeRequestType,4,IsActive,bit,1,1,0,0,0,0,NULL
std,ChangeRequestType,5,CreatedBy,int,4,10,0,1,0,0,NULL
std,ChangeRequestType,6,CreatedDate,datetime,8,23,3,1,0,0,NULL
std,ChangeRequestType,7,UpdatedBy,int,4,10,0,1,0,0,NULL
std,ChangeRequestType,8,UpdatedDate,datetime,8,23,3,1,0,0,NULL
std,ChangeRequestType,9,IsDeleted,bit,1,1,0,1,0,0,NULL
std,ChangeRequestType,10,DeletedBy,int,4,10,0,1,0,0,NULL
std,ChangeRequestType,11,DeletedDate,datetime,8,23,3,1,0,0,NULL
std,ChangeRequestType,12,DeleteReason,nvarchar,1000,0,0,1,0,0,NULL
std,ComplianceExternal,1,ComplianceExternalId,int,4,10,0,0,1,0,NULL
std,ComplianceExternal,2,ProjectId,int,4,10,0,1,0,0,NULL
std,ComplianceExternal,3,ProgrammeId,int,4,10,0,1,0,0,NULL
std,ComplianceExternal,4,ProgrammeGroupId,int,4,10,0,1,0,0,NULL
std,ComplianceExternal,5,ExternalAuditYear,int,4,10,0,1,0,0,NULL
std,ComplianceExternal,6,ObservationTitle,nvarchar,2000,0,0,1,0,0,NULL
std,ComplianceExternal,7,IsActive,bit,1,1,0,0,0,0,NULL
std,ComplianceExternal,8,CreatedBy,int,4,10,0,1,0,0,NULL
std,ComplianceExternal,9,CreatedDate,datetime,8,23,3,1,0,0,NULL
std,ComplianceExternal,10,UpdatedBy,int,4,10,0,1,0,0,NULL
std,ComplianceExternal,11,UpdatedDate,datetime,8,23,3,1,0,0,NULL
std,ComplianceExternal,12,IsDeleted,bit,1,1,0,1,0,0,NULL
std,ComplianceExternal,13,DeletedBy,int,4,10,0,1,0,0,NULL
std,ComplianceExternal,14,DeletedDate,datetime,8,23,3,1,0,0,NULL
std,ComplianceExternal,15,DeleteReason,nvarchar,1000,0,0,1,0,0,NULL
std,ComplianceExternalDetail,1,ComplianceExternalDetailId,int,4,10,0,0,1,0,NULL
std,ComplianceExternalDetail,2,ComplianceExternalId,int,4,10,0,1,0,0,NULL
std,ComplianceExternalDetail,3,Year,int,4,10,0,1,0,0,NULL
std,ComplianceExternalDetail,4,YearList,nvarchar,1000,0,0,1,0,0,NULL
std,ComplianceExternalDetail,5,ObservationRecommendation,nvarchar,-1,0,0,1,0,0,NULL
std,ComplianceExternalDetail,6,IsActive,bit,1,1,0,0,0,0,NULL
std,ComplianceExternalDetail,7,CreatedBy,int,4,10,0,1,0,0,NULL
std,ComplianceExternalDetail,8,CreatedDate,datetime,8,23,3,1,0,0,NULL
std,ComplianceExternalDetail,9,UpdatedBy,int,4,10,0,1,0,0,NULL
std,ComplianceExternalDetail,10,UpdatedDate,datetime,8,23,3,1,0,0,NULL
std,ComplianceExternalDetail,11,IsDeleted,bit,1,1,0,1,0,0,NULL
std,ComplianceExternalDetail,12,DeletedBy,int,4,10,0,1,0,0,NULL
std,ComplianceExternalDetail,13,DeletedDate,datetime,8,23,3,1,0,0,NULL
std,ComplianceExternalDetail,14,DeleteReason,nvarchar,1000,0,0,1,0,0,NULL
std,Component,1,ComponentId,int,4,10,0,0,1,0,NULL
std,Component,2,ComponentName,nvarchar,500,0,0,0,0,0,NULL
std,Component,3,ComponentDescription,nvarchar,5000,0,0,1,0,0,NULL
std,Component,4,IsActive,bit,1,1,0,0,0,0,NULL
std,Component,5,CreatedBy,int,4,10,0,1,0,0,NULL
std,Component,6,CreatedDate,datetime,8,23,3,1,0,0,NULL
std,Component,7,UpdatedBy,int,4,10,0,1,0,0,NULL
std,Component,8,UpdatedDate,datetime,8,23,3,1,0,0,NULL
std,Component,9,IsDeleted,bit,1,1,0,1,0,0,NULL
std,Component,10,DeletedBy,int,4,10,0,1,0,0,NULL
std,Component,11,DeletedDate,datetime,8,23,3,1,0,0,NULL
std,Component,12,DeleteReason,nvarchar,1000,0,0,1,0,0,NULL
std,Contain,1,ContainId,int,4,10,0,0,1,0,NULL
std,Contain,2,ContainName,nvarchar,500,0,0,0,0,0,NULL
std,Contain,3,ContainCode,nvarchar,50,0,0,1,0,0,NULL
std,Contain,4,Description,nvarchar,5000,0,0,1,0,0,NULL
std,Contain,5,ContainTypeId,int,4,10,0,1,0,0,NULL
std,Contain,6,ContainStatusId,int,4,10,0,1,0,0,NULL
std,Contain,7,DisplayOrder,int,4,10,0,1,0,0,NULL
std,Contain,8,IsActive,bit,1,1,0,0,0,0,NULL
std,Contain,9,CreatedBy,int,4,10,0,1,0,0,NULL
std,Contain,10,CreatedDate,datetime,8,23,3,1,0,0,NULL
std,Contain,11,UpdatedBy,int,4,10,0,1,0,0,NULL
std,Contain,12,UpdatedDate,datetime,8,23,3,1,0,0,NULL
std,Contain,13,IsDeleted,bit,1,1,0,1,0,0,NULL
std,Contain,14,DeletedBy,int,4,10,0,1,0,0,NULL
std,Contain,15,DeletedDate,datetime,8,23,3,1,0,0,NULL
std,Contain,16,DeleteReason,nvarchar,1000,0,0,1,0,0,NULL
std,Container,1,ContainerId,int,4,10,0,0,1,0,NULL
std,Container,2,ContainerName,nvarchar,500,0,0,0,0,0,NULL
std,Container,3,ContainerCode,nvarchar,50,0,0,1,0,0,NULL
std,Container,4,Description,nvarchar,5000,0,0,1,0,0,NULL
std,Container,5,ContainerStatusId,int,4,10,0,1,0,0,NULL
std,Container,6,AuditTypeId,int,4,10,0,1,0,0,NULL
std,Container,7,ProjectId,int,4,10,0,1,0,0,NULL
std,Container,8,IsActive,bit,1,1,0,0,0,0,NULL
std,Container,9,CreatedBy,int,4,10,0,1,0,0,NULL
std,Container,10,CreatedDate,datetime,8,23,3,1,0,0,NULL
std,Container,11,UpdatedBy,int,4,10,0,1,0,0,NULL
std,Container,12,UpdatedDate,datetime,8,23,3,1,0,0,NULL
std,Container,13,IsDeleted,bit,1,1,0,1,0,0,NULL
std,Container,14,DeletedBy,int,4,10,0,1,0,0,NULL
std,Container,15,DeletedDate,datetime,8,23,3,1,0,0,NULL
std,Container,16,DeleteReason,nvarchar,1000,0,0,1,0,0,NULL
std,ContainerContain,1,ContainerContainId,int,4,10,0,0,1,0,NULL
std,ContainerContain,2,ContainerId,int,4,10,0,0,0,0,NULL
std,ContainerContain,3,ContainId,int,4,10,0,0,0,0,NULL
std,ContainerContain,4,ContainerContainStatusId,int,4,10,0,1,0,0,NULL
std,ContainerContain,5,DisplayOrder,int,4,10,0,1,0,0,NULL
std,ContainerContain,6,IsActive,bit,1,1,0,0,0,0,NULL
std,ContainerContain,7,CreatedBy,int,4,10,0,1,0,0,NULL
std,ContainerContain,8,CreatedDate,datetime,8,23,3,1,0,0,NULL
std,ContainerContain,9,UpdatedBy,int,4,10,0,1,0,0,NULL
std,ContainerContain,10,UpdatedDate,datetime,8,23,3,1,0,0,NULL
std,ContainerContain,11,IsDeleted,bit,1,1,0,1,0,0,NULL
std,ContainerContain,12,DeletedBy,int,4,10,0,1,0,0,NULL
std,ContainerContain,13,DeletedDate,datetime,8,23,3,1,0,0,NULL
std,ContainerContain,14,DeleteReason,nvarchar,1000,0,0,1,0,0,NULL
std,ContainerContainRow,1,ContainerContainRowId,int,4,10,0,0,1,0,NULL
std,ContainerContainRow,2,ContainerContainId,int,4,10,0,0,0,0,NULL
std,ContainerContainRow,3,ContainerContainRowName,nvarchar,500,0,0,0,0,0,NULL
std,ContainerContainRow,4,ColumnNumber,int,4,10,0,1,0,0,NULL
std,ContainerContainRow,5,DisplayOrder,int,4,10,0,1,0,0,NULL
std,ContainerContainRow,6,IsActive,bit,1,1,0,0,0,0,NULL
std,ContainerContainRow,7,CreatedBy,int,4,10,0,1,0,0,NULL
std,ContainerContainRow,8,CreatedDate,datetime,8,23,3,1,0,0,NULL
std,ContainerContainRow,9,UpdatedBy,int,4,10,0,1,0,0,NULL
std,ContainerContainRow,10,UpdatedDate,datetime,8,23,3,1,0,0,NULL
std,ContainerContainRow,11,IsDeleted,bit,1,1,0,1,0,0,NULL
std,ContainerContainRow,12,DeletedBy,int,4,10,0,1,0,0,NULL
std,ContainerContainRow,13,DeletedDate,datetime,8,23,3,1,0,0,NULL
std,ContainerContainRow,14,DeleteReason,nvarchar,1000,0,0,1,0,0,NULL
std,ContainerContainRowColumn,1,ContainerContainRowColumnId,int,4,10,0,0,1,0,NULL
std,ContainerContainRowColumn,2,ContainerContainRowId,int,4,10,0,0,0,0,NULL
std,ContainerContainRowColumn,3,ContainerContainRowColumnName,nvarchar,500,0,0,0,0,0,NULL
std,ContainerContainRowColumn,4,HeadingId,int,4,10,0,0,0,0,NULL
std,ContainerContainRowColumn,5,HeadingName,nvarchar,500,0,0,0,0,0,NULL
std,ContainerContainRowColumn,6,TextWidth,varchar,50,0,0,1,0,0,NULL
std,ContainerContainRowColumn,7,TextAlign,varchar,50,0,0,1,0,0,NULL
std,ContainerContainRowColumn,8,TextStyle,varchar,50,0,0,1,0,0,NULL
std,ContainerContainRowColumn,9,TextWeight,varchar,50,0,0,1,0,0,NULL
std,ContainerContainRowColumn,10,TextDecoration,varchar,50,0,0,1,0,0,NULL
std,ContainerContainRowColumn,11,InlineCssStyle,nvarchar,500,0,0,1,0,0,NULL
std,ContainerContainRowColumn,12,DisplayOrder,int,4,10,0,1,0,0,NULL
std,ContainerContainRowColumn,13,IsActive,bit,1,1,0,0,0,0,NULL
std,ContainerContainRowColumn,14,CreatedBy,int,4,10,0,1,0,0,NULL
std,ContainerContainRowColumn,15,CreatedDate,datetime,8,23,3,1,0,0,NULL
std,ContainerContainRowColumn,16,UpdatedBy,int,4,10,0,1,0,0,NULL
std,ContainerContainRowColumn,17,UpdatedDate,datetime,8,23,3,1,0,0,NULL
std,ContainerContainRowColumn,18,IsDeleted,bit,1,1,0,1,0,0,NULL
std,ContainerContainRowColumn,19,DeletedBy,int,4,10,0,1,0,0,NULL
std,ContainerContainRowColumn,20,DeletedDate,datetime,8,23,3,1,0,0,NULL
std,ContainerContainRowColumn,21,DeleteReason,nvarchar,1000,0,0,1,0,0,NULL
std,ContainerStaging,1,ContainerId,int,4,10,0,0,1,0,NULL
std,ContainerStaging,2,ContainerName,nvarchar,500,0,0,0,0,0,NULL
std,ContainerStaging,3,ContainerCode,nvarchar,50,0,0,1,0,0,NULL
std,ContainerStaging,4,Description,nvarchar,5000,0,0,1,0,0,NULL
std,ContainerStaging,5,ContainerStatusId,int,4,10,0,1,0,0,NULL
std,ContainerStaging,6,AuditTypeId,int,4,10,0,1,0,0,NULL
std,ContainerStaging,7,ProjectId,int,4,10,0,1,0,0,NULL
std,ContainerStaging,8,IsActive,bit,1,1,0,0,0,0,NULL
std,ContainerStaging,9,CreatedBy,int,4,10,0,1,0,0,NULL
std,ContainerStaging,10,CreatedDate,datetime,8,23,3,1,0,0,NULL
std,ContainerStaging,11,UpdatedBy,int,4,10,0,1,0,0,NULL
std,ContainerStaging,12,UpdatedDate,datetime,8,23,3,1,0,0,NULL
std,ContainerStaging,13,IsDeleted,bit,1,1,0,1,0,0,NULL
std,ContainerStaging,14,DeletedBy,int,4,10,0,1,0,0,NULL
std,ContainerStaging,15,DeletedDate,datetime,8,23,3,1,0,0,NULL
std,ContainerStaging,16,DeleteReason,nvarchar,1000,0,0,1,0,0,NULL
std,ContainType,1,ContainTypeId,int,4,10,0,0,1,0,NULL
std,ContainType,2,ContainTypeName,nvarchar,200,0,0,0,0,0,NULL
std,ContainType,3,IsActive,bit,1,1,0,1,0,0,NULL
std,ContainType,4,CreatedBy,int,4,10,0,1,0,0,NULL
std,ContainType,5,CreatedDate,datetime,8,23,3,1,0,0,NULL
std,ContainType,6,UpdatedBy,int,4,10,0,1,0,0,NULL
std,ContainType,7,UpdatedDate,datetime,8,23,3,1,0,0,NULL
std,ContainType,8,IsDeleted,bit,1,1,0,1,0,0,NULL
std,ContainType,9,DeletedBy,int,4,10,0,1,0,0,NULL
std,ContainType,10,DeletedDate,datetime,8,23,3,1,0,0,NULL
std,ContainType,11,DeleteReason,nvarchar,1000,0,0,1,0,0,NULL
std,DashboardCard,1,DashboardCardId,int,4,10,0,0,1,0,NULL
std,DashboardCard,2,DashboardCardName,varchar,150,0,0,0,0,0,NULL
std,DashboardCard,3,Description,varchar,500,0,0,1,0,0,NULL
std,DashboardCard,4,OrderLevel,int,4,10,0,0,0,0,NULL
std,DashboardCard,5,IsActive,bit,1,1,0,0,0,0,NULL
std,DashboardCard,6,CreatedBy,int,4,10,0,1,0,0,NULL
std,DashboardCard,7,CreatedDate,datetime,8,23,3,1,0,0,NULL
std,DashboardCard,8,UpdatedBy,int,4,10,0,1,0,0,NULL
std,DashboardCard,9,UpdatedDate,datetime,8,23,3,1,0,0,NULL
std,DashboardCard,10,IsDeleted,bit,1,1,0,1,0,0,NULL
std,DashboardCard,11,DeletedBy,int,4,10,0,1,0,0,NULL
std,DashboardCard,12,DeletedDate,datetime,8,23,3,1,0,0,NULL
std,DashboardCard,13,DeleteReason,nvarchar,1000,0,0,1,0,0,NULL
std,Department,1,DepartmentId,int,4,10,0,0,1,0,NULL
std,Department,2,Name,nvarchar,300,0,0,1,0,0,NULL
std,Department,3,ShortName,nvarchar,300,0,0,1,0,0,NULL
std,Department,4,CreatedBy,int,4,10,0,1,0,0,NULL
std,Department,5,CreatedDate,datetime,8,23,3,1,0,0,NULL
std,Department,6,UpdatedBy,int,4,10,0,1,0,0,NULL
std,Department,7,UpdatedDate,datetime,8,23,3,1,0,0,NULL
std,Department,8,IsDeleted,bit,1,1,0,1,0,0,NULL
std,Department,9,DeletedBy,int,4,10,0,1,0,0,NULL
std,Department,10,DeletedDate,datetime,8,23,3,1,0,0,NULL
std,Department,11,DeleteReason,nvarchar,1000,0,0,1,0,0,NULL
std,Depratment,1,DepratmentId,int,4,10,0,0,1,0,NULL
std,Depratment,2,DepratmentName,nvarchar,200,0,0,0,0,0,NULL
std,Depratment,3,Description,nvarchar,510,0,0,1,0,0,NULL
std,Depratment,4,IsActive,bit,1,1,0,0,0,0,NULL
std,Depratment,5,StartDate,date,3,10,0,0,0,0,NULL
std,Depratment,6,EndDate,date,3,10,0,1,0,0,NULL
std,Depratment,7,CreateBy,int,4,10,0,1,0,0,NULL
std,Depratment,8,CreateDate,datetime,8,23,3,1,0,0,NULL
std,Depratment,9,ModifyBy,int,4,10,0,1,0,0,NULL
std,Depratment,10,ModifyDate,datetime,8,23,3,1,0,0,NULL
std,Depratment,11,IsDeleted,bit,1,1,0,1,0,0,NULL
std,Depratment,12,DeletedBy,int,4,10,0,1,0,0,NULL
std,Depratment,13,DeletedOn,datetime,8,23,3,1,0,0,NULL
std,Designation,1,DesignationId,int,4,10,0,0,1,0,NULL
std,Designation,2,DesignationName,nvarchar,500,0,0,0,0,0,NULL
std,Designation,3,Description,nvarchar,5000,0,0,1,0,0,NULL
std,Designation,4,IsActive,bit,1,1,0,0,0,0,NULL
std,Designation,5,CreatedBy,int,4,10,0,1,0,0,NULL
std,Designation,6,CreatedDate,datetime,8,23,3,1,0,0,NULL
std,Designation,7,UpdatedBy,int,4,10,0,1,0,0,NULL
std,Designation,8,UpdatedDate,datetime,8,23,3,1,0,0,NULL
std,Designation,9,IsDeleted,bit,1,1,0,1,0,0,NULL
std,Designation,10,DeletedBy,int,4,10,0,1,0,0,NULL
std,Designation,11,DeletedDate,datetime,8,23,3,1,0,0,NULL
std,Designation,12,DeleteReason,nvarchar,1000,0,0,1,0,0,NULL
std,Designation,13,RefId,varchar,50,0,0,1,0,0,NULL
std,Designation,14,IsIcq,bit,1,1,0,1,0,0,NULL
std,DocumentRequisition,1,DocumentRequisitionId,int,4,10,0,0,1,0,NULL
std,DocumentRequisition,2,DocumentRequisitionName,nvarchar,2000,0,0,1,0,0,NULL
std,DocumentRequisition,3,CountryId,int,4,10,0,0,0,0,NULL
std,DocumentRequisition,4,ProgrammeGroupId,int,4,10,0,0,0,0,NULL
std,DocumentRequisition,5,ProgrammeId,int,4,10,0,0,0,0,NULL
std,DocumentRequisition,6,ProjectId,int,4,10,0,0,0,0,NULL
std,DocumentRequisition,7,AuditTypeId,int,4,10,0,0,0,0,NULL
std,DocumentRequisition,8,ReportTypeId,int,4,10,0,0,0,0,NULL
std,DocumentRequisition,9,RiskTypeId,int,4,10,0,0,0,0,NULL
std,DocumentRequisition,10,IsDraft,bit,1,1,0,1,0,0,NULL
std,DocumentRequisition,11,IsActive,bit,1,1,0,1,0,0,NULL
std,DocumentRequisition,12,CreatedBy,int,4,10,0,1,0,0,NULL
std,DocumentRequisition,13,CreatedDate,datetime,8,23,3,1,0,0,NULL
std,DocumentRequisition,14,UpdatedBy,int,4,10,0,1,0,0,NULL
std,DocumentRequisition,15,UpdatedDate,datetime,8,23,3,1,0,0,NULL
std,DocumentRequisition,16,IsDeleted,bit,1,1,0,1,0,0,NULL
std,DocumentRequisition,17,DeletedBy,int,4,10,0,1,0,0,NULL
std,DocumentRequisition,18,DeletedDate,datetime,8,23,3,1,0,0,NULL
std,DocumentRequisition,19,DeleteReason,nvarchar,1000,0,0,1,0,0,NULL
std,DocumentRequisition,20,IsAuditConduction,bit,1,1,0,1,0,0,NULL
std,DocumentRequisitionDetail,1,DocumentRequisitionDetailId,int,4,10,0,0,1,0,NULL
std,DocumentRequisitionDetail,2,DocumentRequisitionId,int,4,10,0,0,0,0,NULL
std,DocumentRequisitionDetail,3,DocumentRequisitionDetailName,nvarchar,2000,0,0,1,0,0,NULL
std,DocumentRequisitionDetail,4,Purpose,nvarchar,8000,0,0,1,0,0,NULL
std,DocumentRequisitionDetail,5,IsDraft,bit,1,1,0,1,0,0,NULL
std,DocumentRequisitionDetail,6,IsActive,bit,1,1,0,1,0,0,NULL
std,DocumentRequisitionDetail,7,CreatedBy,int,4,10,0,1,0,0,NULL
std,DocumentRequisitionDetail,8,CreatedDate,datetime,8,23,3,1,0,0,NULL
std,DocumentRequisitionDetail,9,UpdatedBy,int,4,10,0,1,0,0,NULL
std,DocumentRequisitionDetail,10,UpdatedDate,datetime,8,23,3,1,0,0,NULL
std,DocumentRequisitionDetail,11,IsDeleted,bit,1,1,0,1,0,0,NULL
std,DocumentRequisitionDetail,12,DeletedBy,int,4,10,0,1,0,0,NULL
std,DocumentRequisitionDetail,13,DeletedDate,datetime,8,23,3,1,0,0,NULL
std,DocumentRequisitionDetail,14,DeleteReason,nvarchar,1000,0,0,1,0,0,NULL
std,DocumentRequisitionDetail,15,IsAuditConduction,bit,1,1,0,1,0,0,NULL
std,DocumentRequisitionDetailDoc,1,DocumentRequisitionDetailDocId,int,4,10,0,0,1,0,NULL
std,DocumentRequisitionDetailDoc,2,DocumentRequisitionDetailDocName,nvarchar,500,0,0,1,0,0,NULL
std,DocumentRequisitionDetailDoc,3,DocumentRequisitionDetailId,int,4,10,0,0,0,0,NULL
std,DocumentRequisitionDetailDoc,4,ContentType,nvarchar,510,0,0,1,0,0,NULL
std,DocumentRequisitionDetailDoc,5,FileExtension,nvarchar,100,0,0,1,0,0,NULL
std,DocumentRequisitionDetailDoc,6,FileSizeMb,decimal,9,18,2,1,0,0,NULL
std,DocumentRequisitionDetailDoc,7,SourcePath,nvarchar,510,0,0,1,0,0,NULL
std,DocumentRequisitionDetailDoc,8,SourceFile,varbinary,-1,0,0,1,0,0,NULL
std,DocumentRequisitionDetailDoc,9,FileName,nvarchar,510,0,0,1,0,0,NULL
std,DocumentRequisitionDetailDoc,10,FileStorageHistoryId,int,4,10,0,1,0,0,NULL
std,DocumentRequisitionDetailDoc,11,FileStorageTypeId,int,4,10,0,1,0,0,NULL
std,DocumentRequisitionDetailDoc,12,IsActive,bit,1,1,0,1,0,0,NULL
std,DocumentRequisitionDetailDoc,13,CreatedBy,int,4,10,0,1,0,0,NULL
std,DocumentRequisitionDetailDoc,14,CreatedDate,datetime,8,23,3,1,0,0,NULL
std,DocumentRequisitionDetailDoc,15,UpdatedBy,int,4,10,0,1,0,0,NULL
std,DocumentRequisitionDetailDoc,16,UpdatedDate,datetime,8,23,3,1,0,0,NULL
std,DocumentRequisitionDetailDoc,17,IsDeleted,bit,1,1,0,1,0,0,NULL
std,DocumentRequisitionDetailDoc,18,DeletedBy,int,4,10,0,1,0,0,NULL
std,DocumentRequisitionDetailDoc,19,DeletedDate,datetime,8,23,3,1,0,0,NULL
std,DocumentRequisitionDetailDoc,20,DeleteReason,nchar,20,0,0,1,0,0,NULL
std,DocumentRequisitionDetailDoc,21,FileStorageFileId,nvarchar,512,0,0,1,0,0,NULL
std,Donor,1,DonorId,int,4,10,0,0,1,0,NULL
std,Donor,2,ProgrammeGroupId,int,4,10,0,0,0,0,NULL
std,Donor,3,ProgrammeId,int,4,10,0,0,0,0,NULL
std,Donor,4,ProjectId,int,4,10,0,0,0,0,NULL
std,Donor,5,DonorName,nvarchar,500,0,0,0,0,0,NULL
std,Donor,6,DonorDescription,nvarchar,5000,0,0,1,0,0,NULL
std,Donor,7,IsActive,bit,1,1,0,0,0,0,NULL
std,Donor,8,CreatedBy,int,4,10,0,1,0,0,NULL
std,Donor,9,CreatedDate,datetime,8,23,3,1,0,0,NULL
std,Donor,10,UpdatedBy,int,4,10,0,1,0,0,NULL
std,Donor,11,UpdatedDate,datetime,8,23,3,1,0,0,NULL
std,Donor,12,IsDeleted,bit,1,1,0,1,0,0,NULL
std,Donor,13,DeletedBy,int,4,10,0,1,0,0,NULL
std,Donor,14,DeletedDate,datetime,8,23,3,1,0,0,NULL
std,Donor,15,DeleteReason,nvarchar,1000,0,0,1,0,0,NULL
std,Donor,16,CountryId,int,4,10,0,1,0,0,NULL
std,EmailAddressBook,1,EmailAddressBookId,int,4,10,0,0,1,0,NULL
std,EmailAddressBook,2,StaffPIN,varchar,8,0,0,1,0,0,NULL
std,EmailAddressBook,3,StaffName,nvarchar,300,0,0,1,0,0,NULL
std,EmailAddressBook,4,StaffDesignation,nvarchar,300,0,0,1,0,0,NULL
std,EmailAddressBook,5,EmailAddress,nvarchar,200,0,0,0,0,0,NULL
std,EmailAddressBook,6,EmailName,nvarchar,600,0,0,1,0,0,NULL
std,EmailAddressBook,7,RefId,nvarchar,100,0,0,1,0,0,NULL
std,EmailAddressBook,8,IsActive,bit,1,1,0,0,0,0,NULL
std,EmailAddressBook,9,CreatedBy,int,4,10,0,1,0,0,NULL
std,EmailAddressBook,10,CreatedDate,datetime,8,23,3,1,0,0,NULL
std,EmailAddressBook,11,UpdatedBy,int,4,10,0,1,0,0,NULL
std,EmailAddressBook,12,UpdatedDate,datetime,8,23,3,1,0,0,NULL
std,EmailAddressBook,13,IsDeleted,bit,1,1,0,1,0,0,NULL
std,EmailAddressBook,14,DeletedBy,int,4,10,0,1,0,0,NULL
std,EmailAddressBook,15,DeletedDate,datetime,8,23,3,1,0,0,NULL
std,EmailAddressBook,16,DeleteReason,nvarchar,1000,0,0,1,0,0,NULL
std,EmailAddressBook,17,ProjectName,varchar,250,0,0,1,0,0,NULL
std,EmailAddressBook,18,ProgrammeName,varchar,250,0,0,1,0,0,NULL
std,EmailAddressBook,19,IsSync,bit,1,1,0,1,0,0,NULL
std,EmailDirectoryUpdateHistory,1,UpdateHistoryId,int,4,10,0,0,1,0,NULL
std,EmailDirectoryUpdateHistory,2,EmailGroupId,int,4,10,0,0,0,0,NULL
std,EmailDirectoryUpdateHistory,3,IsActive,bit,1,1,0,1,0,0,NULL
std,EmailDirectoryUpdateHistory,4,CreatedBy,int,4,10,0,1,0,0,NULL
std,EmailDirectoryUpdateHistory,5,CreatedDate,datetime,8,23,3,1,0,0,NULL
std,EmailDirectoryUpdateHistory,6,UpdatedBy,int,4,10,0,1,0,0,NULL
std,EmailDirectoryUpdateHistory,7,UpdatedDate,datetime,8,23,3,1,0,0,NULL
std,EmailDirectoryUpdateHistory,8,IsDeleted,bit,1,1,0,1,0,0,NULL
std,EmailDirectoryUpdateHistory,9,DeletedBy,int,4,10,0,1,0,0,NULL
std,EmailDirectoryUpdateHistory,10,DeletedOn,datetime,8,23,3,1,0,0,NULL
std,EmailGroup,1,EmailGroupId,int,4,10,0,0,1,0,NULL
std,EmailGroup,2,GroupName,nvarchar,500,0,0,0,0,0,NULL
std,EmailGroup,3,Description,nvarchar,5000,0,0,1,0,0,NULL
std,EmailGroup,4,IsActive,bit,1,1,0,0,0,0,NULL
std,EmailGroup,5,CreatedBy,int,4,10,0,1,0,0,NULL
std,EmailGroup,6,CreatedDate,datetime,8,23,3,1,0,0,NULL
std,EmailGroup,7,UpdatedBy,int,4,10,0,1,0,0,NULL
std,EmailGroup,8,UpdatedDate,datetime,8,23,3,1,0,0,NULL
std,EmailGroup,9,IsDeleted,bit,1,1,0,1,0,0,NULL
std,EmailGroup,10,DeletedBy,int,4,10,0,1,0,0,NULL
std,EmailGroup,11,DeletedDate,datetime,8,23,3,1,0,0,NULL
std,EmailGroup,12,DeleteReason,nvarchar,1000,0,0,1,0,0,NULL
std,EmailGroupDetail,1,EmailGroupDetailId,int,4,10,0,0,1,0,NULL
std,EmailGroupDetail,2,EmailGroupId,int,4,10,0,0,0,0,NULL
std,EmailGroupDetail,3,EmailAddressBookId,int,4,10,0,0,0,0,NULL
std,EmailGroupDetail,4,IsActive,bit,1,1,0,0,0,0,NULL
std,EmailGroupDetail,5,CreatedBy,int,4,10,0,0,0,0,NULL
std,EmailGroupDetail,6,CreatedDate,datetime,8,23,3,0,0,0,NULL
std,EmailGroupDetail,7,UpdatedBy,int,4,10,0,1,0,0,NULL
std,EmailGroupDetail,8,UpdatedDate,datetime,8,23,3,1,0,0,NULL
std,EmailGroupDetail,9,IsDeleted,bit,1,1,0,1,0,0,NULL
std,EmailGroupDetail,10,DeletedBy,int,4,10,0,1,0,0,NULL
std,EmailGroupDetail,11,DeletedOn,datetime,8,23,3,1,0,0,NULL
std,Heading,1,HeadingId,int,4,10,0,0,1,0,NULL
std,Heading,2,HeadingName,nvarchar,500,0,0,0,0,0,NULL
std,Heading,3,HeadingPlaceholder,nvarchar,500,0,0,1,0,0,NULL
std,Heading,4,Description,nvarchar,5000,0,0,1,0,0,NULL
std,Heading,5,HeadingTypeId,int,4,10,0,1,0,0,NULL
std,Heading,6,HeadingSourceId,int,4,10,0,1,0,0,NULL
std,Heading,7,TextWidth,varchar,50,0,0,1,0,0,NULL
std,Heading,8,TextAlign,varchar,50,0,0,1,0,0,NULL
std,Heading,9,TextStyle,varchar,50,0,0,1,0,0,NULL
std,Heading,10,TextWeight,varchar,50,0,0,1,0,0,NULL
std,Heading,11,TextDecoration,varchar,50,0,0,1,0,0,NULL
std,Heading,12,InlineCssStyle,nvarchar,500,0,0,1,0,0,NULL
std,Heading,13,IsActive,bit,1,1,0,0,0,0,NULL
std,Heading,14,CreatedBy,int,4,10,0,1,0,0,NULL
std,Heading,15,CreatedDate,datetime,8,23,3,1,0,0,NULL
std,Heading,16,UpdatedBy,int,4,10,0,1,0,0,NULL
std,Heading,17,UpdatedDate,datetime,8,23,3,1,0,0,NULL
std,Heading,18,IsDeleted,bit,1,1,0,1,0,0,NULL
std,Heading,19,DeletedBy,int,4,10,0,1,0,0,NULL
std,Heading,20,DeletedDate,datetime,8,23,3,1,0,0,NULL
std,Heading,21,DeleteReason,nvarchar,1000,0,0,1,0,0,NULL
std,HeadingSource,1,HeadingSourceId,int,4,10,0,0,1,0,NULL
std,HeadingSource,2,HeadingSourceName,nvarchar,200,0,0,0,0,0,NULL
std,HeadingSource,3,DataSource,nvarchar,200,0,0,0,0,0,NULL
std,HeadingSource,4,IsActive,bit,1,1,0,1,0,0,NULL
std,HeadingSource,5,CreatedBy,int,4,10,0,1,0,0,NULL
std,HeadingSource,6,CreatedDate,datetime,8,23,3,1,0,0,NULL
std,HeadingSource,7,UpdatedBy,int,4,10,0,1,0,0,NULL
std,HeadingSource,8,UpdatedDate,datetime,8,23,3,1,0,0,NULL
std,HeadingSource,9,IsDeleted,bit,1,1,0,1,0,0,NULL
std,HeadingSource,10,DeletedBy,int,4,10,0,1,0,0,NULL
std,HeadingSource,11,DeletedDate,datetime,8,23,3,1,0,0,NULL
std,HeadingSource,12,DeleteReason,nvarchar,1000,0,0,1,0,0,NULL
std,HeadingType,1,HeadingTypeId,int,4,10,0,0,1,0,NULL
std,HeadingType,2,HeadingTypeName,nvarchar,200,0,0,0,0,0,NULL
std,HeadingType,3,DisplayName,nvarchar,500,0,0,1,0,0,NULL
std,HeadingType,4,IsSystem,bit,1,1,0,1,0,0,((0))
std,HeadingType,5,IsActive,bit,1,1,0,0,0,0,NULL
std,HeadingType,6,CreatedBy,int,4,10,0,1,0,0,NULL
std,HeadingType,7,CreatedDate,datetime,8,23,3,0,0,0,NULL
std,HeadingType,8,UpdatedBy,int,4,10,0,1,0,0,NULL
std,HeadingType,9,UpdatedDate,datetime,8,23,3,1,0,0,NULL
std,HeadingType,10,IsDeleted,bit,1,1,0,1,0,0,NULL
std,HeadingType,11,DeletedBy,int,4,10,0,1,0,0,NULL
std,HeadingType,12,DeletedDate,datetime,8,23,3,1,0,0,NULL
std,HeadingType,13,DeleteReason,nvarchar,1000,0,0,1,0,0,NULL
std,IcqQuarter,1,IcqQuarterId,int,4,10,0,0,0,0,NULL
std,IcqQuarter,2,QuarterNo,int,4,10,0,1,0,0,NULL
std,IcqQuarter,3,IcqQuarterName,varchar,50,0,0,1,0,0,NULL
std,IcqQuarter,4,Year,int,4,10,0,1,0,0,NULL
std,IcqQuarter,5,IsActive,bit,1,1,0,0,0,0,NULL
std,IcqQuarter,6,CreatedBy,int,4,10,0,1,0,0,NULL
std,IcqQuarter,7,CreatedDate,datetime,8,23,3,1,0,0,NULL
std,IcqQuarter,8,UpdatedBy,int,4,10,0,1,0,0,NULL
std,IcqQuarter,9,UpdatedDate,datetime,8,23,3,1,0,0,NULL
std,IcqQuarter,10,IsDeleted,bit,1,1,0,1,0,0,NULL
std,IcqQuarter,11,DeletedBy,int,4,10,0,1,0,0,NULL
std,IcqQuarter,12,DeletedDate,datetime,8,23,3,1,0,0,NULL
std,IcqQuarter,13,DeleteReason,nvarchar,1000,0,0,1,0,0,NULL
std,IcqQuestionBank,1,IcqQuestionBankId,int,4,10,0,0,1,0,NULL
std,IcqQuestionBank,2,ProgrammeGroupId,int,4,10,0,0,0,0,NULL
std,IcqQuestionBank,3,ProgrammeId,int,4,10,0,0,0,0,NULL
std,IcqQuestionBank,4,ProjectId,int,4,10,0,0,0,0,NULL
std,IcqQuestionBank,5,Year,int,4,10,0,0,0,0,NULL
std,IcqQuestionBank,6,Quarter,int,4,10,0,0,0,0,NULL
std,IcqQuestionBank,7,IsActive,bit,1,1,0,0,0,0,NULL
std,IcqQuestionBank,8,CreatedBy,int,4,10,0,1,0,0,NULL
std,IcqQuestionBank,9,CreatedDate,datetime,8,23,3,1,0,0,NULL
std,IcqQuestionBank,10,UpdatedBy,int,4,10,0,1,0,0,NULL
std,IcqQuestionBank,11,UpdatedDate,datetime,8,23,3,1,0,0,NULL
std,IcqQuestionBank,12,IsDeleted,bit,1,1,0,1,0,0,NULL
std,IcqQuestionBank,13,DeletedBy,int,4,10,0,1,0,0,NULL
std,IcqQuestionBank,14,DeletedDate,datetime,8,23,3,1,0,0,NULL
std,IcqQuestionBank,15,DeleteReason,varchar,500,0,0,1,0,0,NULL
std,IcqQuestionBank,16,SubProgrammeId,int,4,10,0,1,0,0,NULL
std,IcqQuestionBankDetail,1,IcqQuestionBankDetailId,int,4,10,0,0,1,0,NULL
std,IcqQuestionBankDetail,2,IcqQuestionBankId,int,4,10,0,0,0,0,NULL
std,IcqQuestionBankDetail,3,IcqQuestionName,nvarchar,6000,0,0,1,0,0,NULL
std,IcqQuestionBankDetail,4,DesignationId,int,4,10,0,1,0,0,NULL
std,IcqQuestionBankDetail,5,DesignationName,varchar,500,0,0,1,0,0,NULL
std,IcqQuestionBankDetail,6,ObservationCategoryId,int,4,10,0,1,0,0,NULL
std,IcqQuestionBankDetail,7,ObservationCategoryName,varchar,500,0,0,1,0,0,NULL
std,IcqQuestionBankDetail,8,IsActive,bit,1,1,0,0,0,0,NULL
std,IcqQuestionBankDetail,9,CreatedBy,int,4,10,0,1,0,0,NULL
std,IcqQuestionBankDetail,10,CreatedDate,datetime,8,23,3,1,0,0,NULL
std,IcqQuestionBankDetail,11,UpdatedBy,int,4,10,0,1,0,0,NULL
std,IcqQuestionBankDetail,12,UpdatedDate,datetime,8,23,3,1,0,0,NULL
std,IcqQuestionBankDetail,13,IsDeleted,bit,1,1,0,1,0,0,NULL
std,IcqQuestionBankDetail,14,DeletedBy,int,4,10,0,1,0,0,NULL
std,IcqQuestionBankDetail,15,DeletedDate,datetime,8,23,3,1,0,0,NULL
std,IcqQuestionBankDetail,16,DeleteReason,varchar,500,0,0,1,0,0,NULL
std,IcqQuestionBankDetail,17,DisplayOrder,int,4,10,0,1,0,0,NULL
std,IcqQuestionBankFile,1,IcqQuestionBankFileId,int,4,10,0,0,1,0,NULL
std,IcqQuestionBankFile,2,IcqQuestionBankFileName,nvarchar,500,0,0,1,0,0,NULL
std,IcqQuestionBankFile,3,IcqQuestionBankId,int,4,10,0,0,0,0,NULL
std,IcqQuestionBankFile,4,ContentType,nvarchar,510,0,0,1,0,0,NULL
std,IcqQuestionBankFile,5,FileExtension,nvarchar,100,0,0,1,0,0,NULL
std,IcqQuestionBankFile,6,FileSizeMb,decimal,9,18,2,1,0,0,NULL
std,IcqQuestionBankFile,7,SourcePath,nvarchar,510,0,0,1,0,0,NULL
std,IcqQuestionBankFile,8,SourceFile,varbinary,-1,0,0,1,0,0,NULL
std,IcqQuestionBankFile,9,FileName,nvarchar,510,0,0,1,0,0,NULL
std,IcqQuestionBankFile,10,FileStorageHistoryId,int,4,10,0,1,0,0,NULL
std,IcqQuestionBankFile,11,FileStorageTypeId,int,4,10,0,1,0,0,NULL
std,IcqQuestionBankFile,12,IsActive,bit,1,1,0,1,0,0,NULL
std,IcqQuestionBankFile,13,CreatedBy,int,4,10,0,1,0,0,NULL
std,IcqQuestionBankFile,14,CreatedDate,datetime,8,23,3,1,0,0,NULL
std,IcqQuestionBankFile,15,UpdatedBy,int,4,10,0,1,0,0,NULL
std,IcqQuestionBankFile,16,UpdatedDate,datetime,8,23,3,1,0,0,NULL
std,IcqQuestionBankFile,17,IsDeleted,bit,1,1,0,1,0,0,NULL
std,IcqQuestionBankFile,18,DeletedBy,int,4,10,0,1,0,0,NULL
std,IcqQuestionBankFile,19,DeletedDate,datetime,8,23,3,1,0,0,NULL
std,IcqQuestionBankFile,20,DeleteReason,nchar,20,0,0,1,0,0,NULL
std,Language,1,LanguageId,int,4,10,0,0,1,0,NULL
std,Language,2,LanguageName,nvarchar,300,0,0,0,0,0,NULL
std,Language,3,LanguageCode,nvarchar,50,0,0,1,0,0,NULL
std,Language,4,Description,nvarchar,500,0,0,1,0,0,NULL
std,Language,5,IsActive,bit,1,1,0,0,0,0,NULL
std,Language,6,CreateBy,int,4,10,0,0,0,0,NULL
std,Language,7,CreateDate,datetime,8,23,3,0,0,0,NULL
std,Language,8,ModifyBy,int,4,10,0,1,0,0,NULL
std,Language,9,ModifyDate,datetime,8,23,3,1,0,0,NULL
std,Language,10,IsDeleted,bit,1,1,0,1,0,0,NULL
std,Language,11,DeletedBy,int,4,10,0,1,0,0,NULL
std,Language,12,DeletedOn,datetime,8,23,3,1,0,0,NULL
std,MemberType,1,MemberTypeId,int,4,10,0,0,0,0,NULL
std,MemberType,2,MemberTypeName,nvarchar,300,0,0,0,0,0,NULL
std,MemberType,3,IsActive,bit,1,1,0,0,0,0,NULL
std,MovementType,1,MovementTypeId,int,4,10,0,0,1,0,NULL
std,MovementType,2,MovementTypeName,nvarchar,500,0,0,0,0,0,NULL
std,MovementType,3,Description,nvarchar,5000,0,0,1,0,0,NULL
std,MovementType,4,IsActive,bit,1,1,0,0,0,0,NULL
std,MovementType,5,StartDate,date,3,10,0,1,0,0,NULL
std,MovementType,6,EndDate,date,3,10,0,1,0,0,NULL
std,MovementType,7,CreatedBy,int,4,10,0,1,0,0,NULL
std,MovementType,8,CreatedDate,datetime,8,23,3,1,0,0,NULL
std,MovementType,9,UpdatedBy,int,4,10,0,1,0,0,NULL
std,MovementType,10,UpdatedDate,datetime,8,23,3,1,0,0,NULL
std,MovementType,11,IsDeleted,bit,1,1,0,1,0,0,NULL
std,MovementType,12,DeletedBy,int,4,10,0,1,0,0,NULL
std,MovementType,13,DeletedDate,datetime,8,23,3,1,0,0,NULL
std,MovementType,14,DeleteReason,nvarchar,1000,0,0,1,0,0,NULL
std,NotificationEvent,1,NotificationEventId,int,4,10,0,0,1,0,NULL
std,NotificationEvent,2,ComponentGroupId,int,4,10,0,0,0,0,NULL
std,NotificationEvent,3,ComponentId,int,4,10,0,0,0,0,NULL
std,NotificationEvent,4,NotificationEventTypeId,int,4,10,0,0,0,0,NULL
std,NotificationEvent,5,NotificationEventName,nvarchar,500,0,0,0,0,0,NULL
std,NotificationEvent,6,Description,nvarchar,5000,0,0,1,0,0,NULL
std,NotificationEvent,7,IsSmsActive,bit,1,1,0,1,0,0,NULL
std,NotificationEvent,8,IsEmailActive,bit,1,1,0,1,0,0,NULL
std,NotificationEvent,9,IsAppActive,bit,1,1,0,1,0,0,NULL
std,NotificationEvent,10,IsActive,bit,1,1,0,1,0,0,NULL
std,NotificationEvent,11,CreatedBy,int,4,10,0,1,0,0,NULL
std,NotificationEvent,12,CreatedDate,datetime,8,23,3,1,0,0,NULL
std,NotificationEvent,13,UpdatedBy,int,4,10,0,1,0,0,NULL
std,NotificationEvent,14,UpdatedDate,datetime,8,23,3,1,0,0,NULL
std,NotificationEvent,15,IsDeleted,bit,1,1,0,1,0,0,NULL
std,NotificationEvent,16,DeletedBy,int,4,10,0,1,0,0,NULL
std,NotificationEvent,17,DeletedDate,datetime,8,23,3,1,0,0,NULL
std,NotificationEvent,18,DeleteReason,nvarchar,1000,0,0,1,0,0,NULL
std,NotificationEvent,19,EventId,nvarchar,300,0,0,0,0,0,NULL
std,NotificationEventDetail,1,NotificationEventDetailId,int,4,10,0,0,1,0,NULL
std,NotificationEventDetail,2,NotificationEventId,int,4,10,0,0,0,0,NULL
std,NotificationEventDetail,3,NotificationTemplateId,int,4,10,0,0,0,0,NULL
std,NotificationEventDetail,4,NotificationEventTypeId,int,4,10,0,0,0,0,NULL
std,NotificationEventDetail,5,IsSmsActive,bit,1,1,0,1,0,0,NULL
std,NotificationEventDetail,6,IsEmailActive,bit,1,1,0,1,0,0,NULL
std,NotificationEventDetail,7,IsAppActive,bit,1,1,0,1,0,0,NULL
std,NotificationEventDetail,8,IsActive,bit,1,1,0,1,0,0,NULL
std,NotificationEventDetail,9,CreatedBy,int,4,10,0,1,0,0,NULL
std,NotificationEventDetail,10,CreatedDate,datetime,8,23,3,1,0,0,NULL
std,NotificationEventDetail,11,UpdatedBy,int,4,10,0,1,0,0,NULL
std,NotificationEventDetail,12,UpdatedDate,datetime,8,23,3,1,0,0,NULL
std,NotificationEventDetail,13,IsDeleted,bit,1,1,0,1,0,0,NULL
std,NotificationEventDetail,14,DeletedBy,int,4,10,0,1,0,0,NULL
std,NotificationEventDetail,15,DeletedDate,datetime,8,23,3,1,0,0,NULL
std,NotificationEventDetail,16,DeleteReason,nvarchar,1000,0,0,1,0,0,NULL
std,NotificationEventDetail,17,EventDetailId,nvarchar,300,0,0,0,0,0,NULL
std,NotificationTemplate,1,NotificationTemplateId,int,4,10,0,0,1,0,NULL
std,NotificationTemplate,2,NotificationTypeId,int,4,10,0,0,0,0,NULL
std,NotificationTemplate,3,ComponentGroupId,int,4,10,0,0,0,0,NULL
std,NotificationTemplate,4,ComponentId,int,4,10,0,0,0,0,NULL
std,NotificationTemplate,5,TemplateId,nvarchar,300,0,0,0,0,0,NULL
std,NotificationTemplate,6,TemplateName,nvarchar,500,0,0,0,0,0,NULL
std,NotificationTemplate,7,TemplateDescription,nvarchar,-1,0,0,1,0,0,NULL
std,NotificationTemplate,8,TemplateSubject,nvarchar,-1,0,0,1,0,0,NULL
std,NotificationTemplate,9,TemplateBody,nvarchar,-1,0,0,1,0,0,NULL
std,NotificationTemplate,10,TemplateParam,nvarchar,500,0,0,1,0,0,NULL
std,NotificationTemplate,11,IsActive,bit,1,1,0,0,0,0,NULL
std,NotificationTemplate,12,IsManual,bit,1,1,0,1,0,0,NULL
std,NotificationTemplate,13,CreatedBy,int,4,10,0,1,0,0,NULL
std,NotificationTemplate,14,CreatedDate,datetime,8,23,3,1,0,0,NULL
std,NotificationTemplate,15,UpdatedBy,int,4,10,0,1,0,0,NULL
std,NotificationTemplate,16,UpdatedDate,datetime,8,23,3,1,0,0,NULL
std,NotificationTemplate,17,IsDeleted,bit,1,1,0,1,0,0,NULL
std,NotificationTemplate,18,DeletedBy,int,4,10,0,1,0,0,NULL
std,NotificationTemplate,19,DeletedDate,datetime,8,23,3,1,0,0,NULL
std,NotificationTemplate,20,DeleteReason,nvarchar,1000,0,0,1,0,0,NULL
std,NotificationTemplate,21,SystemTemplateBody,nvarchar,-1,0,0,1,0,0,NULL
std,NotificationTemplate,22,SystemTemplateSubject,nvarchar,-1,0,0,1,0,0,NULL
std,NotificationTemplate_Backup,1,NotificationTemplateId,int,4,10,0,0,1,0,NULL
std,NotificationTemplate_Backup,2,NotificationTypeId,int,4,10,0,0,0,0,NULL
std,NotificationTemplate_Backup,3,ComponentGroupId,int,4,10,0,0,0,0,NULL
std,NotificationTemplate_Backup,4,ComponentId,int,4,10,0,0,0,0,NULL
std,NotificationTemplate_Backup,5,TemplateId,nvarchar,300,0,0,0,0,0,NULL
std,NotificationTemplate_Backup,6,TemplateName,nvarchar,500,0,0,0,0,0,NULL
std,NotificationTemplate_Backup,7,TemplateDescription,nvarchar,-1,0,0,1,0,0,NULL
std,NotificationTemplate_Backup,8,TemplateSubject,nvarchar,-1,0,0,1,0,0,NULL
std,NotificationTemplate_Backup,9,TemplateBody,nvarchar,-1,0,0,1,0,0,NULL
std,NotificationTemplate_Backup,10,TemplateParam,nvarchar,500,0,0,1,0,0,NULL
std,NotificationTemplate_Backup,11,IsActive,bit,1,1,0,0,0,0,NULL
std,NotificationTemplate_Backup,12,IsManual,bit,1,1,0,1,0,0,NULL
std,NotificationTemplate_Backup,13,CreatedBy,int,4,10,0,1,0,0,NULL
std,NotificationTemplate_Backup,14,CreatedDate,datetime,8,23,3,1,0,0,NULL
std,NotificationTemplate_Backup,15,UpdatedBy,int,4,10,0,1,0,0,NULL
std,NotificationTemplate_Backup,16,UpdatedDate,datetime,8,23,3,1,0,0,NULL
std,NotificationTemplate_Backup,17,IsDeleted,bit,1,1,0,1,0,0,NULL
std,NotificationTemplate_Backup,18,DeletedBy,int,4,10,0,1,0,0,NULL
std,NotificationTemplate_Backup,19,DeletedDate,datetime,8,23,3,1,0,0,NULL
std,NotificationTemplate_Backup,20,DeleteReason,nvarchar,1000,0,0,1,0,0,NULL
std,NotificationTemplate_Backup,21,SystemTemplateBody,nvarchar,-1,0,0,1,0,0,NULL
std,NotificationTemplate_Backup,22,SystemTemplateSubject,nvarchar,-1,0,0,1,0,0,NULL
std,Observation,1,ObservationId,int,4,10,0,0,1,0,NULL
std,Observation,2,ObservationName,nvarchar,1000,0,0,0,0,0,NULL
std,Observation,3,ObservationNameBn,nvarchar,1000,0,0,1,0,0,NULL
std,Observation,4,RequesterId,int,4,10,0,1,0,0,NULL
std,Observation,5,IsAmountMandatory,bit,1,1,0,1,0,0,NULL
std,Observation,6,Code,nvarchar,40,0,0,1,0,0,NULL
std,Observation,7,LanguageId,int,4,10,0,1,0,0,NULL
std,Observation,8,ObservationCategoryId,int,4,10,0,0,0,0,NULL
std,Observation,9,Description,nvarchar,5000,0,0,1,0,0,NULL
std,Observation,10,IsActive,bit,1,1,0,0,0,0,NULL
std,Observation,11,StartDate,date,3,10,0,1,0,0,NULL
std,Observation,12,EndDate,date,3,10,0,1,0,0,NULL
std,Observation,13,CreatedBy,int,4,10,0,1,0,0,NULL
std,Observation,14,CreatedDate,datetime,8,23,3,1,0,0,NULL
std,Observation,15,UpdatedBy,int,4,10,0,1,0,0,NULL
std,Observation,16,UpdatedDate,datetime,8,23,3,1,0,0,NULL
std,Observation,17,IsDeleted,bit,1,1,0,1,0,0,NULL
std,Observation,18,DeletedBy,int,4,10,0,1,0,0,NULL
std,Observation,19,DeletedDate,datetime,8,23,3,1,0,0,NULL
std,Observation,20,DeleteReason,nvarchar,1000,0,0,1,0,0,NULL
std,Observation,21,IsApprove,bit,1,1,0,1,0,0,NULL
std,Observation,22,ApprovedOn,datetime,8,23,3,1,0,0,NULL
std,Observation,23,ApprovedBy,int,4,10,0,1,0,0,NULL
std,Observation_TMP,1,ObservationId,int,4,10,0,0,0,0,NULL
std,Observation_TMP,2,ObservationName,nvarchar,1000,0,0,0,0,0,NULL
std,Observation_TMP,3,ObservationNameBn,nvarchar,1000,0,0,1,0,0,NULL
std,Observation_TMP,4,RequesterId,int,4,10,0,1,0,0,NULL
std,Observation_TMP,5,IsAmountMandatory,bit,1,1,0,1,0,0,NULL
std,Observation_TMP,6,Code,nvarchar,40,0,0,1,0,0,NULL
std,Observation_TMP,7,LanguageId,int,4,10,0,1,0,0,NULL
std,Observation_TMP,8,ObservationCategoryId,int,4,10,0,0,0,0,NULL
std,Observation_TMP,9,Description,nvarchar,5000,0,0,1,0,0,NULL
std,Observation_TMP,10,IsActive,bit,1,1,0,0,0,0,NULL
std,Observation_TMP,11,StartDate,date,3,10,0,1,0,0,NULL
std,Observation_TMP,12,EndDate,date,3,10,0,1,0,0,NULL
std,Observation_TMP,13,CreatedBy,int,4,10,0,1,0,0,NULL
std,Observation_TMP,14,CreatedDate,datetime,8,23,3,1,0,0,NULL
std,Observation_TMP,15,UpdatedBy,int,4,10,0,1,0,0,NULL
std,Observation_TMP,16,UpdatedDate,datetime,8,23,3,1,0,0,NULL
std,Observation_TMP,17,IsDeleted,bit,1,1,0,1,0,0,NULL
std,Observation_TMP,18,DeletedBy,int,4,10,0,1,0,0,NULL
std,Observation_TMP,19,DeletedDate,datetime,8,23,3,1,0,0,NULL
std,Observation_TMP,20,DeleteReason,nvarchar,1000,0,0,1,0,0,NULL
std,Observation_TMP,21,IsApprove,bit,1,1,0,1,0,0,NULL
std,Observation_TMP,22,ApprovedOn,datetime,8,23,3,1,0,0,NULL
std,Observation_TMP,23,ApprovedBy,int,4,10,0,1,0,0,NULL
std,ObservationCategory,1,ObservationCategoryId,int,4,10,0,0,1,0,NULL
std,ObservationCategory,2,ObservationCategoryName,nvarchar,500,0,0,0,0,0,NULL
std,ObservationCategory,3,Description,nvarchar,5000,0,0,1,0,0,NULL
std,ObservationCategory,4,IsActive,bit,1,1,0,0,0,0,NULL
std,ObservationCategory,5,StartDate,date,3,10,0,1,0,0,NULL
std,ObservationCategory,6,EndDate,date,3,10,0,1,0,0,NULL
std,ObservationCategory,7,CreatedBy,int,4,10,0,1,0,0,NULL
std,ObservationCategory,8,CreatedDate,datetime,8,23,3,1,0,0,NULL
std,ObservationCategory,9,UpdatedBy,int,4,10,0,1,0,0,NULL
std,ObservationCategory,10,UpdatedDate,datetime,8,23,3,1,0,0,NULL
std,ObservationCategory,11,IsDeleted,bit,1,1,0,1,0,0,NULL
std,ObservationCategory,12,DeletedBy,int,4,10,0,1,0,0,NULL
std,ObservationCategory,13,DeletedDate,datetime,8,23,3,1,0,0,NULL
std,ObservationCategory,14,DeleteReason,nvarchar,1000,0,0,1,0,0,NULL
std,ObservationCategory,15,DisplayOrder,int,4,10,0,1,0,0,NULL
std,ObservationCategory,16,IsIcq,bit,1,1,0,1,0,0,NULL
std,ObservationCharacteristic,1,ObservationCharacteristicId,int,4,10,0,0,1,0,NULL
std,ObservationCharacteristic,2,ObservationCharacteristicName,nvarchar,500,0,0,0,0,0,NULL
std,ObservationCharacteristic,3,ObservationCharacteristicShortName,nvarchar,100,0,0,1,0,0,NULL
std,ObservationCharacteristic,4,ShortOrderNo,int,4,10,0,1,0,0,NULL
std,ObservationCharacteristic,5,Description,nvarchar,5000,0,0,1,0,0,NULL
std,ObservationCharacteristic,6,IsActive,bit,1,1,0,1,0,0,NULL
std,ObservationCharacteristic,7,CreatedBy,int,4,10,0,1,0,0,NULL
std,ObservationCharacteristic,8,CreatedDate,datetime,8,23,3,1,0,0,NULL
std,ObservationCharacteristic,9,UpdatedBy,int,4,10,0,1,0,0,NULL
std,ObservationCharacteristic,10,UpdatedDate,datetime,8,23,3,1,0,0,NULL
std,ObservationCharacteristic,11,IsDeleted,bit,1,1,0,1,0,0,NULL
std,ObservationCharacteristic,12,DeletedBy,int,4,10,0,1,0,0,NULL
std,ObservationCharacteristic,13,DeletedDate,datetime,8,23,3,1,0,0,NULL
std,ObservationCharacteristic,14,DeleteReason,nvarchar,1000,0,0,1,0,0,NULL
std,ObservationCharacteristicDetail,1,ObservationCharacteristicDetailId,int,4,10,0,0,1,0,NULL
std,ObservationCharacteristicDetail,2,ObservationCharacteristicId,int,4,10,0,0,0,0,NULL
std,ObservationCharacteristicDetail,3,ObservationCharacteristicDetailName,nvarchar,512,0,0,0,0,0,NULL
std,ObservationCharacteristicDetail,4,ObservationCharacteristicDetailCode,nvarchar,40,0,0,1,0,0,NULL
std,ObservationCharacteristicDetail,5,Seriouseness,nvarchar,512,0,0,1,0,0,NULL
std,ObservationCharacteristicDetail,6,ColorCode,nvarchar,20,0,0,1,0,0,NULL
std,ObservationCharacteristicDetail,7,TextColor,nvarchar,20,0,0,1,0,0,NULL
std,ObservationCharacteristicDetail,8,Description,nvarchar,-1,0,0,1,0,0,NULL
std,ObservationCharacteristicDetail,9,RiskWeight,int,4,10,0,1,0,0,NULL
std,ObservationCharacteristicDetail,10,RiskFactor,int,4,10,0,1,0,0,NULL
std,ObservationCharacteristicDetail,11,IsAPR,bit,1,1,0,1,0,0,NULL
std,ObservationCharacteristicDetail,12,IsActive,bit,1,1,0,1,0,0,NULL
std,ObservationCharacteristicDetail,13,CreatedBy,int,4,10,0,1,0,0,NULL
std,ObservationCharacteristicDetail,14,CreatedDate,datetime,8,23,3,1,0,0,NULL
std,ObservationCharacteristicDetail,15,UpdatedBy,int,4,10,0,1,0,0,NULL
std,ObservationCharacteristicDetail,16,UpdatedDate,datetime,8,23,3,1,0,0,NULL
std,ObservationCharacteristicDetail,17,IsDeleted,bit,1,1,0,1,0,0,NULL
std,ObservationCharacteristicDetail,18,DeletedBy,int,4,10,0,1,0,0,NULL
std,ObservationCharacteristicDetail,19,DeletedDate,datetime,8,23,3,1,0,0,NULL
std,ObservationCharacteristicDetail,20,DeleteReason,nvarchar,1000,0,0,1,0,0,NULL
std,ObservationCharacteristicDetail,21,RiskFactorRangeTo,decimal,9,18,2,1,0,0,NULL
std,ObservationCharacteristicDetail,22,RiskFactorRangeFrom,decimal,9,18,2,1,0,0,NULL
std,ObservationCharacteristicNote,1,ObservationCharacteristicNoteId,int,4,10,0,0,1,0,NULL
std,ObservationCharacteristicNote,2,ObservationCharacteristicId,int,4,10,0,0,0,0,NULL
std,ObservationCharacteristicNote,3,ObservationCharacteristicNote,nvarchar,512,0,0,0,0,0,NULL
std,ObservationCharacteristicNote,4,IsActive,bit,1,1,0,1,0,0,NULL
std,ObservationCharacteristicNote,5,CreatedBy,int,4,10,0,1,0,0,NULL
std,ObservationCharacteristicNote,6,CreatedDate,datetime,8,23,3,1,0,0,NULL
std,ObservationCharacteristicNote,7,UpdatedBy,int,4,10,0,1,0,0,NULL
std,ObservationCharacteristicNote,8,UpdatedDate,datetime,8,23,3,1,0,0,NULL
std,ObservationCharacteristicNote,9,IsDeleted,bit,1,1,0,1,0,0,NULL
std,ObservationCharacteristicNote,10,DeletedBy,int,4,10,0,1,0,0,NULL
std,ObservationCharacteristicNote,11,DeletedDate,datetime,8,23,3,1,0,0,NULL
std,ObservationCharacteristicNote,12,DeleteReason,nvarchar,1000,0,0,1,0,0,NULL
std,ObservationDetail,1,ObservationDetailId,int,4,10,0,0,1,0,NULL
std,ObservationDetail,2,ObservationId,int,4,10,0,0,0,0,NULL
std,ObservationDetail,3,ObservationCharacteristicDetailId,int,4,10,0,0,0,0,NULL
std,ObservationDetail,4,IsActive,bit,1,1,0,0,0,0,NULL
std,ObservationDetail,5,CreateBy,int,4,10,0,0,0,0,NULL
std,ObservationDetail,6,CreateDate,datetime,8,23,3,0,0,0,NULL
std,ObservationDetail,7,ModifyBy,int,4,10,0,1,0,0,NULL
std,ObservationDetail,8,ModifyDate,datetime,8,23,3,1,0,0,NULL
std,ObservationDetail,9,IsDeleted,bit,1,1,0,1,0,0,NULL
std,ObservationDetail,10,DeletedBy,int,4,10,0,1,0,0,NULL
std,ObservationDetail,11,DeletedOn,datetime,8,23,3,1,0,0,NULL
std,ObservationKeyWord,1,ObservationKeyWordId,int,4,10,0,0,1,0,NULL
std,ObservationKeyWord,2,ObservationKeyWordName,nvarchar,500,0,0,0,0,0,NULL
std,ObservationKeyWord,3,Description,nvarchar,1000,0,0,1,0,0,NULL
std,ObservationKeyWord,4,IsActive,bit,1,1,0,1,0,0,NULL
std,ObservationKeyWord,5,CreatedBy,int,4,10,0,1,0,0,NULL
std,ObservationKeyWord,6,CreatedDate,datetime,8,23,3,1,0,0,NULL
std,ObservationKeyWord,7,UpdatedBy,int,4,10,0,1,0,0,NULL
std,ObservationKeyWord,8,UpdatedDate,datetime,8,23,3,1,0,0,NULL
std,ObservationKeyWord,9,IsDeleted,bit,1,1,0,1,0,0,NULL
std,ObservationKeyWord,10,DeletedBy,int,4,10,0,1,0,0,NULL
std,ObservationKeyWord,11,DeletedDate,datetime,8,23,3,1,0,0,NULL
std,ObservationKeyWord,12,DeleteReason,nvarchar,1000,0,0,1,0,0,NULL
std,ObservationKeyWord,13,CountryId,int,4,10,0,1,0,0,NULL
std,ObservationKeyWord,14,ProgrammeGroupId,int,4,10,0,1,0,0,NULL
std,ObservationKeyWord,15,ProgrammeId,int,4,10,0,1,0,0,NULL
std,Principal,1,PrincipalId,int,4,10,0,0,1,0,NULL
std,Principal,2,ComponentId,int,4,10,0,0,0,0,NULL
std,Principal,3,PrincipalName,nvarchar,500,0,0,0,0,0,NULL
std,Principal,4,PrincipalDescription,nvarchar,5000,0,0,1,0,0,NULL
std,Principal,5,IsActive,bit,1,1,0,0,0,0,NULL
std,Principal,6,CreatedBy,int,4,10,0,1,0,0,NULL
std,Principal,7,CreatedDate,datetime,8,23,3,1,0,0,NULL
std,Principal,8,UpdatedBy,int,4,10,0,1,0,0,NULL
std,Principal,9,UpdatedDate,datetime,8,23,3,1,0,0,NULL
std,Principal,10,IsDeleted,bit,1,1,0,1,0,0,NULL
std,Principal,11,DeletedBy,int,4,10,0,1,0,0,NULL
std,Principal,12,DeletedDate,datetime,8,23,3,1,0,0,NULL
std,Principal,13,DeleteReason,nvarchar,1000,0,0,1,0,0,NULL
std,QueryDataDictionary,1,Id,uniqueidentifier,16,0,0,0,0,0,NULL
std,QueryDataDictionary,2,FormKey,varchar,250,0,0,0,0,0,NULL
std,QueryDataDictionary,3,UserId,int,4,10,0,1,0,0,NULL
std,QueryDataDictionary,4,FormValue,nvarchar,-1,0,0,1,0,0,NULL
std,QueryDataDictionary,5,IsDeleted,bit,1,1,0,1,0,0,NULL
std,QueryDataDictionary,6,DeletedBy,int,4,10,0,1,0,0,NULL
std,QueryDataDictionary,7,DeletedDate,datetime,8,23,3,1,0,0,NULL
std,QueryDataDictionary,8,RequestedUrl,varchar,1000,0,0,1,0,0,NULL
std,QueryDataDictionary,9,IsActive,bit,1,1,0,1,0,0,((1))
std,QueryDataDictionary,10,CreatedBy,int,4,10,0,1,0,0,NULL
std,QueryDataDictionary,11,CreatedDate,datetime,8,23,3,1,0,0,(getdate())
std,QueryDataDictionary,12,UpdatedBy,int,4,10,0,1,0,0,NULL
std,QueryDataDictionary,13,UpdatedDate,datetime,8,23,3,1,0,0,NULL
std,QueryDataDictionary,14,DeleteReason,nvarchar,1000,0,0,1,0,0,NULL
std,ReportContent,1,ReportContentId,int,4,10,0,0,1,0,NULL
std,ReportContent,2,ReportContentName,nvarchar,500,0,0,0,0,0,NULL
std,ReportContent,3,Description,nvarchar,1000,0,0,1,0,0,NULL
std,ReportContent,4,IsActive,bit,1,1,0,0,0,0,NULL
std,ReportContent,5,CreatedBy,int,4,10,0,1,0,0,NULL
std,ReportContent,6,CreatedTime,datetime,8,23,3,1,0,0,NULL
std,ReportContent,7,ModifyBy,int,4,10,0,1,0,0,NULL
std,ReportContent,8,ModifyTime,datetime,8,23,3,1,0,0,NULL
std,ReportContent,9,IsDeleted,bit,1,1,0,1,0,0,NULL
std,ReportContent,10,DeletedBy,int,4,10,0,1,0,0,NULL
std,ReportContent,11,DeletedOn,datetime,8,23,3,1,0,0,NULL
std,ReportContentHeading,1,ReportContentHeadingId,int,4,10,0,0,1,0,NULL
std,ReportContentHeading,2,HeadingDataTypeId,int,4,10,0,0,0,0,NULL
std,ReportContentHeading,3,ReportContentHeadingName,nvarchar,500,0,0,0,0,0,NULL
std,ReportContentHeading,4,Description,nvarchar,1000,0,0,1,0,0,NULL
std,ReportContentHeading,5,IsActive,bit,1,1,0,0,0,0,NULL
std,ReportContentHeading,6,CreatedBy,int,4,10,0,1,0,0,NULL
std,ReportContentHeading,7,CreatedTime,datetime,8,23,3,1,0,0,NULL
std,ReportContentHeading,8,ModifyBy,int,4,10,0,1,0,0,NULL
std,ReportContentHeading,9,ModifyTime,datetime,8,23,3,1,0,0,NULL
std,ReportContentHeading,10,IsDeleted,bit,1,1,0,1,0,0,NULL
std,ReportContentHeading,11,DeletedBy,int,4,10,0,1,0,0,NULL
std,ReportContentHeading,12,DeletedOn,datetime,8,23,3,1,0,0,NULL
std,ReportTemplate,1,ReportTemplateId,int,4,10,0,0,1,0,NULL
std,ReportTemplate,2,ReportTemplateName,nvarchar,500,0,0,0,0,0,NULL
std,ReportTemplate,3,Description,nvarchar,1000,0,0,1,0,0,NULL
std,ReportTemplate,4,IsActive,bit,1,1,0,0,0,0,NULL
std,ReportTemplate,5,CreatedBy,int,4,10,0,1,0,0,NULL
std,ReportTemplate,6,CreatedTime,datetime,8,23,3,1,0,0,NULL
std,ReportTemplate,7,ModifyBy,int,4,10,0,1,0,0,NULL
std,ReportTemplate,8,ModifyTime,datetime,8,23,3,1,0,0,NULL
std,ReportTemplate,9,IsDeleted,bit,1,1,0,1,0,0,NULL
std,ReportTemplate,10,DeletedBy,int,4,10,0,1,0,0,NULL
std,ReportTemplate,11,DeletedOn,datetime,8,23,3,1,0,0,NULL
std,ReportType,1,ReportTypeId,int,4,10,0,0,1,0,NULL
std,ReportType,2,ReportTypeName,nvarchar,500,0,0,0,0,0,NULL
std,ReportType,3,Description,nvarchar,5000,0,0,1,0,0,NULL
std,ReportType,4,IsActive,bit,1,1,0,0,0,0,NULL
std,ReportType,5,IsAuditCycleConfigurable,bit,1,1,0,0,0,0,NULL
std,ReportType,6,StartDate,date,3,10,0,1,0,0,NULL
std,ReportType,7,EndDate,date,3,10,0,1,0,0,NULL
std,ReportType,8,CreatedBy,int,4,10,0,1,0,0,NULL
std,ReportType,9,CreatedDate,datetime,8,23,3,1,0,0,NULL
std,ReportType,10,UpdatedBy,int,4,10,0,1,0,0,NULL
std,ReportType,11,UpdatedDate,datetime,8,23,3,1,0,0,NULL
std,ReportType,12,IsDeleted,bit,1,1,0,1,0,0,NULL
std,ReportType,13,DeletedBy,int,4,10,0,1,0,0,NULL
std,ReportType,14,DeletedDate,datetime,8,23,3,1,0,0,NULL
std,ReportType,15,DeleteReason,nvarchar,1000,0,0,1,0,0,NULL
std,RiskCriteria,1,RiskCriteriaId,int,4,10,0,0,1,0,NULL
std,RiskCriteria,2,RiskCriteriaName,nvarchar,300,0,0,0,0,0,NULL
std,RiskCriteria,3,RiskCriteriaCategoryId,int,4,10,0,0,0,0,NULL
std,RiskCriteria,4,IsActive,bit,1,1,0,0,0,0,NULL
std,RiskCriteria,5,CreatedBy,int,4,10,0,1,0,0,NULL
std,RiskCriteria,6,CreatedDate,datetime,8,23,3,1,0,0,NULL
std,RiskCriteria,7,UpdatedBy,int,4,10,0,1,0,0,NULL
std,RiskCriteria,8,UpdatedDate,datetime,8,23,3,1,0,0,NULL
std,RiskCriteria,9,IsDeleted,bit,1,1,0,1,0,0,NULL
std,RiskCriteria,10,DeletedBy,int,4,10,0,1,0,0,NULL
std,RiskCriteria,11,DeletedDate,datetime,8,23,3,1,0,0,NULL
std,RiskCriteria,12,DeleteReason,varchar,250,0,0,1,0,0,NULL
std,RiskCriteriaCategory,1,RiskCriteriaCategoryId,int,4,10,0,0,1,0,NULL
std,RiskCriteriaCategory,2,RiskCriteriaCategoryName,nvarchar,300,0,0,0,0,0,NULL
std,RiskCriteriaCategory,3,IsActive,bit,1,1,0,0,0,0,NULL
std,RiskCriteriaCategory,4,CreatedBy,int,4,10,0,1,0,0,NULL
std,RiskCriteriaCategory,5,CreatedDate,datetime,8,23,3,1,0,0,NULL
std,RiskCriteriaCategory,6,UpdatedBy,int,4,10,0,1,0,0,NULL
std,RiskCriteriaCategory,7,UpdatedDate,datetime,8,23,3,1,0,0,NULL
std,RiskCriteriaCategory,8,IsDeleted,bit,1,1,0,1,0,0,NULL
std,RiskCriteriaCategory,9,DeletedBy,int,4,10,0,1,0,0,NULL
std,RiskCriteriaCategory,10,DeletedDate,datetime,8,23,3,1,0,0,NULL
std,RiskCriteriaCategory,11,DeletedReason,varchar,250,0,0,1,0,0,NULL
std,RiskType,1,RiskTypeId,int,4,10,0,0,1,0,NULL
std,RiskType,2,RiskLevel,int,4,10,0,0,0,0,NULL
std,RiskType,3,RiskTypeName,nvarchar,500,0,0,0,0,0,NULL
std,RiskType,4,RiskTypeCode,varchar,10,0,0,0,0,0,NULL
std,RiskType,5,ColorCode,varchar,10,0,0,1,0,0,NULL
std,RiskType,6,TextColor,varchar,10,0,0,1,0,0,NULL
std,RiskType,7,Population,int,4,10,0,1,0,0,NULL
std,RiskType,8,SamplePercentage,float,8,53,0,1,0,0,NULL
std,RiskType,9,SampleSize,int,4,10,0,1,0,0,NULL
std,RiskType,10,Description,varchar,500,0,0,1,0,0,NULL
std,RiskType,11,DisplayOrder,int,4,10,0,1,0,0,NULL
std,RiskType,12,IsActive,bit,1,1,0,0,0,0,NULL
std,RiskType,13,StartDate,date,3,10,0,0,0,0,NULL
std,RiskType,14,EndDate,date,3,10,0,1,0,0,NULL
std,RiskType,15,CreatedBy,int,4,10,0,1,0,0,NULL
std,RiskType,16,CreatedDate,datetime,8,23,3,1,0,0,NULL
std,RiskType,17,UpdatedBy,int,4,10,0,1,0,0,NULL
std,RiskType,18,UpdatedDate,datetime,8,23,3,1,0,0,NULL
std,RiskType,19,IsDeleted,bit,1,1,0,1,0,0,NULL
std,RiskType,20,DeletedBy,int,4,10,0,1,0,0,NULL
std,RiskType,21,DeletedDate,datetime,8,23,3,1,0,0,NULL
std,RiskType,22,DeleteReason,varchar,500,0,0,1,0,0,NULL
std,SchedulerMatrix,1,SchedulerMatrixId,int,4,10,0,0,1,0,NULL
std,SchedulerMatrix,2,SchedulerName,varchar,500,0,0,0,0,0,NULL
std,SchedulerMatrix,3,CronExpression,varchar,500,0,0,0,0,0,NULL
std,SchedulerMatrix,4,ExpressionMonth,int,4,10,0,1,0,0,NULL
std,SchedulerMatrix,5,ExpressionDay,int,4,10,0,1,0,0,NULL
std,SchedulerMatrix,6,ExpressionHour,int,4,10,0,1,0,0,NULL
std,SchedulerMatrix,7,ExpressionMinute,int,4,10,0,1,0,0,NULL
std,SchedulerMatrix,8,ExpressionDayOfWeek,varchar,25,0,0,1,0,0,NULL
std,SchedulerMatrix,9,ServiceUserId,int,4,10,0,1,0,0,NULL
std,SchedulerMatrix,10,IsActive,bit,1,1,0,0,0,0,NULL
std,SchedulerMatrix,11,CreatedBy,int,4,10,0,1,0,0,NULL
std,SchedulerMatrix,12,CreatedDate,datetime,8,23,3,1,0,0,NULL
std,SchedulerMatrix,13,UpdatedBy,int,4,10,0,1,0,0,NULL
std,SchedulerMatrix,14,UpdatedDate,datetime,8,23,3,1,0,0,NULL
std,SchedulerMatrix,15,IsDeleted,bit,1,1,0,1,0,0,NULL
std,SchedulerMatrix,16,DeletedBy,int,4,10,0,1,0,0,NULL
std,SchedulerMatrix,17,DeletedDate,datetime,8,23,3,1,0,0,NULL
std,SchedulerMatrix,18,DeleteReason,nvarchar,1000,0,0,1,0,0,NULL
std,StructureCategory,1,StructureCategoryId,int,4,10,0,0,1,0,NULL
std,StructureCategory,2,Name,nvarchar,150,0,0,0,0,0,NULL
std,StructureCategory,3,Description,nvarchar,500,0,0,1,0,0,NULL
std,StructureCategory,4,StructureTypeId,int,4,10,0,0,0,0,NULL
std,StructureCategory,5,CodePrefix,nvarchar,100,0,0,1,0,0,NULL
std,StructureCategory,6,IsActive,bit,1,1,0,0,0,0,NULL
std,StructureCategory,7,StartDate,date,3,10,0,1,0,0,NULL
std,StructureCategory,8,EndDate,date,3,10,0,1,0,0,NULL
std,StructureCategory,9,CreatedBy,int,4,10,0,1,0,0,NULL
std,StructureCategory,10,CreatedDate,datetime,8,23,3,1,0,0,NULL
std,StructureCategory,11,ModifyBy,int,4,10,0,1,0,0,NULL
std,StructureCategory,12,ModifyDate,datetime,8,23,3,1,0,0,NULL
std,StructureCategory,13,IsDeleted,bit,1,1,0,1,0,0,NULL
std,StructureCategory,14,DeletedBy,int,4,10,0,1,0,0,NULL
std,StructureCategory,15,DeletedOn,datetime,8,23,3,1,0,0,NULL
std,StructureElement,1,StructureElementId,int,4,10,0,0,1,0,NULL
std,StructureElement,2,Code,nvarchar,100,0,0,0,0,0,NULL
std,StructureElement,3,Name,nvarchar,150,0,0,0,0,0,NULL
std,StructureElement,4,StructureTypeId,int,4,10,0,1,0,0,NULL
std,StructureElement,5,StructureCategoryId,int,4,10,0,0,0,0,NULL
std,StructureElement,6,Remarks,nvarchar,500,0,0,1,0,0,NULL
std,StructureElement,7,IsActive,bit,1,1,0,0,0,0,NULL
std,StructureElement,8,StartDate,date,3,10,0,0,0,0,NULL
std,StructureElement,9,EndDate,date,3,10,0,1,0,0,NULL
std,StructureElement,10,CreatedBy,int,4,10,0,1,0,0,NULL
std,StructureElement,11,CreatedDate,datetime,8,23,3,1,0,0,NULL
std,StructureElement,12,ModifyBy,int,4,10,0,1,0,0,NULL
std,StructureElement,13,ModifyDate,datetime,8,23,3,1,0,0,NULL
std,StructureElement,14,IsDeleted,bit,1,1,0,1,0,0,NULL
std,StructureElement,15,DeletedBy,int,4,10,0,1,0,0,NULL
std,StructureElement,16,DeletedOn,datetime,8,23,3,1,0,0,NULL
std,StructureType,1,StructureTypeId,int,4,10,0,0,1,0,NULL
std,StructureType,2,Name,nvarchar,500,0,0,0,0,0,NULL
std,StructureType,3,Description,nvarchar,5000,0,0,1,0,0,NULL
std,StructureType,4,IsActive,bit,1,1,0,0,0,0,NULL
std,StructureType,5,StartDate,date,3,10,0,1,0,0,NULL
std,StructureType,6,EndDate,date,3,10,0,1,0,0,NULL
std,StructureType,7,CreatedBy,int,4,10,0,1,0,0,NULL
std,StructureType,8,CreatedDate,datetime,8,23,3,1,0,0,NULL
std,StructureType,9,ModifyBy,int,4,10,0,1,0,0,NULL
std,StructureType,10,ModifyDate,datetime,8,23,3,1,0,0,NULL
std,StructureType,11,IsDeleted,bit,1,1,0,1,0,0,NULL
std,StructureType,12,DeletedBy,int,4,10,0,1,0,0,NULL
std,StructureType,13,DeletedOn,datetime,8,23,3,1,0,0,NULL
std,SystemNotification,1,SystemNotificationId,uniqueidentifier,16,0,0,0,0,0,(newid())
std,SystemNotification,2,NotificationTypeId,int,4,10,0,1,0,0,NULL
std,SystemNotification,3,NotificationStatusId,int,4,10,0,1,0,0,NULL
std,SystemNotification,4,NotificationPriorityId,int,4,10,0,1,0,0,NULL
std,SystemNotification,5,SystemNotificationTitle,nvarchar,2000,0,0,0,0,0,NULL
std,SystemNotification,6,SystemNotificationContent,nvarchar,-1,0,0,1,0,0,NULL
std,SystemNotification,7,SystemNotificationJsonData,nvarchar,-1,0,0,1,0,0,NULL
std,SystemNotification,8,ScheduledDate,datetime,8,23,3,1,0,0,NULL
std,SystemNotification,9,SentDate,datetime,8,23,3,1,0,0,NULL
std,SystemNotification,10,ReadDate,datetime,8,23,3,1,0,0,NULL
std,SystemNotification,11,ExpiresDate,datetime,8,23,3,1,0,0,NULL
std,SystemNotification,12,RetryCount,int,4,10,0,0,0,0,NULL
std,SystemNotification,13,IsActive,bit,1,1,0,0,0,0,NULL
std,SystemNotification,14,CreatedBy,int,4,10,0,1,0,0,NULL
std,SystemNotification,15,CreatedDate,datetime,8,23,3,1,0,0,NULL
std,SystemNotification,16,UpdatedBy,int,4,10,0,1,0,0,NULL
std,SystemNotification,17,UpdatedDate,datetime,8,23,3,1,0,0,NULL
std,SystemNotification,18,IsDeleted,bit,1,1,0,1,0,0,NULL
std,SystemNotification,19,DeletedBy,int,4,10,0,1,0,0,NULL
std,SystemNotification,20,DeletedDate,datetime,8,23,3,1,0,0,NULL
std,SystemNotification,21,DeleteReason,nvarchar,1000,0,0,1,0,0,NULL
std,SystemNotification,22,NotificationGroupId,uniqueidentifier,16,0,0,1,0,0,NULL
std,SystemNotification,23,RecipientPin,nvarchar,100,0,0,1,0,0,NULL
std,SystemNotification,24,RecipientName,nvarchar,400,0,0,1,0,0,NULL
std,SystemNotification,25,RecipientEmail,nvarchar,400,0,0,1,0,0,NULL
std,SystemNotification,26,IsRead,bit,1,1,0,0,0,0,((0))
std,SystemNotification,27,IsCleared,bit,1,1,0,0,0,0,((0))
std,SystemNotification,28,ActionUrl,nvarchar,-1,0,0,1,0,0,NULL
std,SystemNotification,29,TemplateId,nvarchar,510,0,0,1,0,0,NULL
std,Zone,1,ZoneId,int,4,10,0,0,1,0,NULL
std,Zone,2,CountryId,int,4,10,0,1,0,0,NULL
std,Zone,3,ZoneName,nvarchar,500,0,0,0,0,0,NULL
std,Zone,4,ZoneCode,varchar,20,0,0,1,0,0,NULL
std,Zone,5,Description,nvarchar,5000,0,0,1,0,0,NULL
std,Zone,6,IsActive,bit,1,1,0,0,0,0,NULL
std,Zone,7,StartDate,date,3,10,0,1,0,0,NULL
std,Zone,8,EndDate,date,3,10,0,1,0,0,NULL
std,Zone,9,CreatedBy,int,4,10,0,1,0,0,NULL
std,Zone,10,CreatedDate,datetime,8,23,3,1,0,0,NULL
std,Zone,11,UpdatedBy,int,4,10,0,1,0,0,NULL
std,Zone,12,UpdatedDate,datetime,8,23,3,1,0,0,NULL
std,Zone,13,IsDeleted,bit,1,1,0,1,0,0,NULL
std,Zone,14,DeletedBy,int,4,10,0,1,0,0,NULL
std,Zone,15,DeletedDate,datetime,8,23,3,1,0,0,NULL
std,Zone,16,DeleteReason,nchar,20,0,0,1,0,0,NULL
std,Zone,17,DisplayOrder,int,4,10,0,1,0,0,NULL
toa,LineManager,1,LineManagerId,int,4,10,0,0,1,0,NULL
toa,LineManager,2,LineManagerPin,varchar,20,0,0,1,0,0,NULL
toa,LineManager,3,SupervisorName,nvarchar,300,0,0,1,0,0,NULL
toa,LineManager,4,SupervisorDesignation,nvarchar,300,0,0,1,0,0,NULL
toa,LineManager,5,StaffName,nvarchar,300,0,0,1,0,0,NULL
toa,LineManager,6,StaffPIN,varchar,8,0,0,0,0,0,NULL
toa,LineManager,7,StaffDesignation,nvarchar,300,0,0,1,0,0,NULL
toa,LineManager,8,StartDate,date,3,10,0,0,0,0,NULL
toa,LineManager,9,EndDate,date,3,10,0,1,0,0,NULL
toa,LineManager,10,PortfolioName,nvarchar,310,0,0,1,0,0,NULL
toa,LineManager,11,IsManual,bit,1,1,0,1,0,0,NULL
toa,LineManager,12,IsSupervisorUpdate,bit,1,1,0,1,0,0,NULL
toa,LineManager,13,IsActive,bit,1,1,0,0,0,0,NULL
toa,LineManager,14,CreatedBy,int,4,10,0,1,0,0,NULL
toa,LineManager,15,CreatedDate,datetime,8,23,3,1,0,0,NULL
toa,LineManager,16,UpdatedBy,int,4,10,0,1,0,0,NULL
toa,LineManager,17,UpdatedDate,datetime,8,23,3,1,0,0,NULL
toa,LineManager,18,IsDeleted,bit,1,1,0,1,0,0,NULL
toa,LineManager,19,DeletedBy,int,4,10,0,1,0,0,NULL
toa,LineManager,20,DeletedDate,datetime,8,23,3,1,0,0,NULL
toa,LineManager,21,DeleteReason,nvarchar,1000,0,0,1,0,0,NULL
toa,LineManager,22,StaffDesignationId,int,4,10,0,1,0,0,NULL
toa,LineManagerBak,1,LineManagerId,int,4,10,0,0,1,0,NULL
toa,LineManagerBak,2,LineManagerPin,varchar,20,0,0,1,0,0,NULL
toa,LineManagerBak,3,SupervisorName,nvarchar,300,0,0,1,0,0,NULL
toa,LineManagerBak,4,SupervisorDesignation,nvarchar,300,0,0,1,0,0,NULL
toa,LineManagerBak,5,StaffName,nvarchar,300,0,0,1,0,0,NULL
toa,LineManagerBak,6,StaffPIN,varchar,8,0,0,0,0,0,NULL
toa,LineManagerBak,7,StaffDesignation,nvarchar,300,0,0,1,0,0,NULL
toa,LineManagerBak,8,StartDate,date,3,10,0,0,0,0,NULL
toa,LineManagerBak,9,EndDate,date,3,10,0,1,0,0,NULL
toa,LineManagerBak,10,PortfolioName,nvarchar,310,0,0,1,0,0,NULL
toa,LineManagerBak,11,IsManual,bit,1,1,0,1,0,0,NULL
toa,LineManagerBak,12,IsSupervisorUpdate,bit,1,1,0,1,0,0,NULL
toa,LineManagerBak,13,IsActive,bit,1,1,0,0,0,0,NULL
toa,LineManagerBak,14,CreatedBy,int,4,10,0,1,0,0,NULL
toa,LineManagerBak,15,CreatedDate,datetime,8,23,3,1,0,0,NULL
toa,LineManagerBak,16,UpdatedBy,int,4,10,0,1,0,0,NULL
toa,LineManagerBak,17,UpdatedDate,datetime,8,23,3,1,0,0,NULL
toa,LineManagerBak,18,IsDeleted,bit,1,1,0,1,0,0,NULL
toa,LineManagerBak,19,DeletedBy,int,4,10,0,1,0,0,NULL
toa,LineManagerBak,20,DeletedDate,datetime,8,23,3,1,0,0,NULL
toa,LineManagerBak,21,DeleteReason,nvarchar,1000,0,0,1,0,0,NULL
toa,LineManagerBak,22,StaffDesignationId,int,4,10,0,1,0,0,NULL
toa,WorkflowLineManager,1,LineManagerId,int,4,10,0,0,1,0,NULL
toa,WorkflowLineManager,2,DesignationId,int,4,10,0,1,0,0,NULL
toa,WorkflowLineManager,3,LineManagerPin,varchar,20,0,0,1,0,0,NULL
toa,WorkflowLineManager,4,StaffDesignation,nvarchar,300,0,0,1,0,0,NULL
toa,WorkflowLineManager,5,StaffName,nvarchar,300,0,0,1,0,0,NULL
toa,WorkflowLineManager,6,StaffPIN,varchar,8,0,0,0,0,0,NULL
toa,WorkflowLineManager,7,IsActive,bit,1,1,0,1,0,0,NULL
toa,WorkflowLineManager,8,StartDate,date,3,10,0,1,0,0,NULL
toa,WorkflowLineManager,9,EndDate,date,3,10,0,1,0,0,NULL
toa,WorkflowLineManager,10,CreatedBy,int,4,10,0,1,0,0,NULL
toa,WorkflowLineManager,11,CreatedDate,datetime,8,23,3,1,0,0,NULL
toa,WorkflowLineManager,12,UpdatedBy,int,4,10,0,1,0,0,NULL
toa,WorkflowLineManager,13,UpdatedDate,datetime,8,23,3,1,0,0,NULL
toa,WorkflowLineManager,14,IsDeleted,bit,1,1,0,1,0,0,NULL
toa,WorkflowLineManager,15,DeletedBy,int,4,10,0,1,0,0,NULL
toa,WorkflowLineManager,16,DeletedDate,datetime,8,23,3,1,0,0,NULL
toa,WorkflowLineManager,17,DeleteReason,nvarchar,1000,0,0,1,0,0,NULL
wkf,DesignationStep,1,DesignationStepId,int,4,10,0,0,1,0,NULL
wkf,DesignationStep,2,DesignationId,int,4,10,0,1,0,0,NULL
wkf,DesignationStep,3,WorkFlowLevel,int,4,10,0,1,0,0,NULL
wkf,DesignationStep,4,IsActive,bit,1,1,0,1,0,0,NULL
wkf,DesignationStep,5,CreatedBy,int,4,10,0,1,0,0,NULL
wkf,DesignationStep,6,CreatedDate,datetime,8,23,3,1,0,0,NULL
wkf,DesignationStep,7,UpdatedBy,int,4,10,0,1,0,0,NULL
wkf,DesignationStep,8,UpdatedDate,datetime,8,23,3,1,0,0,NULL
wkf,DesignationStep,9,IsDeleted,bit,1,1,0,1,0,0,NULL
wkf,DesignationStep,10,DeletedBy,int,4,10,0,1,0,0,NULL
wkf,DesignationStep,11,DeletedDate,datetime,8,23,3,1,0,0,NULL
wkf,DesignationStep,12,DeleteReason,nchar,20,0,0,1,0,0,NULL
wkf,WorkflowItem,1,WorkflowItemId,int,4,10,0,0,1,0,NULL
wkf,WorkflowItem,2,WorkflowItemName,varchar,50,0,0,0,0,0,NULL
wkf,WorkflowItem,3,Description,nvarchar,1000,0,0,1,0,0,NULL
wkf,WorkflowItem,4,IsActive,bit,1,1,0,1,0,0,NULL
wkf,WorkflowItem,5,CreatedBy,int,4,10,0,1,0,0,NULL
wkf,WorkflowItem,6,CreatedTime,datetime,8,23,3,1,0,0,NULL
wkf,WorkflowItem,7,UpdatedBy,int,4,10,0,1,0,0,NULL
wkf,WorkflowItem,8,UpdatedTime,datetime,8,23,3,1,0,0,NULL
wkf,WorkflowItem,9,IsDeleted,bit,1,1,0,1,0,0,NULL
wkf,WorkflowItem,10,DeletedBy,int,4,10,0,1,0,0,NULL
wkf,WorkflowItem,11,DeletedOn,datetime,8,23,3,1,0,0,NULL
wkf,WorkFlowLevel,1,ResponderLevelName,varchar,250,0,0,0,0,0,NULL
wkf,WorkFlowLevel,2,ResponderLevel,int,4,10,0,0,0,0,NULL
wkf,WorkFlowLevel,3,IsActive,bit,1,1,0,1,0,0,NULL
wkf,WorkFlowLevel,4,CreatedBy,int,4,10,0,1,0,0,NULL
wkf,WorkFlowLevel,5,CreatedDate,datetime,8,23,3,1,0,0,NULL
wkf,WorkFlowLevel,6,UpdatedBy,int,4,10,0,1,0,0,NULL
wkf,WorkFlowLevel,7,UpdatedDate,datetime,8,23,3,1,0,0,NULL
wkf,WorkFlowLevel,8,IsDeleted,bit,1,1,0,1,0,0,NULL
wkf,WorkFlowLevel,9,DeletedBy,int,4,10,0,1,0,0,NULL
wkf,WorkFlowLevel,10,DeletedDate,datetime,8,23,3,1,0,0,NULL
wkf,WorkFlowLevel,11,DeleteReason,nchar,20,0,0,1,0,0,NULL
wkf,WorkflowOperation,1,WorkflowOperationId,int,4,10,0,0,1,0,NULL
wkf,WorkflowOperation,2,WorkflowProcessId,int,4,10,0,0,0,0,NULL
wkf,WorkflowOperation,3,OperationName,nvarchar,500,0,0,0,0,0,NULL
wkf,WorkflowOperation,4,Description,nvarchar,5000,0,0,1,0,0,NULL
wkf,WorkflowOperation,5,IsActive,bit,1,1,0,1,0,0,NULL
wkf,WorkflowOperation,6,CreatedBy,int,4,10,0,1,0,0,NULL
wkf,WorkflowOperation,7,CreatedDate,datetime,8,23,3,1,0,0,NULL
wkf,WorkflowOperation,8,UpdatedBy,int,4,10,0,1,0,0,NULL
wkf,WorkflowOperation,9,UpdatedDate,datetime,8,23,3,1,0,0,NULL
wkf,WorkflowOperation,10,IsDeleted,bit,1,1,0,1,0,0,NULL
wkf,WorkflowOperation,11,DeletedBy,int,4,10,0,1,0,0,NULL
wkf,WorkflowOperation,12,DeletedDate,datetime,8,23,3,1,0,0,NULL
wkf,WorkflowOperation,13,DeleteReason,nchar,20,0,0,1,0,0,NULL
wkf,WorkflowProcess,1,WorkflowProcessId,int,4,10,0,0,1,0,NULL
wkf,WorkflowProcess,2,ProcessName,varchar,100,0,0,0,0,0,NULL
wkf,WorkflowProcess,3,Description,nvarchar,1000,0,0,1,0,0,NULL
wkf,WorkflowProcess,4,IsActive,bit,1,1,0,1,0,0,NULL
wkf,WorkflowProcess,5,CreatedBy,int,4,10,0,1,0,0,NULL
wkf,WorkflowProcess,7,UpdatedBy,int,4,10,0,1,0,0,NULL
wkf,WorkflowProcess,9,IsDeleted,bit,1,1,0,1,0,0,NULL
wkf,WorkflowProcess,10,DeletedBy,int,4,10,0,1,0,0,NULL
wkf,WorkflowProcess,12,StartStepId,int,4,10,0,1,0,0,NULL
wkf,WorkflowProcess,13,EndStepId,int,4,10,0,1,0,0,NULL
wkf,WorkflowProcess,14,CreatedDate,datetime,8,23,3,1,0,0,NULL
wkf,WorkflowProcess,15,UpdatedDate,datetime,8,23,3,1,0,0,NULL
wkf,WorkflowProcess,16,DeletedDate,datetime,8,23,3,1,0,0,NULL
wkf,WorkflowProcess,17,DeleteReason,nchar,20,0,0,1,0,0,NULL
wkf,WorkflowProcessDetail,1,WorkflowProcessDetailId,int,4,10,0,0,1,0,NULL
wkf,WorkflowProcessDetail,2,DesignationId,int,4,10,0,1,0,0,NULL
wkf,WorkflowProcessDetail,3,WorkflowProcessId,int,4,10,0,1,0,0,NULL
wkf,WorkflowProcessDetail,4,StaffPin,varchar,10,0,0,1,0,0,NULL
wkf,WorkflowProcessDetail,5,StaffName,nvarchar,300,0,0,1,0,0,NULL
wkf,WorkflowProcessDetail,6,LineManagerPin,varchar,10,0,0,1,0,0,NULL
wkf,WorkflowProcessDetail,7,LineManagerPinOverride,varchar,10,0,0,1,0,0,NULL
wkf,WorkflowProcessDetail,8,WorkFlowLevel,int,4,10,0,1,0,0,NULL
wkf,WorkflowProcessDetail,9,WorkFlowLevelOverride,int,4,10,0,1,0,0,NULL
wkf,WorkflowProcessDetail,10,IsStartStep,bit,1,1,0,1,0,0,NULL
wkf,WorkflowProcessDetail,11,IsEndStep,bit,1,1,0,1,0,0,NULL
wkf,WorkflowProcessDetail,12,IsActive,bit,1,1,0,1,0,0,NULL
wkf,WorkflowProcessDetail,13,CreatedBy,int,4,10,0,1,0,0,NULL
wkf,WorkflowProcessDetail,14,CreatedDate,datetime,8,23,3,1,0,0,NULL
wkf,WorkflowProcessDetail,15,UpdatedBy,int,4,10,0,1,0,0,NULL
wkf,WorkflowProcessDetail,16,UpdatedDate,datetime,8,23,3,1,0,0,NULL
wkf,WorkflowProcessDetail,17,IsDeleted,bit,1,1,0,1,0,0,NULL
wkf,WorkflowProcessDetail,18,DeletedBy,int,4,10,0,1,0,0,NULL
wkf,WorkflowProcessDetail,19,DeletedDate,datetime,8,23,3,1,0,0,NULL
wkf,WorkflowProcessDetail,20,DeleteReason,nchar,20,0,0,1,0,0,NULL
wkf,WorkflowProcessDetail_bak,1,WorkflowProcessDetailId,int,4,10,0,0,1,0,NULL
wkf,WorkflowProcessDetail_bak,2,DesignationId,int,4,10,0,1,0,0,NULL
wkf,WorkflowProcessDetail_bak,3,WorkflowProcessId,int,4,10,0,1,0,0,NULL
wkf,WorkflowProcessDetail_bak,4,StaffPin,varchar,10,0,0,1,0,0,NULL
wkf,WorkflowProcessDetail_bak,5,StaffName,nvarchar,300,0,0,1,0,0,NULL
wkf,WorkflowProcessDetail_bak,6,LineManagerPin,varchar,10,0,0,1,0,0,NULL
wkf,WorkflowProcessDetail_bak,7,LineManagerPinOverride,varchar,10,0,0,1,0,0,NULL
wkf,WorkflowProcessDetail_bak,8,WorkFlowLevel,int,4,10,0,1,0,0,NULL
wkf,WorkflowProcessDetail_bak,9,WorkFlowLevelOverride,int,4,10,0,1,0,0,NULL
wkf,WorkflowProcessDetail_bak,10,IsStartStep,bit,1,1,0,1,0,0,NULL
wkf,WorkflowProcessDetail_bak,11,IsEndStep,bit,1,1,0,1,0,0,NULL
wkf,WorkflowProcessDetail_bak,12,IsActive,bit,1,1,0,1,0,0,NULL
wkf,WorkflowProcessDetail_bak,13,CreatedBy,int,4,10,0,1,0,0,NULL
wkf,WorkflowProcessDetail_bak,14,CreatedDate,datetime,8,23,3,1,0,0,NULL
wkf,WorkflowProcessDetail_bak,15,UpdatedBy,int,4,10,0,1,0,0,NULL
wkf,WorkflowProcessDetail_bak,16,UpdatedDate,datetime,8,23,3,1,0,0,NULL
wkf,WorkflowProcessDetail_bak,17,IsDeleted,bit,1,1,0,1,0,0,NULL
wkf,WorkflowProcessDetail_bak,18,DeletedBy,int,4,10,0,1,0,0,NULL
wkf,WorkflowProcessDetail_bak,19,DeletedDate,datetime,8,23,3,1,0,0,NULL
wkf,WorkflowProcessDetail_bak,20,DeleteReason,nchar,20,0,0,1,0,0,NULL
wkf,WorkflowProcessHistory,1,WorkflowProcessHistoryId,int,4,10,0,0,1,0,NULL
wkf,WorkflowProcessHistory,2,ProcessName,varchar,100,0,0,1,0,0,NULL
wkf,WorkflowProcessHistory,3,RefId,int,4,10,0,1,0,0,NULL
wkf,WorkflowProcessHistory,4,SourceWorkflowProcessDetailId,int,4,10,0,1,0,0,NULL
wkf,WorkflowProcessHistory,5,DestinationWorkflowProcessDetailId,int,4,10,0,1,0,0,NULL
wkf,WorkflowProcessHistory,6,SourceWorkflowLevel,int,4,10,0,1,0,0,NULL
wkf,WorkflowProcessHistory,7,DestinationWorkflowLevel,int,4,10,0,1,0,0,NULL
wkf,WorkflowProcessHistory,8,SourceDesignationId,int,4,10,0,1,0,0,NULL
wkf,WorkflowProcessHistory,9,DestinaionDesignationId,int,4,10,0,1,0,0,NULL
wkf,WorkflowProcessHistory,10,SourcePin,varchar,10,0,0,1,0,0,NULL
wkf,WorkflowProcessHistory,11,DestinationPin,varchar,10,0,0,1,0,0,NULL
wkf,WorkflowProcessHistory,12,SourceJson,nvarchar,-1,0,0,1,0,0,NULL
wkf,WorkflowProcessHistory,13,DestinationJson,nvarchar,-1,0,0,1,0,0,NULL
wkf,WorkflowProcessHistory,14,Comments,nvarchar,-1,0,0,1,0,0,NULL
wkf,WorkflowProcessHistory,15,IsActive,bit,1,1,0,1,0,0,NULL
wkf,WorkflowProcessHistory,16,CreatedBy,int,4,10,0,1,0,0,NULL
wkf,WorkflowProcessHistory,17,CreatedDate,datetime,8,23,3,1,0,0,NULL
wkf,WorkflowProcessHistory,18,UpdatedBy,int,4,10,0,1,0,0,NULL
wkf,WorkflowProcessHistory,19,UpdatedDate,datetime,8,23,3,1,0,0,NULL
wkf,WorkflowProcessHistory,20,IsDeleted,bit,1,1,0,1,0,0,NULL
wkf,WorkflowProcessHistory,21,DeletedBy,int,4,10,0,1,0,0,NULL
wkf,WorkflowProcessHistory,22,DeletedDate,datetime,8,23,3,1,0,0,NULL
wkf,WorkflowProcessHistory,23,DeleteReason,nvarchar,1000,0,0,1,0,0,NULL
wkf,WorkflowProcessHistory,24,VersionNo,int,4,10,0,1,0,0,NULL
wkf,WorkflowProcessHistory,25,ApprovalStatus,nvarchar,100,0,0,1,0,0,NULL
wkf,WorkflowProcessHistory,26,IsActionTaken,bit,1,1,0,1,0,0,((1))
